{
  "demo_inputs": {
    "constant": [
      [
        1.0,
        2.0,
        3.0,
        4.0
      ],
      [
        1.0,
        2.0,
        3.0,
        4.0
      ],
      [
        1.0,
        2.0,
        3.0,
        4.0
      ],
      [
        1.0,
        2.0,
        3.0,
        4.0
      ],
      [
        1.0,
        2.0,
        3.0,
        4.0
      ]
    ],
    "drift": [
      [
        1.0,
        0.5,
        0.25,
        0.125
      ],
      [
        1.06,
        0.535,
        0.2725,
        0.14125000000000001
      ],
      [
        1.12,
        0.5700000000000001,
        0.29500000000000004,
        0.1575
      ],
      [
        1.18,
        0.605,
        0.3175,
        0.17375
      ],
      [
        1.24,
        0.64,
        0.33999999999999997,
        0.19
      ],
      [
        1.3,
        0.675,
        0.3625,
        0.20625
      ]
    ]
  },
  "fingerprint": "95df936554257a9fe2071bcb0d76f075e83bbbdc08b97361d4e20728f1d491a9",
  "notes": "Bookkeeping only. Includes (a) an optional pinned, legacy-derived internal input report if present, plus (b) synthetic demo reports used for regression coverage. Not external evidence and not a UCFF physics claim.",
  "pinned_input": {
    "path": "C:/Users/psboy/Documents/ToE/formal/python/artifacts/input/OV-UCFF-02/legacy_phase51_coherence_drift_pair_density.json",
    "schema": "OV-UCFF-02/pinned_input_density_pair/v1",
    "shape": [
      2,
      256
    ]
  },
  "reports": {
    "demo_constant": {
      "baseline_frame_energy_l2_mean": 5.477225575051661,
      "config_tag": "OV-UCFF-02_framewise_variation_v1",
      "cross_matrix_fro_delta_max": 0.0,
      "cross_matrix_fro_delta_mean": 0.0,
      "delta_energy_l2_max": 0.0,
      "delta_energy_l2_mean": 0.0,
      "delta_energy_l2_norm_max": 0.0,
      "delta_energy_l2_norm_mean": 0.0,
      "eps": 1e-12,
      "fingerprint": "45667732d88c36dfa571e4389abbc5da95d8ba2ab96fc74b9665fbbc69c56189",
      "n_bins": 4,
      "n_frames": 5,
      "schema": "OV-UCFF-02/framewise_variation_report/v1"
    },
    "demo_drift": {
      "baseline_frame_energy_l2_mean": 1.3376002915478258,
      "config_tag": "OV-UCFF-02_framewise_variation_v1",
      "cross_matrix_fro_delta_max": 0.01341299614019636,
      "cross_matrix_fro_delta_mean": 0.01080318325596478,
      "delta_energy_l2_max": 0.07480182150188597,
      "delta_energy_l2_mean": 0.07480182150188591,
      "delta_energy_l2_norm_max": 0.06490717353623776,
      "delta_energy_l2_norm_mean": 0.057894326566926314,
      "eps": 1e-12,
      "fingerprint": "3026ee65f3c65ebc4e0041e081b4309d708342881b9f35f9cdcc08af7cb507da",
      "n_bins": 4,
      "n_frames": 6,
      "schema": "OV-UCFF-02/framewise_variation_report/v1"
    },
    "pinned": {
      "baseline_frame_energy_l2_mean": 16.953172645652568,
      "config_tag": "OV-UCFF-02_framewise_variation_v1",
      "cross_matrix_fro_delta_max": 0.5649473186923372,
      "cross_matrix_fro_delta_mean": 0.5649473186923372,
      "delta_energy_l2_max": 7.1652503384357535,
      "delta_energy_l2_mean": 7.1652503384357535,
      "delta_energy_l2_norm_max": 0.4478281461522067,
      "delta_energy_l2_norm_mean": 0.4478281461522067,
      "eps": 1e-12,
      "fingerprint": "8ab4b6aba2f437d04bfead3cd4d44dce73c9c2b57ffb2177c5bba90649afeef9",
      "n_bins": 256,
      "n_frames": 2,
      "schema": "OV-UCFF-02/framewise_variation_report/v1"
    }
  },
  "schema": "OV-UCFF-02/framewise_variation_artifact/v2"
}
