{
  "fingerprint": "543fb5829ebe6cb337ec6fa332fe28709f6df25a1c9dd8f9cedd449cfa969914",
  "notes": "Pinned reference OV-UCFF-03 report used by OV-UCFF-03B for numeric tolerance revalidation. Internal traceability anchor only (not external evidence).",
  "reference_report": {
    "band_edges": [
      0,
      16,
      32,
      48,
      64,
      80,
      96,
      112,
      129
    ],
    "band_energy_mean": [
      67636.52376607287,
      383.0737291537428,
      370.48014883286106,
      453.4389930002384,
      313.6604028102264,
      512.4190264445706,
      439.0505235189088,
      426.15291934280833
    ],
    "band_energy_norm_mean": [
      0.9616293175385544,
      0.005071567277770876,
      0.0049048390868128115,
      0.00600314295748129,
      0.004152594433293401,
      0.0067839879617025475,
      0.005812651975079755,
      0.005641898769304842
    ],
    "config_tag": "OV-UCFF-03_band_energy_distribution_v1",
    "energy_slope_mean": -8.235709128985475,
    "energy_slope_min": -14.820364464455155,
    "entropy_norm_mean": 0.1008114888176011,
    "entropy_norm_min": 5.339044173019535e-17,
    "eps": 1e-12,
    "fingerprint": "6d3589c67bf4d316410e7e7cf7de1845cc66b482a6634e214dcdd9914809ec96",
    "flatness_mean": 0.07561281198633787,
    "flatness_min": 1.544080888754093e-14,
    "legacy_E_frac_high_mean": 0.031024193233657463,
    "legacy_E_frac_low_mean": 0.9613949446478991,
    "legacy_E_frac_mid_mean": 0.007580862117509694,
    "legacy_E_frac_mid_min": 2.152689356686764e-33,
    "legacy_dx": 0.15625,
    "legacy_k_low": 2.0,
    "legacy_k_mid": 6.0,
    "n_bands": 8,
    "n_bins": 256,
    "n_fft_bins": 129,
    "n_frames": 2,
    "per_frame": [
      {
        "band_energy": [
          65536.0,
          1.1206500265704126e-28,
          9.362327457336248e-29,
          7.604683127207098e-29,
          3.7231727491833925e-29,
          6.749026379296038e-29,
          5.588428035590159e-29,
          1.0952156879550245e-28
        ],
        "band_energy_norm": [
          1.0,
          1.7099762368322947e-33,
          1.4285777980554578e-33,
          1.1603825572520596e-33,
          5.6811107623037605e-34,
          1.0298196989892635e-33,
          8.527264458603147e-34,
          1.671166516044654e-33
        ],
        "energy_slope": -14.820364464455155,
        "entropy_norm": 5.339044173019535e-17,
        "flatness": 1.544080888754093e-14,
        "legacy_three_band": {
          "E_frac_high": 6.425792009517384e-33,
          "E_frac_low": 0.9999999999989999,
          "E_frac_mid": 2.152689356686764e-33,
          "dx": 0.15625,
          "k_low": 2.0,
          "k_mid": 6.0
        },
        "t": 0
      },
      {
        "band_energy": [
          69737.04753214576,
          766.1474583074856,
          740.9602976657221,
          906.8779860004768,
          627.3208056204528,
          1024.8380528891412,
          878.1010470378176,
          852.3058386856167
        ],
        "band_energy_norm": [
          0.9232586350771088,
          0.010143134555541751,
          0.009809678173625623,
          0.01200628591496258,
          0.008305188866586802,
          0.013567975923405095,
          0.01162530395015951,
          0.011283797538609685
        ],
        "energy_slope": -1.651053793515796,
        "entropy_norm": 0.20162297763520215,
        "flatness": 0.15122562397266032,
        "legacy_three_band": {
          "E_frac_high": 0.06204838646731493,
          "E_frac_low": 0.9227898892967983,
          "E_frac_mid": 0.015161724235019387,
          "dx": 0.15625,
          "k_low": 2.0,
          "k_mid": 6.0
        },
        "t": 1
      }
    ],
    "schema": "OV-UCFF-03/band_energy_distribution_report/v2"
  },
  "schema": "OV-UCFF-03B/reference_report/v1",
  "source": {
    "fingerprint": "10ade41202d4a99551b5706603a6447938b50fe606ac8ca9597939e6614f6b0b",
    "path": "C:/Users/psboy/Documents/ToE/formal/python/artifacts/diagnostics/OV-UCFF-03/ucff_band_energy_distribution.json",
    "report_key": "pinned",
    "schema": "OV-UCFF-03/band_energy_distribution_artifact/v1"
  }
}
