peak_density_1e14_cm3,width_khz
2.94947,1.91125
2.96523,1.15728
3.13278,2.66987
3.19482,2.92275
3.64971,1.66038
3.73064,1.91125
4.43651,1.16038
4.97993,0.652633
