{
  "current_report": {
    "band_edges": [
      0,
      16,
      32,
      48,
      64,
      80,
      96,
      112,
      129
    ],
    "band_energy_mean": [
      67636.52376607287,
      383.0737291537428,
      370.48014883286106,
      453.4389930002384,
      313.6604028102264,
      512.4190264445706,
      439.0505235189088,
      426.15291934280833
    ],
    "band_energy_norm_mean": [
      0.9616293175385544,
      0.005071567277770876,
      0.0049048390868128115,
      0.00600314295748129,
      0.004152594433293401,
      0.0067839879617025475,
      0.005812651975079755,
      0.005641898769304842
    ],
    "config_tag": "OV-UCFF-03_band_energy_distribution_v1",
    "energy_slope_mean": -8.235709128985475,
    "energy_slope_min": -14.820364464455155,
    "entropy_norm_mean": 0.1008114888176011,
    "entropy_norm_min": 5.339044173019535e-17,
    "eps": 1e-12,
    "fingerprint": "6d3589c67bf4d316410e7e7cf7de1845cc66b482a6634e214dcdd9914809ec96",
    "flatness_mean": 0.07561281198633787,
    "flatness_min": 1.544080888754093e-14,
    "legacy_E_frac_high_mean": 0.031024193233657463,
    "legacy_E_frac_low_mean": 0.9613949446478991,
    "legacy_E_frac_mid_mean": 0.007580862117509694,
    "legacy_E_frac_mid_min": 2.152689356686764e-33,
    "legacy_dx": 0.15625,
    "legacy_k_low": 2.0,
    "legacy_k_mid": 6.0,
    "n_bands": 8,
    "n_bins": 256,
    "n_fft_bins": 129,
    "n_frames": 2,
    "per_frame": [
      {
        "band_energy": [
          65536.0,
          1.1206500265704126e-28,
          9.362327457336248e-29,
          7.604683127207098e-29,
          3.7231727491833925e-29,
          6.749026379296038e-29,
          5.588428035590159e-29,
          1.0952156879550245e-28
        ],
        "band_energy_norm": [
          1.0,
          1.7099762368322947e-33,
          1.4285777980554578e-33,
          1.1603825572520596e-33,
          5.6811107623037605e-34,
          1.0298196989892635e-33,
          8.527264458603147e-34,
          1.671166516044654e-33
        ],
        "energy_slope": -14.820364464455155,
        "entropy_norm": 5.339044173019535e-17,
        "flatness": 1.544080888754093e-14,
        "legacy_three_band": {
          "E_frac_high": 6.425792009517384e-33,
          "E_frac_low": 0.9999999999989999,
          "E_frac_mid": 2.152689356686764e-33,
          "dx": 0.15625,
          "k_low": 2.0,
          "k_mid": 6.0
        },
        "t": 0
      },
      {
        "band_energy": [
          69737.04753214576,
          766.1474583074856,
          740.9602976657221,
          906.8779860004768,
          627.3208056204528,
          1024.8380528891412,
          878.1010470378176,
          852.3058386856167
        ],
        "band_energy_norm": [
          0.9232586350771088,
          0.010143134555541751,
          0.009809678173625623,
          0.01200628591496258,
          0.008305188866586802,
          0.013567975923405095,
          0.01162530395015951,
          0.011283797538609685
        ],
        "energy_slope": -1.651053793515796,
        "entropy_norm": 0.20162297763520215,
        "flatness": 0.15122562397266032,
        "legacy_three_band": {
          "E_frac_high": 0.06204838646731493,
          "E_frac_low": 0.9227898892967983,
          "E_frac_mid": 0.015161724235019387,
          "dx": 0.15625,
          "k_low": 2.0,
          "k_mid": 6.0
        },
        "t": 1
      }
    ],
    "schema": "OV-UCFF-03/band_energy_distribution_report/v2"
  },
  "fingerprint": "8170967d04bbee6c333e8a42491d4acd7d1ebb1d714310780eefbfe3b7db8b20",
  "notes": "Bookkeeping only. Computes OV-UCFF-03 on the pinned internal input and compares it to a pinned reference OV-UCFF-03 report under numeric tolerances, emitting PASS/FAIL and error summaries. Not external evidence.",
  "ovucff03_source_artifact": {
    "path": "C:/Users/psboy/Documents/ToE/formal/python/artifacts/diagnostics/OV-UCFF-03/ucff_band_energy_distribution.json"
  },
  "params": {
    "atol": 1e-09,
    "eps": 1e-12,
    "legacy_k_low": 2.0,
    "legacy_k_mid": 6.0,
    "n_bands": 8,
    "rtol": 1e-06
  },
  "pinned_input": {
    "dx": 0.15625,
    "path": "C:/Users/psboy/Documents/ToE/formal/python/artifacts/input/OV-UCFF-03/legacy_phase51_coherence_drift_pair_density.json",
    "schema": "OV-UCFF-03/pinned_input_density_pair/v1",
    "shape": [
      2,
      256
    ]
  },
  "reference": {
    "path": "C:/Users/psboy/Documents/ToE/formal/python/artifacts/input/OV-UCFF-03B/reference_ovucff03_pinned_report.json",
    "schema": "OV-UCFF-03B/reference_report/v1"
  },
  "schema": "OV-UCFF-03B/band_energy_tolerance_artifact/v1",
  "tolerance_check": {
    "atol": 1e-09,
    "comparisons": [
      {
        "abs_diff": 0.0,
        "current": 0.1008114888176011,
        "field": "entropy_norm_mean",
        "pass": true,
        "reference": 0.1008114888176011,
        "rel_err": 0.0,
        "shape": []
      },
      {
        "abs_diff": 0.0,
        "current": 0.07561281198633787,
        "field": "flatness_mean",
        "pass": true,
        "reference": 0.07561281198633787,
        "rel_err": 0.0,
        "shape": []
      },
      {
        "abs_diff": 0.0,
        "current": -8.235709128985475,
        "field": "energy_slope_mean",
        "pass": true,
        "reference": -8.235709128985475,
        "rel_err": 0.0,
        "shape": []
      },
      {
        "field": "band_energy_norm_mean",
        "max_abs_diff": 0.0,
        "max_rel_err": 0.0,
        "pass": true,
        "shape": [
          8
        ]
      },
      {
        "abs_diff": 0.0,
        "current": 2.0,
        "field": "legacy_k_low",
        "pass": true,
        "reference": 2.0,
        "rel_err": 0.0,
        "shape": []
      },
      {
        "abs_diff": 0.0,
        "current": 6.0,
        "field": "legacy_k_mid",
        "pass": true,
        "reference": 6.0,
        "rel_err": 0.0,
        "shape": []
      },
      {
        "abs_diff": 0.0,
        "current": 0.15625,
        "field": "legacy_dx",
        "pass": true,
        "reference": 0.15625,
        "rel_err": 0.0,
        "shape": []
      },
      {
        "abs_diff": 0.0,
        "current": 0.9613949446478991,
        "field": "legacy_E_frac_low_mean",
        "pass": true,
        "reference": 0.9613949446478991,
        "rel_err": 0.0,
        "shape": []
      },
      {
        "abs_diff": 0.0,
        "current": 0.007580862117509694,
        "field": "legacy_E_frac_mid_mean",
        "pass": true,
        "reference": 0.007580862117509694,
        "rel_err": 0.0,
        "shape": []
      },
      {
        "abs_diff": 0.0,
        "current": 0.031024193233657463,
        "field": "legacy_E_frac_high_mean",
        "pass": true,
        "reference": 0.031024193233657463,
        "rel_err": 0.0,
        "shape": []
      }
    ],
    "current_report_fingerprint": "6d3589c67bf4d316410e7e7cf7de1845cc66b482a6634e214dcdd9914809ec96",
    "current_report_schema": "OV-UCFF-03/band_energy_distribution_report/v2",
    "fingerprint": "e796f62fe4489fa68727e07ec68b30de2c7b06ae464d24bdaeb60aa4779ab06d",
    "notes": "Numeric tolerance check between a freshly computed OV-UCFF-03 report and a pinned reference report. PASS/FAIL is purely internal consistency; not an external validation.",
    "pass_all": true,
    "reference_report_fingerprint": "6d3589c67bf4d316410e7e7cf7de1845cc66b482a6634e214dcdd9914809ec96",
    "reference_report_schema": "OV-UCFF-03/band_energy_distribution_report/v2",
    "rtol": 1e-06,
    "schema": "OV-UCFF-03B/tolerance_check_report/v1"
  }
}
