vector_class,lambda_index,lambda_m,gap_index,gap_m,harmonic,quadrature,value_N_m
YUKAWA,GRID_00,+1.00000000000000008e-05,0,+1.00000000000000005e-04,2,RE,+3.81419539773106896e-42
YUKAWA,GRID_00,+1.00000000000000008e-05,0,+1.00000000000000005e-04,2,IM,+8.34818497686752211e-30
YUKAWA,GRID_00,+1.00000000000000008e-05,0,+1.00000000000000005e-04,4,RE,+3.80167881230672326e-42
YUKAWA,GRID_00,+1.00000000000000008e-05,0,+1.00000000000000005e-04,4,IM,+1.66761787895802622e-29
YUKAWA,GRID_00,+1.00000000000000008e-05,0,+1.00000000000000005e-04,6,RE,+3.78214582569195861e-42
YUKAWA,GRID_00,+1.00000000000000008e-05,0,+1.00000000000000005e-04,6,IM,+2.49638396834015064e-29
YUKAWA,GRID_00,+1.00000000000000008e-05,1,+1.21152765862858885e-04,2,RE,+4.57265569674736393e-43
YUKAWA,GRID_00,+1.00000000000000008e-05,1,+1.21152765862858885e-04,2,IM,+1.00824597184286044e-30
YUKAWA,GRID_00,+1.00000000000000008e-05,1,+1.21152765862858885e-04,4,RE,+4.55968306309165041e-43
YUKAWA,GRID_00,+1.00000000000000008e-05,1,+1.21152765862858885e-04,4,IM,+2.01405321008614021e-30
YUKAWA,GRID_00,+1.00000000000000008e-05,1,+1.21152765862858885e-04,6,RE,+4.52561813041902778e-43
YUKAWA,GRID_00,+1.00000000000000008e-05,1,+1.21152765862858885e-04,6,IM,+3.01498895044834289e-30
YUKAWA,GRID_00,+1.00000000000000008e-05,2,+1.46779926762206892e-04,2,RE,-3.39232213727609971e-44
YUKAWA,GRID_00,+1.00000000000000008e-05,2,+1.46779926762206892e-04,2,IM,+7.78654497052356401e-32
YUKAWA,GRID_00,+1.00000000000000008e-05,2,+1.46779926762206892e-04,4,RE,-3.38144852892111733e-44
YUKAWA,GRID_00,+1.00000000000000008e-05,2,+1.46779926762206892e-04,4,IM,+1.55542544151636263e-31
YUKAWA,GRID_00,+1.00000000000000008e-05,2,+1.46779926762206892e-04,6,RE,-3.35592245887192196e-44
YUKAWA,GRID_00,+1.00000000000000008e-05,2,+1.46779926762206892e-04,6,IM,+2.32843389265806067e-31
YUKAWA,GRID_00,+1.00000000000000008e-05,3,+1.77827941003892270e-04,2,RE,-1.54308819905399269e-45
YUKAWA,GRID_00,+1.00000000000000008e-05,3,+1.77827941003892270e-04,2,IM,+3.49820559634803102e-33
YUKAWA,GRID_00,+1.00000000000000008e-05,3,+1.77827941003892270e-04,4,RE,-1.53585255316092829e-45
YUKAWA,GRID_00,+1.00000000000000008e-05,3,+1.77827941003892270e-04,4,IM,+6.98794824812591950e-33
YUKAWA,GRID_00,+1.00000000000000008e-05,3,+1.77827941003892270e-04,6,RE,-1.52698848379819137e-45
YUKAWA,GRID_00,+1.00000000000000008e-05,3,+1.77827941003892270e-04,6,IM,+1.04607857402511671e-32
YUKAWA,GRID_00,+1.00000000000000008e-05,4,+2.15443469003188449e-04,2,RE,+3.62420937159552166e-47
YUKAWA,GRID_00,+1.00000000000000008e-05,4,+2.15443469003188449e-04,2,IM,+8.15257643442476686e-35
YUKAWA,GRID_00,+1.00000000000000008e-05,4,+2.15443469003188449e-04,4,RE,+3.61729750385824242e-47
YUKAWA,GRID_00,+1.00000000000000008e-05,4,+2.15443469003188449e-04,4,IM,+1.62854275314537533e-34
YUKAWA,GRID_00,+1.00000000000000008e-05,4,+2.15443469003188449e-04,6,RE,+3.59543834435767526e-47
YUKAWA,GRID_00,+1.00000000000000008e-05,4,+2.15443469003188449e-04,6,IM,+2.43788762930085089e-34
YUKAWA,GRID_00,+1.00000000000000008e-05,5,+2.61015721568253574e-04,2,RE,+3.77777497387040409e-49
YUKAWA,GRID_00,+1.00000000000000008e-05,5,+2.61015721568253574e-04,2,IM,+8.57806652244994661e-37
YUKAWA,GRID_00,+1.00000000000000008e-05,5,+2.61015721568253574e-04,4,RE,+3.77385285648309703e-49
YUKAWA,GRID_00,+1.00000000000000008e-05,5,+2.61015721568253574e-04,4,IM,+1.71353750591131381e-36
YUKAWA,GRID_00,+1.00000000000000008e-05,5,+2.61015721568253574e-04,6,RE,+3.73663858687012913e-49
YUKAWA,GRID_00,+1.00000000000000008e-05,5,+2.61015721568253574e-04,6,IM,+2.56512185245076865e-36
YUKAWA,GRID_00,+1.00000000000000008e-05,6,+3.16227766016837939e-04,2,RE,+1.50108402196651560e-51
YUKAWA,GRID_00,+1.00000000000000008e-05,6,+3.16227766016837939e-04,2,IM,+3.44401873338751417e-39
YUKAWA,GRID_00,+1.00000000000000008e-05,6,+3.16227766016837939e-04,4,RE,+1.49436967925088813e-51
YUKAWA,GRID_00,+1.00000000000000008e-05,6,+3.16227766016837939e-04,4,IM,+6.87970173242114814e-39
YUKAWA,GRID_00,+1.00000000000000008e-05,6,+3.16227766016837939e-04,6,RE,+1.48638309217663007e-51
YUKAWA,GRID_00,+1.00000000000000008e-05,6,+3.16227766016837939e-04,6,IM,+1.02987337178519379e-38
YUKAWA,GRID_00,+1.00000000000000008e-05,7,+3.83118684955728529e-04,2,RE,-1.87894866868907518e-54
YUKAWA,GRID_00,+1.00000000000000008e-05,7,+3.83118684955728529e-04,2,IM,+4.30328392101554411e-42
YUKAWA,GRID_00,+1.00000000000000008e-05,7,+3.83118684955728529e-04,4,RE,-1.87107277048264701e-54
YUKAWA,GRID_00,+1.00000000000000008e-05,7,+3.83118684955728529e-04,4,IM,+8.59614990234456319e-42
YUKAWA,GRID_00,+1.00000000000000008e-05,7,+3.83118684955728529e-04,6,RE,-1.86306565051644217e-54
YUKAWA,GRID_00,+1.00000000000000008e-05,7,+3.83118684955728529e-04,6,IM,+1.28682055927330189e-41
YUKAWA,GRID_00,+1.00000000000000008e-05,8,+4.64158883361277732e-04,2,RE,-5.83379168318377681e-58
YUKAWA,GRID_00,+1.00000000000000008e-05,8,+4.64158883361277732e-04,2,IM,+1.30718755462104122e-45
YUKAWA,GRID_00,+1.00000000000000008e-05,8,+4.64158883361277732e-04,4,RE,-5.80769340085205797e-58
YUKAWA,GRID_00,+1.00000000000000008e-05,8,+4.64158883361277732e-04,4,IM,+2.61120955115529900e-45
YUKAWA,GRID_00,+1.00000000000000008e-05,8,+4.64158883361277732e-04,6,RE,-5.78468157992091683e-58
YUKAWA,GRID_00,+1.00000000000000008e-05,8,+4.64158883361277732e-04,6,IM,+3.90890821584415347e-45
YUKAWA,GRID_00,+1.00000000000000008e-05,9,+5.62341325190349097e-04,2,RE,-3.24232299594804825e-62
YUKAWA,GRID_00,+1.00000000000000008e-05,9,+5.62341325190349097e-04,2,IM,+7.15694227350005906e-50
YUKAWA,GRID_00,+1.00000000000000008e-05,9,+5.62341325190349097e-04,4,RE,-3.23055267361538559e-62
YUKAWA,GRID_00,+1.00000000000000008e-05,9,+5.62341325190349097e-04,4,IM,+1.42965462733083401e-49
YUKAWA,GRID_00,+1.00000000000000008e-05,9,+5.62341325190349097e-04,6,RE,-3.21790107184554344e-62
YUKAWA,GRID_00,+1.00000000000000008e-05,9,+5.62341325190349097e-04,6,IM,+2.14015164252251239e-49
YUKAWA,GRID_00,+1.00000000000000008e-05,10,+6.81292069057960856e-04,2,RE,-2.62914383307211377e-67
YUKAWA,GRID_00,+1.00000000000000008e-05,10,+6.81292069057960856e-04,2,IM,+4.91491528603913010e-55
YUKAWA,GRID_00,+1.00000000000000008e-05,10,+6.81292069057960856e-04,4,RE,-2.61421386483059818e-67
YUKAWA,GRID_00,+1.00000000000000008e-05,10,+6.81292069057960856e-04,4,IM,+9.81791795359209360e-55
YUKAWA,GRID_00,+1.00000000000000008e-05,10,+6.81292069057960856e-04,6,RE,-2.60161615437278809e-67
YUKAWA,GRID_00,+1.00000000000000008e-05,10,+6.81292069057960856e-04,6,IM,+1.46971247776452730e-54
YUKAWA,GRID_00,+1.00000000000000008e-05,11,+8.25404185268018118e-04,2,RE,+1.07845223677747819e-73
YUKAWA,GRID_00,+1.00000000000000008e-05,11,+8.25404185268018118e-04,2,IM,+2.72852528546951044e-61
YUKAWA,GRID_00,+1.00000000000000008e-05,11,+8.25404185268018118e-04,4,RE,+1.07495290362813339e-73
YUKAWA,GRID_00,+1.00000000000000008e-05,11,+8.25404185268018118e-04,4,IM,+5.45043305513479461e-61
YUKAWA,GRID_00,+1.00000000000000008e-05,11,+8.25404185268018118e-04,6,RE,+1.06772176614110855e-73
YUKAWA,GRID_00,+1.00000000000000008e-05,11,+8.25404185268018118e-04,6,IM,+8.15912216162287780e-61
YUKAWA,GRID_00,+1.00000000000000008e-05,12,+1.00000000000000002e-03,2,RE,+2.74215918508413791e-81
YUKAWA,GRID_00,+1.00000000000000008e-05,12,+1.00000000000000002e-03,2,IM,+7.19136128904341394e-69
YUKAWA,GRID_00,+1.00000000000000008e-05,12,+1.00000000000000002e-03,4,RE,+2.73200282031743000e-81
YUKAWA,GRID_00,+1.00000000000000008e-05,12,+1.00000000000000002e-03,4,IM,+1.43652667823998150e-68
YUKAWA,GRID_00,+1.00000000000000008e-05,12,+1.00000000000000002e-03,6,RE,+2.71207484508054419e-81
YUKAWA,GRID_00,+1.00000000000000008e-05,12,+1.00000000000000002e-03,6,IM,+2.15043040002734246e-68
YUKAWA,GRID_00,+1.00000000000000008e-05,13,+1.21152765862858765e-03,2,RE,+1.73554941384989259e-90
YUKAWA,GRID_00,+1.00000000000000008e-05,13,+1.21152765862858765e-03,2,IM,+4.72160105075304099e-78
YUKAWA,GRID_00,+1.00000000000000008e-05,13,+1.21152765862858765e-03,4,RE,+1.72744331117498477e-90
YUKAWA,GRID_00,+1.00000000000000008e-05,13,+1.21152765862858765e-03,4,IM,+9.43172854855828598e-78
YUKAWA,GRID_00,+1.00000000000000008e-05,13,+1.21152765862858765e-03,6,RE,+1.71389988441611924e-90
YUKAWA,GRID_00,+1.00000000000000008e-05,13,+1.21152765862858765e-03,6,IM,+1.41189375328301866e-77
YUKAWA,GRID_00,+1.00000000000000008e-05,14,+1.46779926762206914e-03,2,RE,+1.25053184927311106e-101
YUKAWA,GRID_00,+1.00000000000000008e-05,14,+1.46779926762206914e-03,2,IM,+3.53514239959953489e-89
YUKAWA,GRID_00,+1.00000000000000008e-05,14,+1.46779926762206914e-03,4,RE,+1.24478051257603495e-101
YUKAWA,GRID_00,+1.00000000000000008e-05,14,+1.46779926762206914e-03,4,IM,+7.06168155588252835e-89
YUKAWA,GRID_00,+1.00000000000000008e-05,14,+1.46779926762206914e-03,6,RE,+1.23654801681307266e-101
YUKAWA,GRID_00,+1.00000000000000008e-05,14,+1.46779926762206914e-03,6,IM,+1.05710357872489651e-88
YUKAWA,GRID_00,+1.00000000000000008e-05,15,+1.77827941003892275e-03,2,RE,+3.93430696330015401e-115
YUKAWA,GRID_00,+1.00000000000000008e-05,15,+1.77827941003892275e-03,2,IM,+1.17107074858369933e-102
YUKAWA,GRID_00,+1.00000000000000008e-05,15,+1.77827941003892275e-03,4,RE,+3.92025272500275243e-115
YUKAWA,GRID_00,+1.00000000000000008e-05,15,+1.77827941003892275e-03,4,IM,+2.33928572983225406e-102
YUKAWA,GRID_00,+1.00000000000000008e-05,15,+1.77827941003892275e-03,6,RE,+3.87650835671196125e-115
YUKAWA,GRID_00,+1.00000000000000008e-05,15,+1.77827941003892275e-03,6,IM,+3.50179638901936530e-102
YUKAWA,GRID_00,+1.00000000000000008e-05,16,+2.15443469003188210e-03,2,RE,+1.72318162306566180e-131
YUKAWA,GRID_00,+1.00000000000000008e-05,16,+2.15443469003188210e-03,2,IM,+5.45022422955191166e-119
YUKAWA,GRID_00,+1.00000000000000008e-05,16,+2.15443469003188210e-03,4,RE,+1.71513251432051655e-131
YUKAWA,GRID_00,+1.00000000000000008e-05,16,+2.15443469003188210e-03,4,IM,+1.08871199091679253e-118
YUKAWA,GRID_00,+1.00000000000000008e-05,16,+2.15443469003188210e-03,6,RE,+1.70219915663038163e-131
YUKAWA,GRID_00,+1.00000000000000008e-05,16,+2.15443469003188210e-03,6,IM,+1.62973925102811282e-118
YUKAWA,GRID_00,+1.00000000000000008e-05,17,+2.61015721568253574e-03,2,RE,+2.67058931325624814e-151
YUKAWA,GRID_00,+1.00000000000000008e-05,17,+2.61015721568253574e-03,2,IM,+8.87701091780846880e-139
YUKAWA,GRID_00,+1.00000000000000008e-05,17,+2.61015721568253574e-03,4,RE,+2.66136549393068911e-151
YUKAWA,GRID_00,+1.00000000000000008e-05,17,+2.61015721568253574e-03,4,IM,+1.77322261849019194e-138
YUKAWA,GRID_00,+1.00000000000000008e-05,17,+2.61015721568253574e-03,6,RE,+2.62964397909619794e-151
YUKAWA,GRID_00,+1.00000000000000008e-05,17,+2.61015721568253574e-03,6,IM,+2.65439066089078722e-138
YUKAWA,GRID_00,+1.00000000000000008e-05,18,+3.16227766016837939e-03,2,RE,+2.64901217310278551e-175
YUKAWA,GRID_00,+1.00000000000000008e-05,18,+3.16227766016837939e-03,2,IM,+9.39254436801526484e-163
YUKAWA,GRID_00,+1.00000000000000008e-05,18,+3.16227766016837939e-03,4,RE,+2.63700211131712880e-175
YUKAWA,GRID_00,+1.00000000000000008e-05,18,+3.16227766016837939e-03,4,IM,+1.87618949888303415e-162
YUKAWA,GRID_00,+1.00000000000000008e-05,18,+3.16227766016837939e-03,6,RE,+2.61216141015767793e-175
YUKAWA,GRID_00,+1.00000000000000008e-05,18,+3.16227766016837939e-03,6,IM,+2.80849194461564219e-162
YUKAWA,GRID_00,+1.00000000000000008e-05,19,+3.83118684955728508e-03,2,RE,+2.19619785682839860e-204
YUKAWA,GRID_00,+1.00000000000000008e-05,19,+3.83118684955728508e-03,2,IM,+8.39244130920953520e-192
YUKAWA,GRID_00,+1.00000000000000008e-05,19,+3.83118684955728508e-03,4,RE,+2.18483510483794732e-204
YUKAWA,GRID_00,+1.00000000000000008e-05,19,+3.83118684955728508e-03,4,IM,+1.67639858615849361e-191
YUKAWA,GRID_00,+1.00000000000000008e-05,19,+3.83118684955728508e-03,6,RE,+2.16404930538631474e-204
YUKAWA,GRID_00,+1.00000000000000008e-05,19,+3.83118684955728508e-03,6,IM,+2.50937937809270944e-191
YUKAWA,GRID_00,+1.00000000000000008e-05,20,+4.64158883361277721e-03,2,RE,+1.29951814973578604e-239
YUKAWA,GRID_00,+1.00000000000000008e-05,20,+4.64158883361277721e-03,2,IM,+5.34687537808740118e-227
YUKAWA,GRID_00,+1.00000000000000008e-05,20,+4.64158883361277721e-03,4,RE,+1.29094048881480723e-239
YUKAWA,GRID_00,+1.00000000000000008e-05,20,+4.64158883361277721e-03,4,IM,+1.06802748399665078e-226
YUKAWA,GRID_00,+1.00000000000000008e-05,20,+4.64158883361277721e-03,6,RE,+1.27883834955726100e-239
YUKAWA,GRID_00,+1.00000000000000008e-05,20,+4.64158883361277721e-03,6,IM,+1.59867606669480631e-226
YUKAWA,GRID_00,+1.00000000000000008e-05,21,+5.62341325190349097e-03,2,RE,-1.81482157003971707e-281
YUKAWA,GRID_00,+1.00000000000000008e-05,21,+5.62341325190349097e-03,2,IM,+1.21604374362861979e-269
YUKAWA,GRID_00,+1.00000000000000008e-05,21,+5.62341325190349097e-03,4,RE,-1.80930558284537812e-281
YUKAWA,GRID_00,+1.00000000000000008e-05,21,+5.62341325190349097e-03,4,IM,+2.42896769792628570e-269
YUKAWA,GRID_00,+1.00000000000000008e-05,21,+5.62341325190349097e-03,6,RE,-1.80019126862394038e-281
YUKAWA,GRID_00,+1.00000000000000008e-05,21,+5.62341325190349097e-03,6,IM,+3.63566142392678870e-269
YUKAWA,GRID_00,+1.00000000000000008e-05,22,+6.81292069057960834e-03,2,RE,+0.00000000000000000e+00
YUKAWA,GRID_00,+1.00000000000000008e-05,22,+6.81292069057960834e-03,2,IM,+2.54443807608241970e-321
YUKAWA,GRID_00,+1.00000000000000008e-05,22,+6.81292069057960834e-03,4,RE,+0.00000000000000000e+00
YUKAWA,GRID_00,+1.00000000000000008e-05,22,+6.81292069057960834e-03,4,IM,+5.07899483924801447e-321
YUKAWA,GRID_00,+1.00000000000000008e-05,22,+6.81292069057960834e-03,6,RE,+0.00000000000000000e+00
YUKAWA,GRID_00,+1.00000000000000008e-05,22,+6.81292069057960834e-03,6,IM,+7.60367028949678431e-321
YUKAWA,GRID_00,+1.00000000000000008e-05,23,+8.25404185268018183e-03,2,RE,+0.00000000000000000e+00
YUKAWA,GRID_00,+1.00000000000000008e-05,23,+8.25404185268018183e-03,2,IM,+0.00000000000000000e+00
YUKAWA,GRID_00,+1.00000000000000008e-05,23,+8.25404185268018183e-03,4,RE,+0.00000000000000000e+00
YUKAWA,GRID_00,+1.00000000000000008e-05,23,+8.25404185268018183e-03,4,IM,+0.00000000000000000e+00
YUKAWA,GRID_00,+1.00000000000000008e-05,23,+8.25404185268018183e-03,6,RE,+0.00000000000000000e+00
YUKAWA,GRID_00,+1.00000000000000008e-05,23,+8.25404185268018183e-03,6,IM,+0.00000000000000000e+00
YUKAWA,GRID_00,+1.00000000000000008e-05,24,+1.00000000000000002e-02,2,RE,+0.00000000000000000e+00
YUKAWA,GRID_00,+1.00000000000000008e-05,24,+1.00000000000000002e-02,2,IM,+0.00000000000000000e+00
YUKAWA,GRID_00,+1.00000000000000008e-05,24,+1.00000000000000002e-02,4,RE,+0.00000000000000000e+00
YUKAWA,GRID_00,+1.00000000000000008e-05,24,+1.00000000000000002e-02,4,IM,+0.00000000000000000e+00
YUKAWA,GRID_00,+1.00000000000000008e-05,24,+1.00000000000000002e-02,6,RE,+0.00000000000000000e+00
YUKAWA,GRID_00,+1.00000000000000008e-05,24,+1.00000000000000002e-02,6,IM,+0.00000000000000000e+00
YUKAWA,GRID_01,+1.46779926762207055e-05,0,+1.00000000000000005e-04,2,RE,+3.57124989205222794e-40
YUKAWA,GRID_01,+1.46779926762207055e-05,0,+1.00000000000000005e-04,2,IM,+1.52336482814581914e-27
YUKAWA,GRID_01,+1.46779926762207055e-05,0,+1.00000000000000005e-04,4,RE,+3.54740670574754458e-40
YUKAWA,GRID_01,+1.46779926762207055e-05,0,+1.00000000000000005e-04,4,IM,+3.04287654929699176e-27
YUKAWA,GRID_01,+1.46779926762207055e-05,0,+1.00000000000000005e-04,6,RE,+3.49984462163440891e-40
YUKAWA,GRID_01,+1.46779926762207055e-05,0,+1.00000000000000005e-04,6,IM,+4.55469310473761283e-27
YUKAWA,GRID_01,+1.46779926762207055e-05,1,+1.21152765862858885e-04,2,RE,+8.42246770554985452e-41
YUKAWA,GRID_01,+1.46779926762207055e-05,1,+1.21152765862858885e-04,2,IM,+3.60461802575727569e-28
YUKAWA,GRID_01,+1.46779926762207055e-05,1,+1.21152765862858885e-04,4,RE,+8.31740321805355595e-41
YUKAWA,GRID_01,+1.46779926762207055e-05,1,+1.21152765862858885e-04,4,IM,+7.20011389823647331e-28
YUKAWA,GRID_01,+1.46779926762207055e-05,1,+1.21152765862858885e-04,6,RE,+8.28757218130042700e-41
YUKAWA,GRID_01,+1.46779926762207055e-05,1,+1.21152765862858885e-04,6,IM,+1.07773916653373525e-27
YUKAWA,GRID_01,+1.46779926762207055e-05,2,+1.46779926762206892e-04,2,RE,-2.21036194592142655e-41
YUKAWA,GRID_01,+1.46779926762207055e-05,2,+1.46779926762206892e-04,2,IM,+6.28791336346144116e-29
YUKAWA,GRID_01,+1.46779926762207055e-05,2,+1.46779926762206892e-04,4,RE,-2.20057200311858707e-41
YUKAWA,GRID_01,+1.46779926762207055e-05,2,+1.46779926762206892e-04,4,IM,+1.25599036701095276e-28
YUKAWA,GRID_01,+1.46779926762207055e-05,2,+1.46779926762206892e-04,6,RE,-2.19769614447273552e-41
YUKAWA,GRID_01,+1.46779926762207055e-05,2,+1.46779926762206892e-04,6,IM,+1.88000936931846799e-28
YUKAWA,GRID_01,+1.46779926762207055e-05,3,+1.77827941003892270e-04,2,RE,-2.76200173928890879e-42
YUKAWA,GRID_01,+1.46779926762207055e-05,3,+1.77827941003892270e-04,2,IM,+7.58117167776081220e-30
YUKAWA,GRID_01,+1.46779926762207055e-05,3,+1.77827941003892270e-04,4,RE,-2.76382343053170424e-42
YUKAWA,GRID_01,+1.46779926762207055e-05,3,+1.77827941003892270e-04,4,IM,+1.51431301213647937e-29
YUKAWA,GRID_01,+1.46779926762207055e-05,3,+1.77827941003892270e-04,6,RE,-2.76084795117455225e-42
YUKAWA,GRID_01,+1.46779926762207055e-05,3,+1.77827941003892270e-04,6,IM,+2.26667175364035963e-29
YUKAWA,GRID_01,+1.46779926762207055e-05,4,+2.15443469003188449e-04,2,RE,+1.37765363909398094e-43
YUKAWA,GRID_01,+1.46779926762207055e-05,4,+2.15443469003188449e-04,2,IM,+5.84270097690672690e-31
YUKAWA,GRID_01,+1.46779926762207055e-05,4,+2.15443469003188449e-04,4,RE,+1.37044037884734209e-43
YUKAWA,GRID_01,+1.46779926762207055e-05,4,+2.15443469003188449e-04,4,IM,+1.16705802179087381e-30
YUKAWA,GRID_01,+1.46779926762207055e-05,4,+2.15443469003188449e-04,6,RE,+1.35274853712412778e-43
YUKAWA,GRID_01,+1.46779926762207055e-05,4,+2.15443469003188449e-04,6,IM,+1.74688588870987619e-30
YUKAWA,GRID_01,+1.46779926762207055e-05,5,+2.61015721568253574e-04,2,RE,+5.82533733491567786e-45
YUKAWA,GRID_01,+1.46779926762207055e-05,5,+2.61015721568253574e-04,2,IM,+2.61833061058546509e-32
YUKAWA,GRID_01,+1.46779926762207055e-05,5,+2.61015721568253574e-04,4,RE,+5.82656046997346184e-45
YUKAWA,GRID_01,+1.46779926762207055e-05,5,+2.61015721568253574e-04,4,IM,+5.23001114799432691e-32
YUKAWA,GRID_01,+1.46779926762207055e-05,5,+2.61015721568253574e-04,6,RE,+5.77138495521073582e-45
YUKAWA,GRID_01,+1.46779926762207055e-05,5,+2.61015721568253574e-04,6,IM,+7.82841085950195155e-32
YUKAWA,GRID_01,+1.46779926762207055e-05,6,+3.16227766016837939e-04,2,RE,+1.38819648544408348e-46
YUKAWA,GRID_01,+1.46779926762207055e-05,6,+3.16227766016837939e-04,2,IM,+6.08354433477795169e-34
YUKAWA,GRID_01,+1.46779926762207055e-05,6,+3.16227766016837939e-04,4,RE,+1.37985298663141256e-46
YUKAWA,GRID_01,+1.46779926762207055e-05,6,+3.16227766016837939e-04,4,IM,+1.21516149961695802e-33
YUKAWA,GRID_01,+1.46779926762207055e-05,6,+3.16227766016837939e-04,6,RE,+1.36381076810001225e-46
YUKAWA,GRID_01,+1.46779926762207055e-05,6,+3.16227766016837939e-04,6,IM,+1.81887834735025127e-33
YUKAWA,GRID_01,+1.46779926762207055e-05,7,+3.83118684955728529e-04,2,RE,-2.29425539804413426e-48
YUKAWA,GRID_01,+1.46779926762207055e-05,7,+3.83118684955728529e-04,2,IM,+6.37763508507821813e-36
YUKAWA,GRID_01,+1.46779926762207055e-05,7,+3.83118684955728529e-04,4,RE,-2.29376612977104442e-48
YUKAWA,GRID_01,+1.46779926762207055e-05,7,+3.83118684955728529e-04,4,IM,+1.27390192222659285e-35
YUKAWA,GRID_01,+1.46779926762207055e-05,7,+3.83118684955728529e-04,6,RE,-2.28920065411709517e-48
YUKAWA,GRID_01,+1.46779926762207055e-05,7,+3.83118684955728529e-04,6,IM,+1.90679491625935380e-35
YUKAWA,GRID_01,+1.46779926762207055e-05,8,+4.64158883361277732e-04,2,RE,-9.78632021432387141e-51
YUKAWA,GRID_01,+1.46779926762207055e-05,8,+4.64158883361277732e-04,2,IM,+2.54926266947660406e-38
YUKAWA,GRID_01,+1.46779926762207055e-05,8,+4.64158883361277732e-04,4,RE,-9.72817113473483617e-51
YUKAWA,GRID_01,+1.46779926762207055e-05,8,+4.64158883361277732e-04,4,IM,+5.09201504389001544e-38
YUKAWA,GRID_01,+1.46779926762207055e-05,8,+4.64158883361277732e-04,6,RE,-9.73529978751327552e-51
YUKAWA,GRID_01,+1.46779926762207055e-05,8,+4.64158883361277732e-04,6,IM,+7.62176606912923902e-38
YUKAWA,GRID_01,+1.46779926762207055e-05,9,+5.62341325190349097e-04,2,RE,-1.21604184802804188e-53
YUKAWA,GRID_01,+1.46779926762207055e-05,9,+5.62341325190349097e-04,2,IM,+3.16834604397499916e-41
YUKAWA,GRID_01,+1.46779926762207055e-05,9,+5.62341325190349097e-04,4,RE,-1.21114679434458335e-53
YUKAWA,GRID_01,+1.46779926762207055e-05,9,+5.62341325190349097e-04,4,IM,+6.32857839662096878e-41
YUKAWA,GRID_01,+1.46779926762207055e-05,9,+5.62341325190349097e-04,6,RE,-1.20746590971745625e-53
YUKAWA,GRID_01,+1.46779926762207055e-05,9,+5.62341325190349097e-04,6,IM,+9.47260755041818893e-41
YUKAWA,GRID_01,+1.46779926762207055e-05,10,+6.81292069057960856e-04,2,RE,-3.34003818262683239e-57
YUKAWA,GRID_01,+1.46779926762207055e-05,10,+6.81292069057960856e-04,2,IM,+9.56272356639881730e-45
YUKAWA,GRID_01,+1.46779926762207055e-05,10,+6.81292069057960856e-04,4,RE,-3.32756929790796042e-57
YUKAWA,GRID_01,+1.46779926762207055e-05,10,+6.81292069057960856e-04,4,IM,+1.91008739111840826e-44
YUKAWA,GRID_01,+1.46779926762207055e-05,10,+6.81292069057960856e-04,6,RE,-3.33586961994011178e-57
YUKAWA,GRID_01,+1.46779926762207055e-05,10,+6.81292069057960856e-04,6,IM,+2.85899518239272954e-44
YUKAWA,GRID_01,+1.46779926762207055e-05,11,+8.25404185268018118e-04,2,RE,+1.11253954944061651e-61
YUKAWA,GRID_01,+1.46779926762207055e-05,11,+8.25404185268018118e-04,2,IM,+5.19541521982362246e-49
YUKAWA,GRID_01,+1.46779926762207055e-05,11,+8.25404185268018118e-04,4,RE,+1.10325538285996369e-61
YUKAWA,GRID_01,+1.46779926762207055e-05,11,+8.25404185268018118e-04,4,IM,+1.03774222186496924e-48
YUKAWA,GRID_01,+1.46779926762207055e-05,11,+8.25404185268018118e-04,6,RE,+1.09039548653039684e-61
YUKAWA,GRID_01,+1.46779926762207055e-05,11,+8.25404185268018118e-04,6,IM,+1.55326536816931573e-48
YUKAWA,GRID_01,+1.46779926762207055e-05,12,+1.00000000000000002e-03,2,RE,+7.34063974270524575e-67
YUKAWA,GRID_01,+1.46779926762207055e-05,12,+1.00000000000000002e-03,2,IM,+3.53503209365668039e-54
YUKAWA,GRID_01,+1.46779926762207055e-05,12,+1.00000000000000002e-03,4,RE,+7.27914198385391750e-67
YUKAWA,GRID_01,+1.46779926762207055e-05,12,+1.00000000000000002e-03,4,IM,+7.06089150105667052e-54
YUKAWA,GRID_01,+1.46779926762207055e-05,12,+1.00000000000000002e-03,6,RE,+7.16997062279889516e-67
YUKAWA,GRID_01,+1.46779926762207055e-05,12,+1.00000000000000002e-03,6,IM,+1.05684339678548602e-53
YUKAWA,GRID_01,+1.46779926762207055e-05,13,+1.21152765862858765e-03,2,RE,+3.91117361254366903e-73
YUKAWA,GRID_01,+1.46779926762207055e-05,13,+1.21152765862858765e-03,2,IM,+1.94093471471541589e-60
YUKAWA,GRID_01,+1.46779926762207055e-05,13,+1.21152765862858765e-03,4,RE,+3.87724835656475297e-73
YUKAWA,GRID_01,+1.46779926762207055e-05,13,+1.21152765862858765e-03,4,IM,+3.87679849581950465e-60
YUKAWA,GRID_01,+1.46779926762207055e-05,13,+1.21152765862858765e-03,6,RE,+3.83419654850523922e-73
YUKAWA,GRID_01,+1.46779926762207055e-05,13,+1.21152765862858765e-03,6,IM,+5.80253643886170248e-60
YUKAWA,GRID_01,+1.46779926762207055e-05,14,+1.46779926762206914e-03,2,RE,+9.78915342440583583e-81
YUKAWA,GRID_01,+1.46779926762207055e-05,14,+1.46779926762206914e-03,2,IM,+5.04890222287547990e-68
YUKAWA,GRID_01,+1.46779926762207055e-05,14,+1.46779926762206914e-03,4,RE,+9.79488928829006478e-81
YUKAWA,GRID_01,+1.46779926762207055e-05,14,+1.46779926762206914e-03,4,IM,+1.00844982637912349e-67
YUKAWA,GRID_01,+1.46779926762207055e-05,14,+1.46779926762206914e-03,6,RE,+9.69273052869613449e-81
YUKAWA,GRID_01,+1.46779926762207055e-05,14,+1.46779926762206914e-03,6,IM,+1.50935250321996380e-67
YUKAWA,GRID_01,+1.46779926762207055e-05,15,+1.77827941003892275e-03,2,RE,+6.16226497533450876e-90
YUKAWA,GRID_01,+1.46779926762207055e-05,15,+1.77827941003892275e-03,2,IM,+3.26398522098335914e-77
YUKAWA,GRID_01,+1.46779926762207055e-05,15,+1.77827941003892275e-03,4,RE,+6.17000701910468772e-90
YUKAWA,GRID_01,+1.46779926762207055e-05,15,+1.77827941003892275e-03,4,IM,+6.51927218617223140e-77
YUKAWA,GRID_01,+1.46779926762207055e-05,15,+1.77827941003892275e-03,6,RE,+6.08337140332980462e-90
YUKAWA,GRID_01,+1.46779926762207055e-05,15,+1.77827941003892275e-03,6,IM,+9.75719166203934849e-77
YUKAWA,GRID_01,+1.46779926762207055e-05,16,+2.15443469003188210e-03,2,RE,+4.29123847160822168e-101
YUKAWA,GRID_01,+1.46779926762207055e-05,16,+2.15443469003188210e-03,2,IM,+2.39987634693270663e-88
YUKAWA,GRID_01,+1.46779926762207055e-05,16,+2.15443469003188210e-03,4,RE,+4.29172287946308610e-101
YUKAWA,GRID_01,+1.46779926762207055e-05,16,+2.15443469003188210e-03,4,IM,+4.79326538094056266e-88
YUKAWA,GRID_01,+1.46779926762207055e-05,16,+2.15443469003188210e-03,6,RE,+4.21731597966987263e-101
YUKAWA,GRID_01,+1.46779926762207055e-05,16,+2.15443469003188210e-03,6,IM,+7.17370224221880349e-88
YUKAWA,GRID_01,+1.46779926762207055e-05,17,+2.61015721568253574e-03,2,RE,+1.44814137578711765e-114
YUKAWA,GRID_01,+1.46779926762207055e-05,17,+2.61015721568253574e-03,2,IM,+7.78469460744482037e-102
YUKAWA,GRID_01,+1.46779926762207055e-05,17,+2.61015721568253574e-03,4,RE,+1.43779373567853144e-114
YUKAWA,GRID_01,+1.46779926762207055e-05,17,+2.61015721568253574e-03,4,IM,+1.55479562973434422e-101
YUKAWA,GRID_01,+1.46779926762207055e-05,17,+2.61015721568253574e-03,6,RE,+1.41107167239869289e-114
YUKAWA,GRID_01,+1.46779926762207055e-05,17,+2.61015721568253574e-03,6,IM,+2.32684297207372795e-101
YUKAWA,GRID_01,+1.46779926762207055e-05,18,+3.16227766016837939e-03,2,RE,+6.29780465690038285e-131
YUKAWA,GRID_01,+1.46779926762207055e-05,18,+3.16227766016837939e-03,2,IM,+3.53714972297840742e-118
YUKAWA,GRID_01,+1.46779926762207055e-05,18,+3.16227766016837939e-03,4,RE,+6.23622648721735540e-131
YUKAWA,GRID_01,+1.46779926762207055e-05,18,+3.16227766016837939e-03,4,IM,+7.06432843285906313e-118
YUKAWA,GRID_01,+1.46779926762207055e-05,18,+3.16227766016837939e-03,6,RE,+6.17881472487748554e-131
YUKAWA,GRID_01,+1.46779926762207055e-05,18,+3.16227766016837939e-03,6,IM,+1.05716031978030211e-117
YUKAWA,GRID_01,+1.46779926762207055e-05,19,+3.83118684955728508e-03,2,RE,+9.43914190738589981e-151
YUKAWA,GRID_01,+1.46779926762207055e-05,19,+3.83118684955728508e-03,2,IM,+5.60814592220481636e-138
YUKAWA,GRID_01,+1.46779926762207055e-05,19,+3.83118684955728508e-03,4,RE,+9.43413706204097156e-151
YUKAWA,GRID_01,+1.46779926762207055e-05,19,+3.83118684955728508e-03,4,IM,+1.11999970713629756e-137
YUKAWA,GRID_01,+1.46779926762207055e-05,19,+3.83118684955728508e-03,6,RE,+9.20308196452174225e-151
YUKAWA,GRID_01,+1.46779926762207055e-05,19,+3.83118684955728508e-03,6,IM,+1.67593250073403080e-137
YUKAWA,GRID_01,+1.46779926762207055e-05,20,+4.64158883361277721e-03,2,RE,+9.26847361266982360e-175
YUKAWA,GRID_01,+1.46779926762207055e-05,20,+4.64158883361277721e-03,2,IM,+5.76134001350639685e-162
YUKAWA,GRID_01,+1.46779926762207055e-05,20,+4.64158883361277721e-03,4,RE,+9.19088706937096828e-175
YUKAWA,GRID_01,+1.46779926762207055e-05,20,+4.64158883361277721e-03,4,IM,+1.15052825005875537e-161
YUKAWA,GRID_01,+1.46779926762207055e-05,20,+4.64158883361277721e-03,6,RE,+8.99629410045978139e-175
YUKAWA,GRID_01,+1.46779926762207055e-05,20,+4.64158883361277721e-03,6,IM,+1.72145062031617465e-161
YUKAWA,GRID_01,+1.46779926762207055e-05,21,+5.62341325190349097e-03,2,RE,-4.72055726489301026e-203
YUKAWA,GRID_01,+1.46779926762207055e-05,21,+5.62341325190349097e-03,2,IM,+4.98856007970127918e-191
YUKAWA,GRID_01,+1.46779926762207055e-05,21,+5.62341325190349097e-03,4,RE,-4.69954339138523774e-203
YUKAWA,GRID_01,+1.46779926762207055e-05,21,+5.62341325190349097e-03,4,IM,+9.96130842227489035e-191
YUKAWA,GRID_01,+1.46779926762207055e-05,21,+5.62341325190349097e-03,6,RE,-4.67462829701671413e-203
YUKAWA,GRID_01,+1.46779926762207055e-05,21,+5.62341325190349097e-03,6,IM,+1.49025086737436448e-190
YUKAWA,GRID_01,+1.46779926762207055e-05,22,+6.81292069057960834e-03,2,RE,+2.07676522273487206e-239
YUKAWA,GRID_01,+1.46779926762207055e-05,22,+6.81292069057960834e-03,2,IM,+3.07704531218115674e-226
YUKAWA,GRID_01,+1.46779926762207055e-05,22,+6.81292069057960834e-03,4,RE,+2.03802870890251951e-239
YUKAWA,GRID_01,+1.46779926762207055e-05,22,+6.81292069057960834e-03,4,IM,+6.14373650732945162e-226
YUKAWA,GRID_01,+1.46779926762207055e-05,22,+6.81292069057960834e-03,6,RE,+2.01119040613521265e-239
YUKAWA,GRID_01,+1.46779926762207055e-05,22,+6.81292069057960834e-03,6,IM,+9.18977361450188571e-226
YUKAWA,GRID_01,+1.46779926762207055e-05,23,+8.25404185268018183e-03,2,RE,-6.31461710738060887e-281
YUKAWA,GRID_01,+1.46779926762207055e-05,23,+8.25404185268018183e-03,2,IM,+6.77808217872273120e-269
YUKAWA,GRID_01,+1.46779926762207055e-05,23,+8.25404185268018183e-03,4,RE,-6.28163144653378907e-281
YUKAWA,GRID_01,+1.46779926762207055e-05,23,+8.25404185268018183e-03,4,IM,+1.35316504167301766e-268
YUKAWA,GRID_01,+1.46779926762207055e-05,23,+8.25404185268018183e-03,6,RE,-6.25346240513736808e-281
YUKAWA,GRID_01,+1.46779926762207055e-05,23,+8.25404185268018183e-03,6,IM,+2.02363323568676565e-268
YUKAWA,GRID_01,+1.46779926762207055e-05,24,+1.00000000000000002e-02,2,RE,+0.00000000000000000e+00
YUKAWA,GRID_01,+1.46779926762207055e-05,24,+1.00000000000000002e-02,2,IM,+1.41401587839764761e-320
YUKAWA,GRID_01,+1.46779926762207055e-05,24,+1.00000000000000002e-02,4,RE,+0.00000000000000000e+00
YUKAWA,GRID_01,+1.46779926762207055e-05,24,+1.00000000000000002e-02,4,IM,+2.82259703469104151e-320
YUKAWA,GRID_01,+1.46779926762207055e-05,24,+1.00000000000000002e-02,6,RE,+0.00000000000000000e+00
YUKAWA,GRID_01,+1.46779926762207055e-05,24,+1.00000000000000002e-02,6,IM,+4.22030874677592798e-320
YUKAWA,GRID_02,+2.15443469003188232e-05,0,+1.00000000000000005e-04,2,RE,+1.14834063438638917e-38
YUKAWA,GRID_02,+2.15443469003188232e-05,0,+1.00000000000000005e-04,2,IM,+8.13526510313001181e-26
YUKAWA,GRID_02,+2.15443469003188232e-05,0,+1.00000000000000005e-04,4,RE,+1.14866414634843056e-38
YUKAWA,GRID_02,+2.15443469003188232e-05,0,+1.00000000000000005e-04,4,IM,+1.62457190676647960e-25
YUKAWA,GRID_02,+2.15443469003188232e-05,0,+1.00000000000000005e-04,6,RE,+1.12486322625702771e-38
YUKAWA,GRID_02,+2.15443469003188232e-05,0,+1.00000000000000005e-04,6,IM,+2.43066615206294619e-25
YUKAWA,GRID_02,+2.15443469003188232e-05,1,+1.21152765862858885e-04,2,RE,+4.28229888803579559e-39
YUKAWA,GRID_02,+2.15443469003188232e-05,1,+1.21152765862858885e-04,2,IM,+3.04499069477372588e-26
YUKAWA,GRID_02,+2.15443469003188232e-05,1,+1.21152765862858885e-04,4,RE,+4.25217268031085236e-39
YUKAWA,GRID_02,+2.15443469003188232e-05,1,+1.21152765862858885e-04,4,IM,+6.08068061522484033e-26
YUKAWA,GRID_02,+2.15443469003188232e-05,1,+1.21152765862858885e-04,6,RE,+4.16624829915753818e-39
YUKAWA,GRID_02,+2.15443469003188232e-05,1,+1.21152765862858885e-04,6,IM,+9.09781062149748375e-26
YUKAWA,GRID_02,+2.15443469003188232e-05,2,+1.46779926762206892e-04,2,RE,-1.98512477460492060e-39
YUKAWA,GRID_02,+2.15443469003188232e-05,2,+1.46779926762206892e-04,2,IM,+9.25812867243958180e-27
YUKAWA,GRID_02,+2.15443469003188232e-05,2,+1.46779926762206892e-04,4,RE,-1.98474129197193757e-39
YUKAWA,GRID_02,+2.15443469003188232e-05,2,+1.46779926762206892e-04,4,IM,+1.84879268137534477e-26
YUKAWA,GRID_02,+2.15443469003188232e-05,2,+1.46779926762206892e-04,6,RE,-2.00260568962766577e-39
YUKAWA,GRID_02,+2.15443469003188232e-05,2,+1.46779926762206892e-04,6,IM,+2.76611911285447366e-26
YUKAWA,GRID_02,+2.15443469003188232e-05,3,+1.77827941003892270e-04,2,RE,-5.09541349173636305e-40
YUKAWA,GRID_02,+2.15443469003188232e-05,3,+1.77827941003892270e-04,2,IM,+2.18820174651756252e-27
YUKAWA,GRID_02,+2.15443469003188232e-05,3,+1.77827941003892270e-04,4,RE,-5.09605674788948733e-40
YUKAWA,GRID_02,+2.15443469003188232e-05,3,+1.77827941003892270e-04,4,IM,+4.36969248846131173e-27
YUKAWA,GRID_02,+2.15443469003188232e-05,3,+1.77827941003892270e-04,6,RE,-5.08173906958943499e-40
YUKAWA,GRID_02,+2.15443469003188232e-05,3,+1.77827941003892270e-04,6,IM,+6.53779148044081897e-27
YUKAWA,GRID_02,+2.15443469003188232e-05,4,+2.15443469003188449e-04,2,RE,+5.96657766644066832e-41
YUKAWA,GRID_02,+2.15443469003188232e-05,4,+2.15443469003188449e-04,2,IM,+3.81191324456667112e-28
YUKAWA,GRID_02,+2.15443469003188232e-05,4,+2.15443469003188449e-04,4,RE,+5.94875698263435390e-41
YUKAWA,GRID_02,+2.15443469003188232e-05,4,+2.15443469003188449e-04,4,IM,+7.61210402859854520e-28
YUKAWA,GRID_02,+2.15443469003188232e-05,4,+2.15443469003188449e-04,6,RE,+5.83936136910797583e-41
YUKAWA,GRID_02,+2.15443469003188232e-05,4,+2.15443469003188449e-04,6,IM,+1.13889029993572426e-27
YUKAWA,GRID_02,+2.15443469003188232e-05,5,+2.61015721568253574e-04,2,RE,+5.52595860209946623e-42
YUKAWA,GRID_02,+2.15443469003188232e-05,5,+2.61015721568253574e-04,2,IM,+4.58839727975348879e-29
YUKAWA,GRID_02,+2.15443469003188232e-05,5,+2.61015721568253574e-04,4,RE,+5.48191352564341663e-42
YUKAWA,GRID_02,+2.15443469003188232e-05,5,+2.61015721568253574e-04,4,IM,+9.16263779827401767e-29
YUKAWA,GRID_02,+2.15443469003188232e-05,5,+2.61015721568253574e-04,6,RE,+5.38075786496561736e-42
YUKAWA,GRID_02,+2.15443469003188232e-05,5,+2.61015721568253574e-04,6,IM,+1.37086293001364476e-28
YUKAWA,GRID_02,+2.15443469003188232e-05,6,+3.16227766016837939e-04,2,RE,+4.81664367525593665e-43
YUKAWA,GRID_02,+2.15443469003188232e-05,6,+3.16227766016837939e-04,2,IM,+3.52925776037580561e-30
YUKAWA,GRID_02,+2.15443469003188232e-05,6,+3.16227766016837939e-04,4,RE,+4.80551967432201383e-43
YUKAWA,GRID_02,+2.15443469003188232e-05,6,+3.16227766016837939e-04,4,IM,+7.04758302668579346e-30
YUKAWA,GRID_02,+2.15443469003188232e-05,6,+3.16227766016837939e-04,6,RE,+4.71105277253375861e-43
YUKAWA,GRID_02,+2.15443469003188232e-05,6,+3.16227766016837939e-04,6,IM,+1.05440934650723576e-29
YUKAWA,GRID_02,+2.15443469003188232e-05,7,+3.83118684955728529e-04,2,RE,-3.55993183120691234e-44
YUKAWA,GRID_02,+2.15443469003188232e-05,7,+3.83118684955728529e-04,2,IM,+1.57786266476969109e-31
YUKAWA,GRID_02,+2.15443469003188232e-05,7,+3.83118684955728529e-04,4,RE,-3.55610865683329807e-44
YUKAWA,GRID_02,+2.15443469003188232e-05,7,+3.83118684955728529e-04,4,IM,+3.15081387534316595e-31
YUKAWA,GRID_02,+2.15443469003188232e-05,7,+3.83118684955728529e-04,6,RE,-3.56581350379362615e-44
YUKAWA,GRID_02,+2.15443469003188232e-05,7,+3.83118684955728529e-04,6,IM,+4.71396490045351560e-31
YUKAWA,GRID_02,+2.15443469003188232e-05,8,+4.64158883361277732e-04,2,RE,-8.89853875230658239e-46
YUKAWA,GRID_02,+2.15443469003188232e-05,8,+4.64158883361277732e-04,2,IM,+3.65574098041073329e-33
YUKAWA,GRID_02,+2.15443469003188232e-05,8,+4.64158883361277732e-04,4,RE,-8.87784387502105978e-46
YUKAWA,GRID_02,+2.15443469003188232e-05,8,+4.64158883361277732e-04,4,IM,+7.30003542662306643e-33
YUKAWA,GRID_02,+2.15443469003188232e-05,8,+4.64158883361277732e-04,6,RE,-8.90485708321084227e-46
YUKAWA,GRID_02,+2.15443469003188232e-05,8,+4.64158883361277732e-04,6,IM,+1.09214902938019104e-32
YUKAWA,GRID_02,+2.15443469003188232e-05,9,+5.62341325190349097e-04,2,RE,-9.28139582228059766e-48
YUKAWA,GRID_02,+2.15443469003188232e-05,9,+5.62341325190349097e-04,2,IM,+3.81958588609312041e-35
YUKAWA,GRID_02,+2.15443469003188232e-05,9,+5.62341325190349097e-04,4,RE,-9.26625125620638321e-48
YUKAWA,GRID_02,+2.15443469003188232e-05,9,+5.62341325190349097e-04,4,IM,+7.62712631355759843e-35
YUKAWA,GRID_02,+2.15443469003188232e-05,9,+5.62341325190349097e-04,6,RE,-9.24627071976994104e-48
YUKAWA,GRID_02,+2.15443469003188232e-05,9,+5.62341325190349097e-04,6,IM,+1.14106327897535060e-34
YUKAWA,GRID_02,+2.15443469003188232e-05,10,+6.81292069057960856e-04,2,RE,-3.95314505179904799e-50
YUKAWA,GRID_02,+2.15443469003188232e-05,10,+6.81292069057960856e-04,2,IM,+1.52066535602740289e-37
YUKAWA,GRID_02,+2.15443469003188232e-05,10,+6.81292069057960856e-04,4,RE,-3.94616192033031394e-50
YUKAWA,GRID_02,+2.15443469003188232e-05,10,+6.81292069057960856e-04,4,IM,+3.03649323289342795e-37
YUKAWA,GRID_02,+2.15443469003188232e-05,10,+6.81292069057960856e-04,6,RE,-3.94433313069478461e-50
YUKAWA,GRID_02,+2.15443469003188232e-05,10,+6.81292069057960856e-04,6,IM,+4.54266935871823805e-37
YUKAWA,GRID_02,+2.15443469003188232e-05,11,+8.25404185268018118e-04,2,RE,+2.42289988639761150e-53
YUKAWA,GRID_02,+2.15443469003188232e-05,11,+8.25404185268018118e-04,2,IM,+1.88103083606466082e-40
YUKAWA,GRID_02,+2.15443469003188232e-05,11,+8.25404185268018118e-04,4,RE,+2.40985865701150116e-53
YUKAWA,GRID_02,+2.15443469003188232e-05,11,+8.25404185268018118e-04,4,IM,+3.75601419911025673e-40
YUKAWA,GRID_02,+2.15443469003188232e-05,11,+8.25404185268018118e-04,6,RE,+2.34146542684080877e-53
YUKAWA,GRID_02,+2.15443469003188232e-05,11,+8.25404185268018118e-04,6,IM,+5.61893212686243235e-40
YUKAWA,GRID_02,+2.15443469003188232e-05,12,+1.00000000000000002e-03,2,RE,+6.85690187309624838e-57
YUKAWA,GRID_02,+2.15443469003188232e-05,12,+1.00000000000000002e-03,2,IM,+5.64580537213912456e-44
YUKAWA,GRID_02,+2.15443469003188232e-05,12,+1.00000000000000002e-03,4,RE,+6.82787664860086827e-57
YUKAWA,GRID_02,+2.15443469003188232e-05,12,+1.00000000000000002e-03,4,IM,+1.12732248665544746e-43
YUKAWA,GRID_02,+2.15443469003188232e-05,12,+1.00000000000000002e-03,6,RE,+6.73624516382722094e-57
YUKAWA,GRID_02,+2.15443469003188232e-05,12,+1.00000000000000002e-03,6,IM,+1.68639641585623380e-43
YUKAWA,GRID_02,+2.15443469003188232e-05,13,+1.21152765862858765e-03,2,RE,+3.62573666132107566e-61
YUKAWA,GRID_02,+2.15443469003188232e-05,13,+1.21152765862858765e-03,2,IM,+3.04745484422969489e-48
YUKAWA,GRID_02,+2.15443469003188232e-05,13,+1.21152765862858765e-03,4,RE,+3.57565147590699876e-61
YUKAWA,GRID_02,+2.15443469003188232e-05,13,+1.21152765862858765e-03,4,IM,+6.08482943342573923e-48
YUKAWA,GRID_02,+2.15443469003188232e-05,13,+1.21152765862858765e-03,6,RE,+3.52577401266929043e-61
YUKAWA,GRID_02,+2.15443469003188232e-05,13,+1.21152765862858765e-03,6,IM,+9.10209492064462883e-48
YUKAWA,GRID_02,+2.15443469003188232e-05,14,+1.46779926762206914e-03,2,RE,+2.32158244069071369e-66
YUKAWA,GRID_02,+2.15443469003188232e-05,14,+1.46779926762206914e-03,2,IM,+2.05794298255380839e-53
YUKAWA,GRID_02,+2.15443469003188232e-05,14,+1.46779926762206914e-03,4,RE,+2.30909765966620053e-66
YUKAWA,GRID_02,+2.15443469003188232e-05,14,+1.46779926762206914e-03,4,IM,+4.10894877614496873e-53
YUKAWA,GRID_02,+2.15443469003188232e-05,14,+1.46779926762206914e-03,6,RE,+2.26738887025681654e-66
YUKAWA,GRID_02,+2.15443469003188232e-05,14,+1.46779926762206914e-03,6,IM,+6.14611657678112722e-53
YUKAWA,GRID_02,+2.15443469003188232e-05,15,+1.77827941003892275e-03,2,RE,+1.20189055381907654e-72
YUKAWA,GRID_02,+2.15443469003188232e-05,15,+1.77827941003892275e-03,2,IM,+1.12018908667922729e-59
YUKAWA,GRID_02,+2.15443469003188232e-05,15,+1.77827941003892275e-03,4,RE,+1.19459114077875251e-72
YUKAWA,GRID_02,+2.15443469003188232e-05,15,+1.77827941003892275e-03,4,IM,+2.23651466697095141e-59
YUKAWA,GRID_02,+2.15443469003188232e-05,15,+1.77827941003892275e-03,6,RE,+1.16533195184609856e-72
YUKAWA,GRID_02,+2.15443469003188232e-05,15,+1.77827941003892275e-03,6,IM,+3.34513417193723419e-59
YUKAWA,GRID_02,+2.15443469003188232e-05,16,+2.15443469003188210e-03,2,RE,+2.92947081529419564e-80
YUKAWA,GRID_02,+2.15443469003188232e-05,16,+2.15443469003188210e-03,2,IM,+2.88547994249698910e-67
YUKAWA,GRID_02,+2.15443469003188232e-05,16,+2.15443469003188210e-03,4,RE,+2.90590729613044785e-80
YUKAWA,GRID_02,+2.15443469003188232e-05,16,+2.15443469003188210e-03,4,IM,+5.76072944787661047e-67
YUKAWA,GRID_02,+2.15443469003188232e-05,16,+2.15443469003188210e-03,6,RE,+2.82331315752721507e-80
YUKAWA,GRID_02,+2.15443469003188232e-05,16,+2.15443469003188210e-03,6,IM,+8.61557565912851567e-67
YUKAWA,GRID_02,+2.15443469003188232e-05,17,+2.61015721568253574e-03,2,RE,+2.39727863851475154e-89
YUKAWA,GRID_02,+2.15443469003188232e-05,17,+2.61015721568253574e-03,2,IM,+1.84508682369455106e-76
YUKAWA,GRID_02,+2.15443469003188232e-05,17,+2.61015721568253574e-03,4,RE,+2.36553141836958307e-89
YUKAWA,GRID_02,+2.15443469003188232e-05,17,+2.61015721568253574e-03,4,IM,+3.68341162370381661e-76
YUKAWA,GRID_02,+2.15443469003188232e-05,17,+2.61015721568253574e-03,6,RE,+2.31482623980729515e-89
YUKAWA,GRID_02,+2.15443469003188232e-05,17,+2.61015721568253574e-03,6,IM,+5.50825212376921899e-76
YUKAWA,GRID_02,+2.15443469003188232e-05,18,+3.16227766016837939e-03,2,RE,+1.67426390247109304e-100
YUKAWA,GRID_02,+2.15443469003188232e-05,18,+3.16227766016837939e-03,2,IM,+1.34045044534684492e-87
YUKAWA,GRID_02,+2.15443469003188232e-05,18,+3.16227766016837939e-03,4,RE,+1.66418593892823729e-100
YUKAWA,GRID_02,+2.15443469003188232e-05,18,+3.16227766016837939e-03,4,IM,+2.67579041738854329e-87
YUKAWA,GRID_02,+2.15443469003188232e-05,18,+3.16227766016837939e-03,6,RE,+1.62643714798615998e-100
YUKAWA,GRID_02,+2.15443469003188232e-05,18,+3.16227766016837939e-03,6,IM,+4.00094100169271247e-87
YUKAWA,GRID_02,+2.15443469003188232e-05,19,+3.83118684955728508e-03,2,RE,+5.09159983165091178e-114
YUKAWA,GRID_02,+2.15443469003188232e-05,19,+3.83118684955728508e-03,2,IM,+4.29260067616368125e-101
YUKAWA,GRID_02,+2.15443469003188232e-05,19,+3.83118684955728508e-03,4,RE,+5.03168441715736363e-114
YUKAWA,GRID_02,+2.15443469003188232e-05,19,+3.83118684955728508e-03,4,IM,+8.56805341785537039e-101
YUKAWA,GRID_02,+2.15443469003188232e-05,19,+3.83118684955728508e-03,6,RE,+4.90416390118175689e-114
YUKAWA,GRID_02,+2.15443469003188232e-05,19,+3.83118684955728508e-03,6,IM,+1.28093222350719359e-100
YUKAWA,GRID_02,+2.15443469003188232e-05,20,+4.64158883361277721e-03,2,RE,+2.16635109297398365e-130
YUKAWA,GRID_02,+2.15443469003188232e-05,20,+4.64158883361277721e-03,2,IM,+1.92438463899840064e-117
YUKAWA,GRID_02,+2.15443469003188232e-05,20,+4.64158883361277721e-03,4,RE,+2.13454779500915424e-130
YUKAWA,GRID_02,+2.15443469003188232e-05,20,+4.64158883361277721e-03,4,IM,+3.84064983862607545e-117
YUKAWA,GRID_02,+2.15443469003188232e-05,20,+4.64158883361277721e-03,6,RE,+2.07984919101781398e-130
YUKAWA,GRID_02,+2.15443469003188232e-05,20,+4.64158883361277721e-03,6,IM,+5.74073255776530215e-117
YUKAWA,GRID_02,+2.15443469003188232e-05,21,+5.62341325190349097e-03,2,RE,-1.93543058521576545e-149
YUKAWA,GRID_02,+2.15443469003188232e-05,21,+5.62341325190349097e-03,2,IM,+3.00962553185785438e-137
YUKAWA,GRID_02,+2.15443469003188232e-05,21,+5.62341325190349097e-03,4,RE,-1.92795903929221667e-149
YUKAWA,GRID_02,+2.15443469003188232e-05,21,+5.62341325190349097e-03,4,IM,+6.00572339347015097e-137
YUKAWA,GRID_02,+2.15443469003188232e-05,21,+5.62341325190349097e-03,6,RE,-1.91794979898155509e-149
YUKAWA,GRID_02,+2.15443469003188232e-05,21,+5.62341325190349097e-03,6,IM,+8.97486657520161939e-137
YUKAWA,GRID_02,+2.15443469003188232e-05,22,+6.81292069057960834e-03,2,RE,-8.37484866889199436e-175
YUKAWA,GRID_02,+2.15443469003188232e-05,22,+6.81292069057960834e-03,2,IM,+3.05024913468564165e-161
YUKAWA,GRID_02,+2.15443469003188232e-05,22,+6.81292069057960834e-03,4,RE,-7.91422641716223029e-175
YUKAWA,GRID_02,+2.15443469003188232e-05,22,+6.81292069057960834e-03,4,IM,+6.08575993297629167e-161
YUKAWA,GRID_02,+2.15443469003188232e-05,22,+6.81292069057960834e-03,6,RE,-7.99191585924014637e-175
YUKAWA,GRID_02,+2.15443469003188232e-05,22,+6.81292069057960834e-03,6,IM,+9.09191238992871218e-161
YUKAWA,GRID_02,+2.15443469003188232e-05,23,+8.25404185268018183e-03,2,RE,-1.61462418324971212e-202
YUKAWA,GRID_02,+2.15443469003188232e-05,23,+8.25404185268018183e-03,2,IM,+2.60691626188941766e-190
YUKAWA,GRID_02,+2.15443469003188232e-05,23,+8.25404185268018183e-03,4,RE,-1.60774281774089076e-202
YUKAWA,GRID_02,+2.15443469003188232e-05,23,+8.25404185268018183e-03,4,IM,+5.20016537279154330e-190
YUKAWA,GRID_02,+2.15443469003188232e-05,23,+8.25404185268018183e-03,6,RE,-1.59932142177393228e-202
YUKAWA,GRID_02,+2.15443469003188232e-05,23,+8.25404185268018183e-03,6,IM,+7.76619949236918192e-190
YUKAWA,GRID_02,+2.15443469003188232e-05,24,+1.00000000000000002e-02,2,RE,-1.32111965924985918e-238
YUKAWA,GRID_02,+2.15443469003188232e-05,24,+1.00000000000000002e-02,2,IM,+1.58841424790985769e-225
YUKAWA,GRID_02,+2.15443469003188232e-05,24,+1.00000000000000002e-02,4,RE,-1.30486982980399724e-238
YUKAWA,GRID_02,+2.15443469003188232e-05,24,+1.00000000000000002e-02,4,IM,+3.16770792285170247e-225
YUKAWA,GRID_02,+2.15443469003188232e-05,24,+1.00000000000000002e-02,6,RE,-1.28228307211106543e-238
YUKAWA,GRID_02,+2.15443469003188232e-05,24,+1.00000000000000002e-02,6,IM,+4.72884773664778341e-225
YUKAWA,GRID_03,+3.16227766016837953e-05,0,+1.00000000000000005e-04,2,RE,+1.57949704465630436e-37
YUKAWA,GRID_03,+3.16227766016837953e-05,0,+1.00000000000000005e-04,2,IM,+2.02130453093535719e-24
YUKAWA,GRID_03,+3.16227766016837953e-05,0,+1.00000000000000005e-04,4,RE,+1.56381778657583560e-37
YUKAWA,GRID_03,+3.16227766016837953e-05,0,+1.00000000000000005e-04,4,IM,+4.03396879707606263e-24
YUKAWA,GRID_03,+3.16227766016837953e-05,0,+1.00000000000000005e-04,6,RE,+1.50625899374399229e-37
YUKAWA,GRID_03,+3.16227766016837953e-05,0,+1.00000000000000005e-04,6,IM,+6.02941349647608084e-24
YUKAWA,GRID_03,+3.16227766016837953e-05,1,+1.21152765862858885e-04,2,RE,+8.25348405984388582e-38
YUKAWA,GRID_03,+3.16227766016837953e-05,1,+1.21152765862858885e-04,2,IM,+1.03437487954136709e-24
YUKAWA,GRID_03,+3.16227766016837953e-05,1,+1.21152765862858885e-04,4,RE,+7.95718776753449956e-38
YUKAWA,GRID_03,+3.16227766016837953e-05,1,+1.21152765862858885e-04,4,IM,+2.06431924791846804e-24
YUKAWA,GRID_03,+3.16227766016837953e-05,1,+1.21152765862858885e-04,6,RE,+7.80474852409861735e-38
YUKAWA,GRID_03,+3.16227766016837953e-05,1,+1.21152765862858885e-04,6,IM,+3.08543392402669633e-24
YUKAWA,GRID_03,+3.16227766016837953e-05,2,+1.46779926762206892e-04,2,RE,-4.51561599218745656e-38
YUKAWA,GRID_03,+3.16227766016837953e-05,2,+1.46779926762206892e-04,2,IM,+4.59388958152941104e-25
YUKAWA,GRID_03,+3.16227766016837953e-05,2,+1.46779926762206892e-04,4,RE,-4.58798487605425893e-38
YUKAWA,GRID_03,+3.16227766016837953e-05,2,+1.46779926762206892e-04,4,IM,+9.16805396522658286e-25
YUKAWA,GRID_03,+3.16227766016837953e-05,2,+1.46779926762206892e-04,6,RE,-4.59147063187731505e-38
YUKAWA,GRID_03,+3.16227766016837953e-05,2,+1.46779926762206892e-04,6,IM,+1.37029078150553029e-24
YUKAWA,GRID_03,+3.16227766016837953e-05,3,+1.77827941003892270e-04,2,RE,-2.33733225696646637e-38
YUKAWA,GRID_03,+3.16227766016837953e-05,3,+1.77827941003892270e-04,2,IM,+1.71839049977285436e-25
YUKAWA,GRID_03,+3.16227766016837953e-05,3,+1.77827941003892270e-04,4,RE,-2.31474612817180892e-38
YUKAWA,GRID_03,+3.16227766016837953e-05,3,+1.77827941003892270e-04,4,IM,+3.42938068606773851e-25
YUKAWA,GRID_03,+3.16227766016837953e-05,3,+1.77827941003892270e-04,6,RE,-2.32404046352270941e-38
YUKAWA,GRID_03,+3.16227766016837953e-05,3,+1.77827941003892270e-04,6,IM,+5.12562288834929440e-25
YUKAWA,GRID_03,+3.16227766016837953e-05,4,+2.15443469003188449e-04,2,RE,+5.82289053363911582e-39
YUKAWA,GRID_03,+3.16227766016837953e-05,4,+2.15443469003188449e-04,2,IM,+5.22072598982703145e-26
YUKAWA,GRID_03,+3.16227766016837953e-05,4,+2.15443469003188449e-04,4,RE,+5.70224022283317426e-39
YUKAWA,GRID_03,+3.16227766016837953e-05,4,+2.15443469003188449e-04,4,IM,+1.04188880441362720e-25
YUKAWA,GRID_03,+3.16227766016837953e-05,4,+2.15443469003188449e-04,6,RE,+5.50943186439612825e-39
YUKAWA,GRID_03,+3.16227766016837953e-05,4,+2.15443469003188449e-04,6,IM,+1.55720833690608800e-25
YUKAWA,GRID_03,+3.16227766016837953e-05,5,+2.61015721568253574e-04,2,RE,+5.28691846802802927e-40
YUKAWA,GRID_03,+3.16227766016837953e-05,5,+2.61015721568253574e-04,2,IM,+1.23282382630096252e-26
YUKAWA,GRID_03,+3.16227766016837953e-05,5,+2.61015721568253574e-04,4,RE,+5.15666174376059623e-40
YUKAWA,GRID_03,+3.16227766016837953e-05,5,+2.61015721568253574e-04,4,IM,+2.46029629764533975e-26
YUKAWA,GRID_03,+3.16227766016837953e-05,5,+2.61015721568253574e-04,6,RE,+5.09716211999454195e-40
YUKAWA,GRID_03,+3.16227766016837953e-05,5,+2.61015721568253574e-04,6,IM,+3.67710445702955495e-26
YUKAWA,GRID_03,+3.16227766016837953e-05,6,+3.16227766016837939e-04,2,RE,+1.61312341691205103e-40
YUKAWA,GRID_03,+3.16227766016837953e-05,6,+3.16227766016837939e-04,2,IM,+2.14528260107445865e-27
YUKAWA,GRID_03,+3.16227766016837953e-05,6,+3.16227766016837939e-04,4,RE,+1.60744560516878495e-40
YUKAWA,GRID_03,+3.16227766016837953e-05,6,+3.16227766016837939e-04,4,IM,+4.28120436533916860e-27
YUKAWA,GRID_03,+3.16227766016837953e-05,6,+3.16227766016837939e-04,6,RE,+1.55413591560844512e-40
YUKAWA,GRID_03,+3.16227766016837953e-05,6,+3.16227766016837939e-04,6,IM,+6.39847200627899191e-27
YUKAWA,GRID_03,+3.16227766016837953e-05,7,+3.83118684955728529e-04,2,RE,-3.45477941375369027e-41
YUKAWA,GRID_03,+3.16227766016837953e-05,7,+3.83118684955728529e-04,2,IM,+2.57892094815030696e-28
YUKAWA,GRID_03,+3.16227766016837953e-05,7,+3.83118684955728529e-04,4,RE,-3.46579694619730572e-41
YUKAWA,GRID_03,+3.16227766016837953e-05,7,+3.83118684955728529e-04,4,IM,+5.14651783143175028e-28
YUKAWA,GRID_03,+3.16227766016837953e-05,7,+3.83118684955728529e-04,6,RE,-3.46363354317950425e-41
YUKAWA,GRID_03,+3.16227766016837953e-05,7,+3.83118684955728529e-04,6,IM,+7.69154886241885513e-28
YUKAWA,GRID_03,+3.16227766016837953e-05,8,+4.64158883361277732e-04,2,RE,-2.51259943485223282e-42
YUKAWA,GRID_03,+3.16227766016837953e-05,8,+4.64158883361277732e-04,2,IM,+1.98055711156480759e-29
YUKAWA,GRID_03,+3.16227766016837953e-05,8,+4.64158883361277732e-04,4,RE,-2.52065181488863482e-42
YUKAWA,GRID_03,+3.16227766016837953e-05,8,+4.64158883361277732e-04,4,IM,+3.95235137517638396e-29
YUKAWA,GRID_03,+3.16227766016837953e-05,8,+4.64158883361277732e-04,6,RE,-2.53826869074146945e-42
YUKAWA,GRID_03,+3.16227766016837953e-05,8,+4.64158883361277732e-04,6,IM,+5.90668413501501936e-29
YUKAWA,GRID_03,+3.16227766016837953e-05,9,+5.62341325190349097e-04,2,RE,-1.13482757253779662e-43
YUKAWA,GRID_03,+3.16227766016837953e-05,9,+5.62341325190349097e-04,2,IM,+8.83839469311549458e-31
YUKAWA,GRID_03,+3.16227766016837953e-05,9,+5.62341325190349097e-04,4,RE,-1.12969014167661575e-43
YUKAWA,GRID_03,+3.16227766016837953e-05,9,+5.62341325190349097e-04,4,IM,+1.76373260466647512e-30
YUKAWA,GRID_03,+3.16227766016837953e-05,9,+5.62341325190349097e-04,6,RE,-1.14130377284322381e-43
YUKAWA,GRID_03,+3.16227766016837953e-05,9,+5.62341325190349097e-04,6,IM,+2.63576226592929434e-30
YUKAWA,GRID_03,+3.16227766016837953e-05,10,+6.81292069057960856e-04,2,RE,-2.63750115335705989e-45
YUKAWA,GRID_03,+3.16227766016837953e-05,10,+6.81292069057960856e-04,2,IM,+2.04330348695799464e-32
YUKAWA,GRID_03,+3.16227766016837953e-05,10,+6.81292069057960856e-04,4,RE,-2.61282979220422172e-45
YUKAWA,GRID_03,+3.16227766016837953e-05,10,+6.81292069057960856e-04,4,IM,+4.07738309847951079e-32
YUKAWA,GRID_03,+3.16227766016837953e-05,10,+6.81292069057960856e-04,6,RE,-2.64282556160966084e-45
YUKAWA,GRID_03,+3.16227766016837953e-05,10,+6.81292069057960856e-04,6,IM,+6.09308399918518813e-32
YUKAWA,GRID_03,+3.16227766016837953e-05,11,+8.25404185268018118e-04,2,RE,+1.46943152719656559e-47
YUKAWA,GRID_03,+3.16227766016837953e-05,11,+8.25404185268018118e-04,2,IM,+2.12940517301707861e-34
YUKAWA,GRID_03,+3.16227766016837953e-05,11,+8.25404185268018118e-04,4,RE,+1.48084516795107750e-47
YUKAWA,GRID_03,+3.16227766016837953e-05,11,+8.25404185268018118e-04,4,IM,+4.24907062520941954e-34
YUKAWA,GRID_03,+3.16227766016837953e-05,11,+8.25404185268018118e-04,6,RE,+1.39550933998030293e-47
YUKAWA,GRID_03,+3.16227766016837953e-05,11,+8.25404185268018118e-04,6,IM,+6.34933056243424207e-34
YUKAWA,GRID_03,+3.16227766016837953e-05,12,+1.00000000000000002e-03,2,RE,+5.39059948657285475e-50
YUKAWA,GRID_03,+3.16227766016837953e-05,12,+1.00000000000000002e-03,2,IM,+8.45217990350951337e-37
YUKAWA,GRID_03,+3.16227766016837953e-05,12,+1.00000000000000002e-03,4,RE,+5.38097021741218211e-50
YUKAWA,GRID_03,+3.16227766016837953e-05,12,+1.00000000000000002e-03,4,IM,+1.68650875916853587e-36
YUKAWA,GRID_03,+3.16227766016837953e-05,12,+1.00000000000000002e-03,6,RE,+5.14431893551856644e-50
YUKAWA,GRID_03,+3.16227766016837953e-05,12,+1.00000000000000002e-03,6,IM,+2.51997539240405191e-36
YUKAWA,GRID_03,+3.16227766016837953e-05,13,+1.21152765862858765e-03,2,RE,+6.28732353933458651e-53
YUKAWA,GRID_03,+3.16227766016837953e-05,13,+1.21152765862858765e-03,2,IM,+1.04186055616019871e-39
YUKAWA,GRID_03,+3.16227766016837953e-05,13,+1.21152765862858765e-03,4,RE,+6.32078134257958949e-53
YUKAWA,GRID_03,+3.16227766016837953e-05,13,+1.21152765862858765e-03,4,IM,+2.07878853932798732e-39
YUKAWA,GRID_03,+3.16227766016837953e-05,13,+1.21152765862858765e-03,6,RE,+6.08582842661285362e-53
YUKAWA,GRID_03,+3.16227766016837953e-05,13,+1.21152765862858765e-03,6,IM,+3.10589019850908622e-39
YUKAWA,GRID_03,+3.16227766016837953e-05,14,+1.46779926762206914e-03,2,RE,+1.90168833327568730e-56
YUKAWA,GRID_03,+3.16227766016837953e-05,14,+1.46779926762206914e-03,2,IM,+3.11445409494411126e-43
YUKAWA,GRID_03,+3.16227766016837953e-05,14,+1.46779926762206914e-03,4,RE,+1.88066468997456164e-56
YUKAWA,GRID_03,+3.16227766016837953e-05,14,+1.46779926762206914e-03,4,IM,+6.21383049233157941e-43
YUKAWA,GRID_03,+3.16227766016837953e-05,14,+1.46779926762206914e-03,6,RE,+1.82230077960952212e-56
YUKAWA,GRID_03,+3.16227766016837953e-05,14,+1.46779926762206914e-03,6,IM,+9.28317295028159928e-43
YUKAWA,GRID_03,+3.16227766016837953e-05,15,+1.77827941003892275e-03,2,RE,+8.80223899503777163e-61
YUKAWA,GRID_03,+3.16227766016837953e-05,15,+1.77827941003892275e-03,2,IM,+1.67332546643367342e-47
YUKAWA,GRID_03,+3.16227766016837953e-05,15,+1.77827941003892275e-03,4,RE,+8.62803648214821729e-61
YUKAWA,GRID_03,+3.16227766016837953e-05,15,+1.77827941003892275e-03,4,IM,+3.33833306771358157e-47
YUKAWA,GRID_03,+3.16227766016837953e-05,15,+1.77827941003892275e-03,6,RE,+8.19222957136573886e-61
YUKAWA,GRID_03,+3.16227766016837953e-05,15,+1.77827941003892275e-03,6,IM,+4.98677379455307757e-47
YUKAWA,GRID_03,+3.16227766016837953e-05,16,+2.15443469003188210e-03,2,RE,+6.79872099805926463e-66
YUKAWA,GRID_03,+3.16227766016837953e-05,16,+2.15443469003188210e-03,2,IM,+1.12407193420033371e-52
YUKAWA,GRID_03,+3.16227766016837953e-05,16,+2.15443469003188210e-03,4,RE,+6.78612621474408423e-66
YUKAWA,GRID_03,+3.16227766016837953e-05,16,+2.15443469003188210e-03,4,IM,+2.24237936798305753e-52
YUKAWA,GRID_03,+3.16227766016837953e-05,16,+2.15443469003188210e-03,6,RE,+6.62631247565490737e-66
YUKAWA,GRID_03,+3.16227766016837953e-05,16,+2.15443469003188210e-03,6,IM,+3.34920706767979290e-52
YUKAWA,GRID_03,+3.16227766016837953e-05,17,+2.61015721568253574e-03,2,RE,+5.52695475252398175e-72
YUKAWA,GRID_03,+3.16227766016837953e-05,17,+2.61015721568253574e-03,2,IM,+6.08264877632200582e-59
YUKAWA,GRID_03,+3.16227766016837953e-05,17,+2.61015721568253574e-03,4,RE,+5.49344819865427886e-72
YUKAWA,GRID_03,+3.16227766016837953e-05,17,+2.61015721568253574e-03,4,IM,+1.21329427404710341e-58
YUKAWA,GRID_03,+3.16227766016837953e-05,17,+2.61015721568253574e-03,6,RE,+5.23548672077412039e-72
YUKAWA,GRID_03,+3.16227766016837953e-05,17,+2.61015721568253574e-03,6,IM,+1.81188140774340807e-58
YUKAWA,GRID_03,+3.16227766016837953e-05,18,+3.16227766016837939e-03,2,RE,+1.37054161190044280e-79
YUKAWA,GRID_03,+3.16227766016837953e-05,18,+3.16227766016837939e-03,2,IM,+1.55662520240921824e-66
YUKAWA,GRID_03,+3.16227766016837953e-05,18,+3.16227766016837939e-03,4,RE,+1.33460537177786020e-79
YUKAWA,GRID_03,+3.16227766016837953e-05,18,+3.16227766016837939e-03,4,IM,+3.10460979276285681e-66
YUKAWA,GRID_03,+3.16227766016837953e-05,18,+3.16227766016837939e-03,6,RE,+1.30463337962891973e-79
YUKAWA,GRID_03,+3.16227766016837953e-05,18,+3.16227766016837939e-03,6,IM,+4.63539317800196919e-66
YUKAWA,GRID_03,+3.16227766016837953e-05,19,+3.83118684955728508e-03,2,RE,+8.19539052787458366e-89
YUKAWA,GRID_03,+3.16227766016837953e-05,19,+3.83118684955728508e-03,2,IM,+9.88283992400994790e-76
YUKAWA,GRID_03,+3.16227766016837953e-05,19,+3.83118684955728508e-03,4,RE,+8.12453679951101796e-89
YUKAWA,GRID_03,+3.16227766016837953e-05,19,+3.83118684955728508e-03,4,IM,+1.97080451145992834e-75
YUKAWA,GRID_03,+3.16227766016837953e-05,19,+3.83118684955728508e-03,6,RE,+7.89061620220314774e-89
YUKAWA,GRID_03,+3.16227766016837953e-05,19,+3.83118684955728508e-03,6,IM,+2.94185417486939156e-75
YUKAWA,GRID_03,+3.16227766016837953e-05,20,+4.64158883361277721e-03,2,RE,+5.01758999722561297e-100
YUKAWA,GRID_03,+3.16227766016837953e-05,20,+4.64158883361277721e-03,2,IM,+7.12473749746638123e-87
YUKAWA,GRID_03,+3.16227766016837953e-05,20,+4.64158883361277721e-03,4,RE,+4.96152347752785837e-100
YUKAWA,GRID_03,+3.16227766016837953e-05,20,+4.64158883361277721e-03,4,IM,+1.42054985133746864e-86
YUKAWA,GRID_03,+3.16227766016837953e-05,20,+4.64158883361277721e-03,6,RE,+4.77677038269467672e-100
YUKAWA,GRID_03,+3.16227766016837953e-05,20,+4.64158883361277721e-03,6,IM,+2.11987595945774089e-86
YUKAWA,GRID_03,+3.16227766016837953e-05,21,+5.62341325190349097e-03,2,RE,-8.22288815852999334e-113
YUKAWA,GRID_03,+3.16227766016837953e-05,21,+5.62341325190349097e-03,2,IM,+2.26294576323954383e-100
YUKAWA,GRID_03,+3.16227766016837953e-05,21,+5.62341325190349097e-03,4,RE,-8.16357490012440914e-113
YUKAWA,GRID_03,+3.16227766016837953e-05,21,+5.62341325190349097e-03,4,IM,+4.51098983199036976e-100
YUKAWA,GRID_03,+3.16227766016837953e-05,21,+5.62341325190349097e-03,6,RE,-8.10641382926317654e-113
YUKAWA,GRID_03,+3.16227766016837953e-05,21,+5.62341325190349097e-03,6,IM,+6.72939428360573099e-100
YUKAWA,GRID_03,+3.16227766016837953e-05,22,+6.81292069057960834e-03,2,RE,-5.45586182146206332e-130
YUKAWA,GRID_03,+3.16227766016837953e-05,22,+6.81292069057960834e-03,2,IM,+1.00576944004804317e-116
YUKAWA,GRID_03,+3.16227766016837953e-05,22,+6.81292069057960834e-03,4,RE,-5.27907509706308770e-130
YUKAWA,GRID_03,+3.16227766016837953e-05,22,+6.81292069057960834e-03,4,IM,+2.00441287519749648e-116
YUKAWA,GRID_03,+3.16227766016837953e-05,22,+6.81292069057960834e-03,6,RE,-5.40568642842131218e-130
YUKAWA,GRID_03,+3.16227766016837953e-05,22,+6.81292069057960834e-03,6,IM,+2.98888855333459992e-116
YUKAWA,GRID_03,+3.16227766016837953e-05,23,+8.25404185268018183e-03,2,RE,-5.35212701649959370e-149
YUKAWA,GRID_03,+3.16227766016837953e-05,23,+8.25404185268018183e-03,2,IM,+1.55894074344000995e-136
YUKAWA,GRID_03,+3.16227766016837953e-05,23,+8.25404185268018183e-03,4,RE,-5.33050888859307333e-149
YUKAWA,GRID_03,+3.16227766016837953e-05,23,+8.25404185268018183e-03,4,IM,+3.10589189475837400e-136
YUKAWA,GRID_03,+3.16227766016837953e-05,23,+8.25404185268018183e-03,6,RE,-5.28751116957633923e-149
YUKAWA,GRID_03,+3.16227766016837953e-05,23,+8.25404185268018183e-03,6,IM,+4.62901771052138399e-136
YUKAWA,GRID_03,+3.16227766016837953e-05,24,+1.00000000000000002e-02,2,RE,-4.68982648479008167e-174
YUKAWA,GRID_03,+3.16227766016837953e-05,24,+1.00000000000000002e-02,2,IM,+1.56554708002321628e-160
YUKAWA,GRID_03,+3.16227766016837953e-05,24,+1.00000000000000002e-02,4,RE,-4.40042000780578086e-174
YUKAWA,GRID_03,+3.16227766016837953e-05,24,+1.00000000000000002e-02,4,IM,+3.11790515440296701e-160
YUKAWA,GRID_03,+3.16227766016837953e-05,24,+1.00000000000000002e-02,6,RE,-4.60182417940445507e-174
YUKAWA,GRID_03,+3.16227766016837953e-05,24,+1.00000000000000002e-02,6,IM,+4.64407056351568086e-160
YUKAWA,GRID_04,+4.64158883361278179e-05,0,+1.00000000000000005e-04,2,RE,+1.19708584890296146e-36
YUKAWA,GRID_04,+4.64158883361278179e-05,0,+1.00000000000000005e-04,2,IM,+3.09547791918700989e-23
YUKAWA,GRID_04,+4.64158883361278179e-05,0,+1.00000000000000005e-04,4,RE,+1.20753031697485905e-36
YUKAWA,GRID_04,+4.64158883361278179e-05,0,+1.00000000000000005e-04,4,IM,+6.17158731653283926e-23
YUKAWA,GRID_04,+4.64158883361278179e-05,0,+1.00000000000000005e-04,6,RE,+1.11965753250893439e-36
YUKAWA,GRID_04,+4.64158883361278179e-05,0,+1.00000000000000005e-04,6,IM,+9.20916242375388358e-23
YUKAWA,GRID_04,+4.64158883361278179e-05,1,+1.21152765862858885e-04,2,RE,+7.59046140912851813e-37
YUKAWA,GRID_04,+4.64158883361278179e-05,1,+1.21152765862858885e-04,2,IM,+1.96044796496407006e-23
YUKAWA,GRID_04,+4.64158883361278179e-05,1,+1.21152765862858885e-04,4,RE,+7.53628844580944983e-37
YUKAWA,GRID_04,+4.64158883361278179e-05,1,+1.21152765862858885e-04,4,IM,+3.90860375013738934e-23
YUKAWA,GRID_04,+4.64158883361278179e-05,1,+1.21152765862858885e-04,6,RE,+7.09677302352460136e-37
YUKAWA,GRID_04,+4.64158883361278179e-05,1,+1.21152765862858885e-04,6,IM,+5.83230412055307387e-23
YUKAWA,GRID_04,+4.64158883361278179e-05,2,+1.46779926762206892e-04,2,RE,-3.57888658144121611e-37
YUKAWA,GRID_04,+4.64158883361278179e-05,2,+1.46779926762206892e-04,2,IM,+1.12725701378184480e-23
YUKAWA,GRID_04,+4.64158883361278179e-05,2,+1.46779926762206892e-04,4,RE,-3.58089166653780275e-37
YUKAWA,GRID_04,+4.64158883361278179e-05,2,+1.46779926762206892e-04,4,IM,+2.24742820565372736e-23
YUKAWA,GRID_04,+4.64158883361278179e-05,2,+1.46779926762206892e-04,6,RE,-3.85591863635121437e-37
YUKAWA,GRID_04,+4.64158883361278179e-05,2,+1.46779926762206892e-04,6,IM,+3.35350227093009331e-23
YUKAWA,GRID_04,+4.64158883361278179e-05,3,+1.77827941003892270e-04,2,RE,-3.90990080784710542e-37
YUKAWA,GRID_04,+4.64158883361278179e-05,3,+1.77827941003892270e-04,2,IM,+5.76574559299050590e-24
YUKAWA,GRID_04,+4.64158883361278179e-05,3,+1.77827941003892270e-04,4,RE,-3.92169180752248921e-37
YUKAWA,GRID_04,+4.64158883361278179e-05,3,+1.77827941003892270e-04,4,IM,+1.14951378601232422e-23
YUKAWA,GRID_04,+4.64158883361278179e-05,3,+1.77827941003892270e-04,6,RE,-3.99197145248399927e-37
YUKAWA,GRID_04,+4.64158883361278179e-05,3,+1.77827941003892270e-04,6,IM,+1.71522069435218247e-23
YUKAWA,GRID_04,+4.64158883361278179e-05,4,+2.15443469003188449e-04,2,RE,+1.90447989365756755e-37
YUKAWA,GRID_04,+4.64158883361278179e-05,4,+2.15443469003188449e-04,2,IM,+2.55917937385515161e-24
YUKAWA,GRID_04,+4.64158883361278179e-05,4,+2.15443469003188449e-04,4,RE,+1.85478203447004226e-37
YUKAWA,GRID_04,+4.64158883361278179e-05,4,+2.15443469003188449e-04,4,IM,+5.10216359860596713e-24
YUKAWA,GRID_04,+4.64158883361278179e-05,4,+2.15443469003188449e-04,6,RE,+1.82529055733657689e-37
YUKAWA,GRID_04,+4.64158883361278179e-05,4,+2.15443469003188449e-04,6,IM,+7.61292898475860450e-24
YUKAWA,GRID_04,+4.64158883361278179e-05,5,+2.61015721568253574e-04,2,RE,-2.02913522444066390e-39
YUKAWA,GRID_04,+4.64158883361278179e-05,5,+2.61015721568253574e-04,2,IM,+9.56604717472481872e-25
YUKAWA,GRID_04,+4.64158883361278179e-05,5,+2.61015721568253574e-04,4,RE,-1.53843906824834593e-39
YUKAWA,GRID_04,+4.64158883361278179e-05,5,+2.61015721568253574e-04,4,IM,+1.90712889698861046e-24
YUKAWA,GRID_04,+4.64158883361278179e-05,5,+2.61015721568253574e-04,6,RE,-2.39901880783175287e-39
YUKAWA,GRID_04,+4.64158883361278179e-05,5,+2.61015721568253574e-04,6,IM,+2.84555666116388704e-24
YUKAWA,GRID_04,+4.64158883361278179e-05,6,+3.16227766016837939e-04,2,RE,+1.01858560809541388e-38
YUKAWA,GRID_04,+4.64158883361278179e-05,6,+3.16227766016837939e-04,2,IM,+2.90382089097566170e-25
YUKAWA,GRID_04,+4.64158883361278179e-05,6,+3.16227766016837939e-04,4,RE,+1.03340751510126232e-38
YUKAWA,GRID_04,+4.64158883361278179e-05,6,+3.16227766016837939e-04,4,IM,+5.78908509336585357e-25
YUKAWA,GRID_04,+4.64158883361278179e-05,6,+3.16227766016837939e-04,6,RE,+9.67128819088543599e-39
YUKAWA,GRID_04,+4.64158883361278179e-05,6,+3.16227766016837939e-04,6,IM,+8.63743430563298576e-25
YUKAWA,GRID_04,+4.64158883361278179e-05,7,+3.83118684955728529e-04,2,RE,-4.69396629630699276e-39
YUKAWA,GRID_04,+4.64158883361278179e-05,7,+3.83118684955728529e-04,2,IM,+6.85005876570641391e-26
YUKAWA,GRID_04,+4.64158883361278179e-05,7,+3.83118684955728529e-04,4,RE,-4.73100986795954673e-39
YUKAWA,GRID_04,+4.64158883361278179e-05,7,+3.83118684955728529e-04,4,IM,+1.36560599512557547e-25
YUKAWA,GRID_04,+4.64158883361278179e-05,7,+3.83118684955728529e-04,6,RE,-4.72764840180850766e-39
YUKAWA,GRID_04,+4.64158883361278179e-05,7,+3.83118684955728529e-04,6,IM,+2.03744200237749357e-25
YUKAWA,GRID_04,+4.64158883361278179e-05,8,+4.64158883361277732e-04,2,RE,-7.93838702695943841e-40
YUKAWA,GRID_04,+4.64158883361278179e-05,8,+4.64158883361277732e-04,2,IM,+1.19054184437105441e-26
YUKAWA,GRID_04,+4.64158883361278179e-05,8,+4.64158883361277732e-04,4,RE,-7.79206481341956982e-40
YUKAWA,GRID_04,+4.64158883361278179e-05,8,+4.64158883361277732e-04,4,IM,+2.37336694309565731e-26
YUKAWA,GRID_04,+4.64158883361278179e-05,8,+4.64158883361277732e-04,6,RE,-8.09072747817911869e-40
YUKAWA,GRID_04,+4.64158883361278179e-05,8,+4.64158883361277732e-04,6,IM,+3.54084222419173686e-26
YUKAWA,GRID_04,+4.64158883361278179e-05,9,+5.62341325190349097e-04,2,RE,-9.96195324503786936e-41
YUKAWA,GRID_04,+4.64158883361278179e-05,9,+5.62341325190349097e-04,2,IM,+1.42909807360700770e-27
YUKAWA,GRID_04,+4.64158883361278179e-05,9,+5.62341325190349097e-04,4,RE,-9.81977522873382867e-41
YUKAWA,GRID_04,+4.64158883361278179e-05,9,+5.62341325190349097e-04,4,IM,+2.84884657757886069e-27
YUKAWA,GRID_04,+4.64158883361278179e-05,9,+5.62341325190349097e-04,6,RE,-1.01428742489257657e-40
YUKAWA,GRID_04,+4.64158883361278179e-05,9,+5.62341325190349097e-04,6,IM,+4.24999826545610149e-27
YUKAWA,GRID_04,+4.64158883361278179e-05,10,+6.81292069057960856e-04,2,RE,-7.63628545685382098e-42
YUKAWA,GRID_04,+4.64158883361278179e-05,10,+6.81292069057960856e-04,2,IM,+1.09560645902067316e-28
YUKAWA,GRID_04,+4.64158883361278179e-05,10,+6.81292069057960856e-04,4,RE,-7.71216410294782748e-42
YUKAWA,GRID_04,+4.64158883361278179e-05,10,+6.81292069057960856e-04,4,IM,+2.18396473635544283e-28
YUKAWA,GRID_04,+4.64158883361278179e-05,10,+6.81292069057960856e-04,6,RE,-7.86853897669051485e-42
YUKAWA,GRID_04,+4.64158883361278179e-05,10,+6.81292069057960856e-04,6,IM,+3.25790686256584345e-28
YUKAWA,GRID_04,+4.64158883361278179e-05,11,+8.25404185268018118e-04,2,RE,+1.63414706285201032e-43
YUKAWA,GRID_04,+4.64158883361278179e-05,11,+8.25404185268018118e-04,2,IM,+4.87914269349351802e-30
YUKAWA,GRID_04,+4.64158883361278179e-05,11,+8.25404185268018118e-04,4,RE,+1.62548382657161768e-43
YUKAWA,GRID_04,+4.64158883361278179e-05,11,+8.25404185268018118e-04,4,IM,+9.72557269400238894e-30
YUKAWA,GRID_04,+4.64158883361278179e-05,11,+8.25404185268018118e-04,6,RE,+1.52087341326952780e-43
YUKAWA,GRID_04,+4.64158883361278179e-05,11,+8.25404185268018118e-04,6,IM,+1.45069441735357982e-29
YUKAWA,GRID_04,+4.64158883361278179e-05,12,+1.00000000000000002e-03,2,RE,+3.80905993087649216e-45
YUKAWA,GRID_04,+4.64158883361278179e-05,12,+1.00000000000000002e-03,2,IM,+1.12523725516948639e-31
YUKAWA,GRID_04,+4.64158883361278179e-05,12,+1.00000000000000002e-03,4,RE,+3.81297013394372896e-45
YUKAWA,GRID_04,+4.64158883361278179e-05,12,+1.00000000000000002e-03,4,IM,+2.24280902709296424e-31
YUKAWA,GRID_04,+4.64158883361278179e-05,12,+1.00000000000000002e-03,6,RE,+3.54953168675608057e-45
YUKAWA,GRID_04,+4.64158883361278179e-05,12,+1.00000000000000002e-03,6,IM,+3.34513717530344050e-31
YUKAWA,GRID_04,+4.64158883361278179e-05,13,+1.21152765862858765e-03,2,RE,+3.84400698469396225e-47
YUKAWA,GRID_04,+4.64158883361278179e-05,13,+1.21152765862858765e-03,2,IM,+1.16929964022488080e-33
YUKAWA,GRID_04,+4.64158883361278179e-05,13,+1.21152765862858765e-03,4,RE,+3.78621659758751088e-47
YUKAWA,GRID_04,+4.64158883361278179e-05,13,+1.21152765862858765e-03,4,IM,+2.33048101975150475e-33
YUKAWA,GRID_04,+4.64158883361278179e-05,13,+1.21152765862858765e-03,6,RE,+3.49743694213958553e-47
YUKAWA,GRID_04,+4.64158883361278179e-05,13,+1.21152765862858765e-03,6,IM,+3.47552014510556052e-33
YUKAWA,GRID_04,+4.64158883361278179e-05,14,+1.46779926762206914e-03,2,RE,+1.19834667609195054e-49
YUKAWA,GRID_04,+4.64158883361278179e-05,14,+1.46779926762206914e-03,2,IM,+4.62576849533105962e-36
YUKAWA,GRID_04,+4.64158883361278179e-05,14,+1.46779926762206914e-03,4,RE,+1.22028708711518543e-49
YUKAWA,GRID_04,+4.64158883361278179e-05,14,+1.46779926762206914e-03,4,IM,+9.21868960081796804e-36
YUKAWA,GRID_04,+4.64158883361278179e-05,14,+1.46779926762206914e-03,6,RE,+1.10949146655396364e-49
YUKAWA,GRID_04,+4.64158883361278179e-05,14,+1.46779926762206914e-03,6,IM,+1.37463059938451912e-35
YUKAWA,GRID_04,+4.64158883361278179e-05,15,+1.77827941003892275e-03,2,RE,+1.35421517547256713e-52
YUKAWA,GRID_04,+4.64158883361278179e-05,15,+1.77827941003892275e-03,2,IM,+5.67989257689982334e-39
YUKAWA,GRID_04,+4.64158883361278179e-05,15,+1.77827941003892275e-03,4,RE,+1.25453168982508479e-52
YUKAWA,GRID_04,+4.64158883361278179e-05,15,+1.77827941003892275e-03,4,IM,+1.13183644498201765e-38
YUKAWA,GRID_04,+4.64158883361278179e-05,15,+1.77827941003892275e-03,6,RE,+1.21502699006809606e-52
YUKAWA,GRID_04,+4.64158883361278179e-05,15,+1.77827941003892275e-03,6,IM,+1.68745000050989032e-38
YUKAWA,GRID_04,+4.64158883361278179e-05,16,+2.15443469003188210e-03,2,RE,+2.88417083589784668e-56
YUKAWA,GRID_04,+4.64158883361278179e-05,16,+2.15443469003188210e-03,2,IM,+1.69033747904868185e-42
YUKAWA,GRID_04,+4.64158883361278179e-05,16,+2.15443469003188210e-03,4,RE,+3.07044187013272642e-56
YUKAWA,GRID_04,+4.64158883361278179e-05,16,+2.15443469003188210e-03,4,IM,+3.36795588247930607e-42
YUKAWA,GRID_04,+4.64158883361278179e-05,16,+2.15443469003188210e-03,6,RE,+2.68443856458182138e-56
YUKAWA,GRID_04,+4.64158883361278179e-05,16,+2.15443469003188210e-03,6,IM,+5.02029614760058052e-42
YUKAWA,GRID_04,+4.64158883361278179e-05,17,+2.61015721568253574e-03,2,RE,+5.60638523980673313e-60
YUKAWA,GRID_04,+4.64158883361278179e-05,17,+2.61015721568253574e-03,2,IM,+9.03565492821192706e-47
YUKAWA,GRID_04,+4.64158883361278179e-05,17,+2.61015721568253574e-03,4,RE,+5.52826911811525181e-60
YUKAWA,GRID_04,+4.64158883361278179e-05,17,+2.61015721568253574e-03,4,IM,+1.80007802183131091e-46
YUKAWA,GRID_04,+4.64158883361278179e-05,17,+2.61015721568253574e-03,6,RE,+5.36606831998078067e-60
YUKAWA,GRID_04,+4.64158883361278179e-05,17,+2.61015721568253574e-03,6,IM,+2.68257665422635453e-46
YUKAWA,GRID_04,+4.64158883361278179e-05,18,+3.16227766016837939e-03,2,RE,+3.58376246801144513e-65
YUKAWA,GRID_04,+4.64158883361278179e-05,18,+3.16227766016837939e-03,2,IM,+6.03495961630192697e-52
YUKAWA,GRID_04,+4.64158883361278179e-05,18,+3.16227766016837939e-03,4,RE,+3.46975735983670416e-65
YUKAWA,GRID_04,+4.64158883361278179e-05,18,+3.16227766016837939e-03,4,IM,+1.20207569179862946e-51
YUKAWA,GRID_04,+4.64158883361278179e-05,18,+3.16227766016837939e-03,6,RE,+3.34830941851404636e-65
YUKAWA,GRID_04,+4.64158883361278179e-05,18,+3.16227766016837939e-03,6,IM,+1.79088989561375992e-51
YUKAWA,GRID_04,+4.64158883361278179e-05,19,+3.83118684955728508e-03,2,RE,+1.85316923878911461e-71
YUKAWA,GRID_04,+4.64158883361278179e-05,19,+3.83118684955728508e-03,2,IM,+3.24475275909322155e-58
YUKAWA,GRID_04,+4.64158883361278179e-05,19,+3.83118684955728508e-03,4,RE,+1.82872928307166040e-71
YUKAWA,GRID_04,+4.64158883361278179e-05,19,+3.83118684955728508e-03,4,IM,+6.46173439528409699e-58
YUKAWA,GRID_04,+4.64158883361278179e-05,19,+3.83118684955728508e-03,6,RE,+1.74381412453758397e-71
YUKAWA,GRID_04,+4.64158883361278179e-05,19,+3.83118684955728508e-03,6,IM,+9.62357096865768721e-58
YUKAWA,GRID_04,+4.64158883361278179e-05,20,+4.64158883361277721e-03,2,RE,+2.99314835901051700e-79
YUKAWA,GRID_04,+4.64158883361278179e-05,20,+4.64158883361277721e-03,2,IM,+8.24505083217124182e-66
YUKAWA,GRID_04,+4.64158883361278179e-05,20,+4.64158883361277721e-03,4,RE,+2.97923437918303315e-79
YUKAWA,GRID_04,+4.64158883361278179e-05,20,+4.64158883361277721e-03,4,IM,+1.64154141072379797e-65
YUKAWA,GRID_04,+4.64158883361278179e-05,20,+4.64158883361277721e-03,6,RE,+2.83427360428852097e-79
YUKAWA,GRID_04,+4.64158883361278179e-05,20,+4.64158883361277721e-03,6,IM,+2.44375325594631385e-65
YUKAWA,GRID_04,+4.64158883361278179e-05,21,+5.62341325190349097e-03,2,RE,-1.16480202728234278e-87
YUKAWA,GRID_04,+4.64158883361278179e-05,21,+5.62341325190349097e-03,2,IM,+5.19444925312012506e-75
YUKAWA,GRID_04,+4.64158883361278179e-05,21,+5.62341325190349097e-03,4,RE,-1.15542090901860003e-87
YUKAWA,GRID_04,+4.64158883361278179e-05,21,+5.62341325190349097e-03,4,IM,+1.03387007885382779e-74
YUKAWA,GRID_04,+4.64158883361278179e-05,21,+5.62341325190349097e-03,6,RE,-1.14735909612802262e-87
YUKAWA,GRID_04,+4.64158883361278179e-05,21,+5.62341325190349097e-03,6,IM,+1.53833671171549921e-74
YUKAWA,GRID_04,+4.64158883361278179e-05,22,+6.81292069057960834e-03,2,RE,-7.24805171253426687e-100
YUKAWA,GRID_04,+4.64158883361278179e-05,22,+6.81292069057960834e-03,2,IM,+3.71392134776089103e-86
YUKAWA,GRID_04,+4.64158883361278179e-05,22,+6.81292069057960834e-03,4,RE,-7.06410429175141683e-100
YUKAWA,GRID_04,+4.64158883361278179e-05,22,+6.81292069057960834e-03,4,IM,+7.38922981228808074e-86
YUKAWA,GRID_04,+4.64158883361278179e-05,22,+6.81292069057960834e-03,6,RE,-7.35585427194408404e-100
YUKAWA,GRID_04,+4.64158883361278179e-05,22,+6.81292069057960834e-03,6,IM,+1.09879828474433064e-85
YUKAWA,GRID_04,+4.64158883361278179e-05,23,+8.25404185268018183e-03,2,RE,-1.94952488309430587e-112
YUKAWA,GRID_04,+4.64158883361278179e-05,23,+8.25404185268018183e-03,2,IM,+1.16935056163609268e-99
YUKAWA,GRID_04,+4.64158883361278179e-05,23,+8.25404185268018183e-03,4,RE,-1.93681175961550705e-112
YUKAWA,GRID_04,+4.64158883361278179e-05,23,+8.25404185268018183e-03,4,IM,+2.32550543145913667e-99
YUKAWA,GRID_04,+4.64158883361278179e-05,23,+8.25404185268018183e-03,6,RE,-1.93813451829628681e-112
YUKAWA,GRID_04,+4.64158883361278179e-05,23,+8.25404185268018183e-03,6,IM,+3.45551749090605514e-99
YUKAWA,GRID_04,+4.64158883361278179e-05,24,+1.00000000000000002e-02,2,RE,-3.75791169154813545e-129
YUKAWA,GRID_04,+4.64158883361278179e-05,24,+1.00000000000000002e-02,2,IM,+5.15028939886897812e-116
YUKAWA,GRID_04,+4.64158883361278179e-05,24,+1.00000000000000002e-02,4,RE,-3.69616810265837445e-129
YUKAWA,GRID_04,+4.64158883361278179e-05,24,+1.00000000000000002e-02,4,IM,+1.02369221042530838e-115
YUKAWA,GRID_04,+4.64158883361278179e-05,24,+1.00000000000000002e-02,6,RE,-3.70533233409966340e-129
YUKAWA,GRID_04,+4.64158883361278179e-05,24,+1.00000000000000002e-02,6,IM,+1.51975543962901300e-115
YUKAWA,GRID_05,+6.81292069057960829e-05,0,+1.00000000000000005e-04,2,RE,+5.53477239758783484e-36
YUKAWA,GRID_05,+6.81292069057960829e-05,0,+1.00000000000000005e-04,2,IM,+3.42610097128755663e-22
YUKAWA,GRID_05,+6.81292069057960829e-05,0,+1.00000000000000005e-04,4,RE,+5.85456476683482065e-36
YUKAWA,GRID_05,+6.81292069057960829e-05,0,+1.00000000000000005e-04,4,IM,+6.82072370320614990e-22
YUKAWA,GRID_05,+6.81292069057960829e-05,0,+1.00000000000000005e-04,6,RE,+5.08981050029950656e-36
YUKAWA,GRID_05,+6.81292069057960829e-05,0,+1.00000000000000005e-04,6,IM,+1.01528748424359791e-21
YUKAWA,GRID_05,+6.81292069057960829e-05,1,+1.21152765862858885e-04,2,RE,+4.13703410775469402e-36
YUKAWA,GRID_05,+6.81292069057960829e-05,1,+1.21152765862858885e-04,2,IM,+2.50902794101152518e-22
YUKAWA,GRID_05,+6.81292069057960829e-05,1,+1.21152765862858885e-04,4,RE,+4.24351472876633151e-36
YUKAWA,GRID_05,+6.81292069057960829e-05,1,+1.21152765862858885e-04,4,IM,+4.99495547685107261e-22
YUKAWA,GRID_05,+6.81292069057960829e-05,1,+1.21152765862858885e-04,6,RE,+3.88830850040576033e-36
YUKAWA,GRID_05,+6.81292069057960829e-05,1,+1.21152765862858885e-04,6,IM,+7.43503877325824946e-22
YUKAWA,GRID_05,+6.81292069057960829e-05,2,+1.46779926762206892e-04,2,RE,-4.90491561261456882e-37
YUKAWA,GRID_05,+6.81292069057960829e-05,2,+1.46779926762206892e-04,2,IM,+1.72025782010983927e-22
YUKAWA,GRID_05,+6.81292069057960829e-05,2,+1.46779926762206892e-04,4,RE,-6.11302911352378631e-37
YUKAWA,GRID_05,+6.81292069057960829e-05,2,+1.46779926762206892e-04,4,IM,+3.42463748202033349e-22
YUKAWA,GRID_05,+6.81292069057960829e-05,2,+1.46779926762206892e-04,6,RE,-1.00564798268956372e-36
YUKAWA,GRID_05,+6.81292069057960829e-05,2,+1.46779926762206892e-04,6,IM,+5.09750653070206644e-22
YUKAWA,GRID_05,+6.81292069057960829e-05,3,+1.77827941003892270e-04,2,RE,-3.46030657816736039e-36
YUKAWA,GRID_05,+6.81292069057960829e-05,3,+1.77827941003892270e-04,2,IM,+1.08895897885740018e-22
YUKAWA,GRID_05,+6.81292069057960829e-05,3,+1.77827941003892270e-04,4,RE,-3.52360628699540181e-36
YUKAWA,GRID_05,+6.81292069057960829e-05,3,+1.77827941003892270e-04,4,IM,+2.16783615966501931e-22
YUKAWA,GRID_05,+6.81292069057960829e-05,3,+1.77827941003892270e-04,6,RE,-3.66578509490582462e-36
YUKAWA,GRID_05,+6.81292069057960829e-05,3,+1.77827941003892270e-04,6,IM,+3.22670622431513870e-22
YUKAWA,GRID_05,+6.81292069057960829e-05,4,+2.15443469003188449e-04,2,RE,+2.97768201038059761e-36
YUKAWA,GRID_05,+6.81292069057960829e-05,4,+2.15443469003188449e-04,2,IM,+6.25787100483867769e-23
YUKAWA,GRID_05,+6.81292069057960829e-05,4,+2.15443469003188449e-04,4,RE,+2.87230639045529955e-36
YUKAWA,GRID_05,+6.81292069057960829e-05,4,+2.15443469003188449e-04,4,IM,+1.24575924022311729e-22
YUKAWA,GRID_05,+6.81292069057960829e-05,4,+2.15443469003188449e-04,6,RE,+2.73299574895805469e-36
YUKAWA,GRID_05,+6.81292069057960829e-05,4,+2.15443469003188449e-04,6,IM,+1.85419204202047622e-22
YUKAWA,GRID_05,+6.81292069057960829e-05,5,+2.61015721568253574e-04,2,RE,-4.81864136878275504e-37
YUKAWA,GRID_05,+6.81292069057960829e-05,5,+2.61015721568253574e-04,2,IM,+3.19856557641235847e-23
YUKAWA,GRID_05,+6.81292069057960829e-05,5,+2.61015721568253574e-04,4,RE,-4.70041780668200832e-37
YUKAWA,GRID_05,+6.81292069057960829e-05,5,+2.61015721568253574e-04,4,IM,+6.36727743474057455e-23
YUKAWA,GRID_05,+6.81292069057960829e-05,5,+2.61015721568253574e-04,6,RE,-5.09903668829126244e-37
YUKAWA,GRID_05,+6.81292069057960829e-05,5,+2.61015721568253574e-04,6,IM,+9.47674895671431818e-23
YUKAWA,GRID_05,+6.81292069057960829e-05,6,+3.16227766016837939e-04,2,RE,+2.17342195575347952e-37
YUKAWA,GRID_05,+6.81292069057960829e-05,6,+3.16227766016837939e-04,2,IM,+1.41851971215087718e-23
YUKAWA,GRID_05,+6.81292069057960829e-05,6,+3.16227766016837939e-04,4,RE,+2.20645667019504962e-37
YUKAWA,GRID_05,+6.81292069057960829e-05,6,+3.16227766016837939e-04,4,IM,+2.82372884666144438e-23
YUKAWA,GRID_05,+6.81292069057960829e-05,6,+3.16227766016837939e-04,6,RE,+1.97615462446619571e-37
YUKAWA,GRID_05,+6.81292069057960829e-05,6,+3.16227766016837939e-04,6,IM,+4.20252619345731123e-23
YUKAWA,GRID_05,+6.81292069057960829e-05,7,+3.83118684955728529e-04,2,RE,-1.78368411824644101e-37
YUKAWA,GRID_05,+6.81292069057960829e-05,7,+3.83118684955728529e-04,2,IM,+5.29699018745150240e-24
YUKAWA,GRID_05,+6.81292069057960829e-05,7,+3.83118684955728529e-04,4,RE,-1.78842922864995954e-37
YUKAWA,GRID_05,+6.81292069057960829e-05,7,+3.83118684955728529e-04,4,IM,+1.05439558573207478e-23
YUKAWA,GRID_05,+6.81292069057960829e-05,7,+3.83118684955728529e-04,6,RE,-1.83663792535967159e-37
YUKAWA,GRID_05,+6.81292069057960829e-05,7,+3.83118684955728529e-04,6,IM,+1.56916643860946491e-23
YUKAWA,GRID_05,+6.81292069057960829e-05,8,+4.64158883361277732e-04,2,RE,-4.44201161122426055e-38
YUKAWA,GRID_05,+6.81292069057960829e-05,8,+4.64158883361277732e-04,2,IM,+1.60598742269634033e-24
YUKAWA,GRID_05,+6.81292069057960829e-05,8,+4.64158883361277732e-04,4,RE,-4.50285493186068580e-38
YUKAWA,GRID_05,+6.81292069057960829e-05,8,+4.64158883361277732e-04,4,IM,+3.19669022153647985e-24
YUKAWA,GRID_05,+6.81292069057960829e-05,8,+4.64158883361277732e-04,6,RE,-4.82471237308970133e-38
YUKAWA,GRID_05,+6.81292069057960829e-05,8,+4.64158883361277732e-04,6,IM,+4.75706759486405910e-24
YUKAWA,GRID_05,+6.81292069057960829e-05,9,+5.62341325190349097e-04,2,RE,-1.31395919655305944e-38
YUKAWA,GRID_05,+6.81292069057960829e-05,9,+5.62341325190349097e-04,2,IM,+3.78303572600806992e-25
YUKAWA,GRID_05,+6.81292069057960829e-05,9,+5.62341325190349097e-04,4,RE,-1.30506893645492068e-38
YUKAWA,GRID_05,+6.81292069057960829e-05,9,+5.62341325190349097e-04,4,IM,+7.52973121172251502e-25
YUKAWA,GRID_05,+6.81292069057960829e-05,9,+5.62341325190349097e-04,6,RE,-1.34708846668161390e-38
YUKAWA,GRID_05,+6.81292069057960829e-05,9,+5.62341325190349097e-04,6,IM,+1.12043312920667820e-24
YUKAWA,GRID_05,+6.81292069057960829e-05,10,+6.81292069057960856e-04,2,RE,-2.13089050398015818e-39
YUKAWA,GRID_05,+6.81292069057960829e-05,10,+6.81292069057960856e-04,2,IM,+6.56364666394222084e-26
YUKAWA,GRID_05,+6.81292069057960829e-05,10,+6.81292069057960856e-04,4,RE,-2.07888063127029259e-39
YUKAWA,GRID_05,+6.81292069057960829e-05,10,+6.81292069057960856e-04,4,IM,+1.30635358905320550e-25
YUKAWA,GRID_05,+6.81292069057960829e-05,10,+6.81292069057960856e-04,6,RE,-2.18641714318560839e-39
YUKAWA,GRID_05,+6.81292069057960829e-05,10,+6.81292069057960856e-04,6,IM,+1.94369481488005096e-25
YUKAWA,GRID_05,+6.81292069057960829e-05,11,+8.25404185268018118e-04,2,RE,+8.83670563682172061e-41
YUKAWA,GRID_05,+6.81292069057960829e-05,11,+8.25404185268018118e-04,2,IM,+7.86280979691814598e-27
YUKAWA,GRID_05,+6.81292069057960829e-05,11,+8.25404185268018118e-04,4,RE,+8.74305593703514096e-41
YUKAWA,GRID_05,+6.81292069057960829e-05,11,+8.25404185268018118e-04,4,IM,+1.56482173448048360e-26
YUKAWA,GRID_05,+6.81292069057960829e-05,11,+8.25404185268018118e-04,6,RE,+7.69473456962455361e-41
YUKAWA,GRID_05,+6.81292069057960829e-05,11,+8.25404185268018118e-04,6,IM,+2.32800972146983675e-26
YUKAWA,GRID_05,+6.81292069057960829e-05,12,+1.00000000000000002e-03,2,RE,+1.10537187198078948e-41
YUKAWA,GRID_05,+6.81292069057960829e-05,12,+1.00000000000000002e-03,2,IM,+6.01346308533419787e-28
YUKAWA,GRID_05,+6.81292069057960829e-05,12,+1.00000000000000002e-03,4,RE,+1.13127748904179619e-41
YUKAWA,GRID_05,+6.81292069057960829e-05,12,+1.00000000000000002e-03,4,IM,+1.19667792908090241e-27
YUKAWA,GRID_05,+6.81292069057960829e-05,12,+1.00000000000000002e-03,6,RE,+9.62092004013334209e-42
YUKAWA,GRID_05,+6.81292069057960829e-05,12,+1.00000000000000002e-03,6,IM,+1.78008097191606394e-27
YUKAWA,GRID_05,+6.81292069057960829e-05,13,+1.21152765862858765e-03,2,RE,+5.19885998681331088e-43
YUKAWA,GRID_05,+6.81292069057960829e-05,13,+1.21152765862858765e-03,2,IM,+2.67044553569718786e-29
YUKAWA,GRID_05,+6.81292069057960829e-05,13,+1.21152765862858765e-03,4,RE,+4.81633040817515644e-43
YUKAWA,GRID_05,+6.81292069057960829e-05,13,+1.21152765862858765e-03,4,IM,+5.31367022250661758e-29
YUKAWA,GRID_05,+6.81292069057960829e-05,13,+1.21152765862858765e-03,6,RE,+4.37956762083974021e-43
YUKAWA,GRID_05,+6.81292069057960829e-05,13,+1.21152765862858765e-03,6,IM,+7.90291806246880664e-29
YUKAWA,GRID_05,+6.81292069057960829e-05,14,+1.46779926762206914e-03,2,RE,+3.51927258127836547e-45
YUKAWA,GRID_05,+6.81292069057960829e-05,14,+1.46779926762206914e-03,2,IM,+6.13826979508883682e-31
YUKAWA,GRID_05,+6.81292069057960829e-05,14,+1.46779926762206914e-03,4,RE,+3.68736095514234983e-45
YUKAWA,GRID_05,+6.81292069057960829e-05,14,+1.46779926762206914e-03,4,IM,+1.22125471297175352e-30
YUKAWA,GRID_05,+6.81292069057960829e-05,14,+1.46779926762206914e-03,6,RE,+2.27976635910857350e-45
YUKAWA,GRID_05,+6.81292069057960829e-05,14,+1.46779926762206914e-03,6,IM,+1.81599570207134649e-30
YUKAWA,GRID_05,+6.81292069057960829e-05,15,+1.77827941003892275e-03,2,RE,+5.15099166026186967e-47
YUKAWA,GRID_05,+6.81292069057960829e-05,15,+1.77827941003892275e-03,2,IM,+6.35413741937451924e-33
YUKAWA,GRID_05,+6.81292069057960829e-05,15,+1.77827941003892275e-03,4,RE,+5.00347283055428882e-47
YUKAWA,GRID_05,+6.81292069057960829e-05,15,+1.77827941003892275e-03,4,IM,+1.26402477540738472e-32
YUKAWA,GRID_05,+6.81292069057960829e-05,15,+1.77827941003892275e-03,6,RE,+4.00450381270551023e-47
YUKAWA,GRID_05,+6.81292069057960829e-05,15,+1.77827941003892275e-03,6,IM,+1.87915236287902304e-32
YUKAWA,GRID_05,+6.81292069057960829e-05,16,+2.15443469003188210e-03,2,RE,+5.02574898043675263e-49
YUKAWA,GRID_05,+6.81292069057960829e-05,16,+2.15443469003188210e-03,2,IM,+2.50258005153786300e-35
YUKAWA,GRID_05,+6.81292069057960829e-05,16,+2.15443469003188210e-03,4,RE,+4.79544320116715251e-49
YUKAWA,GRID_05,+6.81292069057960829e-05,16,+2.15443469003188210e-03,4,IM,+4.97751637893095420e-35
YUKAWA,GRID_05,+6.81292069057960829e-05,16,+2.15443469003188210e-03,6,RE,+4.24319840836345617e-49
YUKAWA,GRID_05,+6.81292069057960829e-05,16,+2.15443469003188210e-03,6,IM,+7.39767654497158869e-35
YUKAWA,GRID_05,+6.81292069057960829e-05,17,+2.61015721568253574e-03,2,RE,+1.22743708305619205e-51
YUKAWA,GRID_05,+6.81292069057960829e-05,17,+2.61015721568253574e-03,2,IM,+3.05732938486104915e-38
YUKAWA,GRID_05,+6.81292069057960829e-05,17,+2.61015721568253574e-03,4,RE,+1.22211208577051097e-51
YUKAWA,GRID_05,+6.81292069057960829e-05,17,+2.61015721568253574e-03,4,IM,+6.07962754653897697e-38
YUKAWA,GRID_05,+6.81292069057960829e-05,17,+2.61015721568253574e-03,6,RE,+1.14723778330780243e-51
YUKAWA,GRID_05,+6.81292069057960829e-05,17,+2.61015721568253574e-03,6,IM,+9.03253519407363261e-38
YUKAWA,GRID_05,+6.81292069057960829e-05,18,+3.16227766016837939e-03,2,RE,+3.43847049837188913e-55
YUKAWA,GRID_05,+6.81292069057960829e-05,18,+3.16227766016837939e-03,2,IM,+9.04657171447348682e-42
YUKAWA,GRID_05,+6.81292069057960829e-05,18,+3.16227766016837939e-03,4,RE,+3.31874569378649182e-55
YUKAWA,GRID_05,+6.81292069057960829e-05,18,+3.16227766016837939e-03,4,IM,+1.79849718239789436e-41
YUKAWA,GRID_05,+6.81292069057960829e-05,18,+3.16227766016837939e-03,6,RE,+3.18862486734001759e-55
YUKAWA,GRID_05,+6.81292069057960829e-05,18,+3.16227766016837939e-03,6,IM,+2.67091933529229742e-41
YUKAWA,GRID_05,+6.81292069057960829e-05,19,+3.83118684955728508e-03,2,RE,+1.88074047173158101e-59
YUKAWA,GRID_05,+6.81292069057960829e-05,19,+3.83118684955728508e-03,2,IM,+4.80488287643500434e-46
YUKAWA,GRID_05,+6.81292069057960829e-05,19,+3.83118684955728508e-03,4,RE,+1.82935332360336688e-59
YUKAWA,GRID_05,+6.81292069057960829e-05,19,+3.83118684955728508e-03,4,IM,+9.54940824054705505e-46
YUKAWA,GRID_05,+6.81292069057960829e-05,19,+3.83118684955728508e-03,6,RE,+1.69186998007811268e-59
YUKAWA,GRID_05,+6.81292069057960829e-05,19,+3.83118684955728508e-03,6,IM,+1.41744870807274824e-45
YUKAWA,GRID_05,+6.81292069057960829e-05,20,+4.64158883361277721e-03,2,RE,+4.88134796140112525e-65
YUKAWA,GRID_05,+6.81292069057960829e-05,20,+4.64158883361277721e-03,2,IM,+3.18652976902611904e-51
YUKAWA,GRID_05,+6.81292069057960829e-05,20,+4.64158883361277721e-03,4,RE,+4.76099854742518534e-65
YUKAWA,GRID_05,+6.81292069057960829e-05,20,+4.64158883361277721e-03,4,IM,+6.33069820026742151e-51
YUKAWA,GRID_05,+6.81292069057960829e-05,20,+4.64158883361277721e-03,6,RE,+4.53004547551293070e-65
YUKAWA,GRID_05,+6.81292069057960829e-05,20,+4.64158883361277721e-03,6,IM,+9.39108581888408766e-51
YUKAWA,GRID_05,+6.81292069057960829e-05,21,+5.62341325190349097e-03,2,RE,-1.36527166933623859e-70
YUKAWA,GRID_05,+6.81292069057960829e-05,21,+5.62341325190349097e-03,2,IM,+1.70008114580974280e-57
YUKAWA,GRID_05,+6.81292069057960829e-05,21,+5.62341325190349097e-03,4,RE,-1.35359104569205431e-70
YUKAWA,GRID_05,+6.81292069057960829e-05,21,+5.62341325190349097e-03,4,IM,+3.37605407684843424e-57
YUKAWA,GRID_05,+6.81292069057960829e-05,21,+5.62341325190349097e-03,6,RE,-1.34467439079701138e-70
YUKAWA,GRID_05,+6.81292069057960829e-05,21,+5.62341325190349097e-03,6,IM,+5.00438214657532032e-57
YUKAWA,GRID_05,+6.81292069057960829e-05,22,+6.81292069057960834e-03,2,RE,-1.10624722622724149e-78
YUKAWA,GRID_05,+6.81292069057960829e-05,22,+6.81292069057960834e-03,2,IM,+4.28429535995338773e-65
YUKAWA,GRID_05,+6.81292069057960829e-05,22,+6.81292069057960834e-03,4,RE,-1.17529810068118679e-78
YUKAWA,GRID_05,+6.81292069057960829e-05,22,+6.81292069057960834e-03,4,IM,+8.50323592570037477e-65
YUKAWA,GRID_05,+6.81292069057960829e-05,22,+6.81292069057960834e-03,6,RE,-1.17074512269194003e-78
YUKAWA,GRID_05,+6.81292069057960829e-05,22,+6.81292069057960834e-03,6,IM,+1.25931330394620917e-64
YUKAWA,GRID_05,+6.81292069057960829e-05,23,+8.25404185268018183e-03,2,RE,-2.33633571760037139e-87
YUKAWA,GRID_05,+6.81292069057960829e-05,23,+8.25404185268018183e-03,2,IM,+2.67559466689555198e-74
YUKAWA,GRID_05,+6.81292069057960829e-05,23,+8.25404185268018183e-03,4,RE,-2.32726539430875262e-87
YUKAWA,GRID_05,+6.81292069057960829e-05,23,+8.25404185268018183e-03,4,IM,+5.30689517604887573e-74
YUKAWA,GRID_05,+6.81292069057960829e-05,23,+8.25404185268018183e-03,6,RE,-2.32969857481452759e-87
YUKAWA,GRID_05,+6.81292069057960829e-05,23,+8.25404185268018183e-03,6,IM,+7.85083232943974094e-74
YUKAWA,GRID_05,+6.81292069057960829e-05,24,+1.00000000000000002e-02,2,RE,-8.76639745379922924e-99
YUKAWA,GRID_05,+6.81292069057960829e-05,24,+1.00000000000000002e-02,2,IM,+1.89565859298484959e-85
YUKAWA,GRID_05,+6.81292069057960829e-05,24,+1.00000000000000002e-02,4,RE,-8.65813879225890207e-99
YUKAWA,GRID_05,+6.81292069057960829e-05,24,+1.00000000000000002e-02,4,IM,+3.75695007702956110e-85
YUKAWA,GRID_05,+6.81292069057960829e-05,24,+1.00000000000000002e-02,6,RE,-8.62079633215536879e-99
YUKAWA,GRID_05,+6.81292069057960829e-05,24,+1.00000000000000002e-02,6,IM,+5.55054768641555607e-85
YUKAWA,GRID_06,+1.00000000000000005e-04,0,+1.00000000000000005e-04,2,RE,+2.23587755889755518e-35
YUKAWA,GRID_06,+1.00000000000000005e-04,0,+1.00000000000000005e-04,2,IM,+3.03296744692666152e-21
YUKAWA,GRID_06,+1.00000000000000005e-04,0,+1.00000000000000005e-04,4,RE,+2.39684460132119286e-35
YUKAWA,GRID_06,+1.00000000000000005e-04,0,+1.00000000000000005e-04,4,IM,+6.02500685474631121e-21
YUKAWA,GRID_06,+1.00000000000000005e-04,0,+1.00000000000000005e-04,6,RE,+2.45528805390623184e-35
YUKAWA,GRID_06,+1.00000000000000005e-04,0,+1.00000000000000005e-04,6,IM,+8.93611867425598466e-21
YUKAWA,GRID_06,+1.00000000000000005e-04,1,+1.21152765862858885e-04,2,RE,+2.08870534676703781e-35
YUKAWA,GRID_06,+1.00000000000000005e-04,1,+1.21152765862858885e-04,2,IM,+2.45215177598215959e-21
YUKAWA,GRID_06,+1.00000000000000005e-04,1,+1.21152765862858885e-04,4,RE,+1.85971970880135938e-35
YUKAWA,GRID_06,+1.00000000000000005e-04,1,+1.21152765862858885e-04,4,IM,+4.87114449747870482e-21
YUKAWA,GRID_06,+1.00000000000000005e-04,1,+1.21152765862858885e-04,6,RE,+1.60477659123956789e-35
YUKAWA,GRID_06,+1.00000000000000005e-04,1,+1.21152765862858885e-04,6,IM,+7.22457289948081635e-21
YUKAWA,GRID_06,+1.00000000000000005e-04,2,+1.46779926762206892e-04,2,RE,+1.20801007643236008e-35
YUKAWA,GRID_06,+1.00000000000000005e-04,2,+1.46779926762206892e-04,2,IM,+1.89539570138684472e-21
YUKAWA,GRID_06,+1.00000000000000005e-04,2,+1.46779926762206892e-04,4,RE,+1.20158307462218603e-35
YUKAWA,GRID_06,+1.00000000000000005e-04,2,+1.46779926762206892e-04,4,IM,+3.76509664768039578e-21
YUKAWA,GRID_06,+1.00000000000000005e-04,2,+1.46779926762206892e-04,6,RE,+9.03183631999576765e-36
YUKAWA,GRID_06,+1.00000000000000005e-04,2,+1.46779926762206892e-04,6,IM,+5.58399364223092274e-21
YUKAWA,GRID_06,+1.00000000000000005e-04,3,+1.77827941003892270e-04,2,RE,-1.94346104051754195e-35
YUKAWA,GRID_06,+1.00000000000000005e-04,3,+1.77827941003892270e-04,2,IM,+1.38738006791312059e-21
YUKAWA,GRID_06,+1.00000000000000005e-04,3,+1.77827941003892270e-04,4,RE,-1.87781432274269381e-35
YUKAWA,GRID_06,+1.00000000000000005e-04,3,+1.77827941003892270e-04,4,IM,+2.75589514096326504e-21
YUKAWA,GRID_06,+1.00000000000000005e-04,3,+1.77827941003892270e-04,6,RE,-1.84850085613149186e-35
YUKAWA,GRID_06,+1.00000000000000005e-04,3,+1.77827941003892270e-04,6,IM,+4.08711143017234704e-21
YUKAWA,GRID_06,+1.00000000000000005e-04,4,+2.15443469003188449e-04,2,RE,+2.75743623985979009e-35
YUKAWA,GRID_06,+1.00000000000000005e-04,4,+2.15443469003188449e-04,2,IM,+9.50672138439299760e-22
YUKAWA,GRID_06,+1.00000000000000005e-04,4,+2.15443469003188449e-04,4,RE,+2.64042574005975926e-35
YUKAWA,GRID_06,+1.00000000000000005e-04,4,+2.15443469003188449e-04,4,IM,+1.88837004056556180e-21
YUKAWA,GRID_06,+1.00000000000000005e-04,4,+2.15443469003188449e-04,6,RE,+2.51397201602249147e-35
YUKAWA,GRID_06,+1.00000000000000005e-04,4,+2.15443469003188449e-04,6,IM,+2.80041710384305678e-21
YUKAWA,GRID_06,+1.00000000000000005e-04,5,+2.61015721568253574e-04,2,RE,-6.41242564230325836e-36
YUKAWA,GRID_06,+1.00000000000000005e-04,5,+2.61015721568253574e-04,2,IM,+6.01373980012989151e-22
YUKAWA,GRID_06,+1.00000000000000005e-04,5,+2.61015721568253574e-04,4,RE,-6.30006802688009523e-36
YUKAWA,GRID_06,+1.00000000000000005e-04,5,+2.61015721568253574e-04,4,IM,+1.19450441629829879e-21
YUKAWA,GRID_06,+1.00000000000000005e-04,5,+2.61015721568253574e-04,6,RE,-7.05421914785110085e-36
YUKAWA,GRID_06,+1.00000000000000005e-04,5,+2.61015721568253574e-04,6,IM,+1.77133770307416142e-21
YUKAWA,GRID_06,+1.00000000000000005e-04,6,+3.16227766016837939e-04,2,RE,+2.97007773600394153e-36
YUKAWA,GRID_06,+1.00000000000000005e-04,6,+3.16227766016837939e-04,2,IM,+3.45298180193287149e-22
YUKAWA,GRID_06,+1.00000000000000005e-04,6,+3.16227766016837939e-04,4,RE,+3.37043418944406035e-36
YUKAWA,GRID_06,+1.00000000000000005e-04,6,+3.16227766016837939e-04,4,IM,+6.85837792316433292e-22
YUKAWA,GRID_06,+1.00000000000000005e-04,6,+3.16227766016837939e-04,6,RE,+2.76430680298342379e-36
YUKAWA,GRID_06,+1.00000000000000005e-04,6,+3.16227766016837939e-04,6,IM,+1.01697048861869910e-21
YUKAWA,GRID_06,+1.00000000000000005e-04,7,+3.83118684955728529e-04,2,RE,-2.27974619956163968e-36
YUKAWA,GRID_06,+1.00000000000000005e-04,7,+3.83118684955728529e-04,2,IM,+1.76313095453077086e-22
YUKAWA,GRID_06,+1.00000000000000005e-04,7,+3.83118684955728529e-04,4,RE,-2.02732686303821735e-36
YUKAWA,GRID_06,+1.00000000000000005e-04,7,+3.83118684955728529e-04,4,IM,+3.50180779386424823e-22
YUKAWA,GRID_06,+1.00000000000000005e-04,7,+3.83118684955728529e-04,6,RE,-2.51765911142522649e-36
YUKAWA,GRID_06,+1.00000000000000005e-04,7,+3.83118684955728529e-04,6,IM,+5.19214642613609854e-22
YUKAWA,GRID_06,+1.00000000000000005e-04,8,+4.64158883361277732e-04,2,RE,-5.27854549683650020e-37
YUKAWA,GRID_06,+1.00000000000000005e-04,8,+4.64158883361277732e-04,2,IM,+7.80979936446504246e-23
YUKAWA,GRID_06,+1.00000000000000005e-04,8,+4.64158883361277732e-04,4,RE,-5.36009168717987197e-37
YUKAWA,GRID_06,+1.00000000000000005e-04,8,+4.64158883361277732e-04,4,IM,+1.55104401339569947e-22
YUKAWA,GRID_06,+1.00000000000000005e-04,8,+4.64158883361277732e-04,6,RE,-6.37419638479841139e-37
YUKAWA,GRID_06,+1.00000000000000005e-04,8,+4.64158883361277732e-04,6,IM,+2.29953276856331763e-22
YUKAWA,GRID_06,+1.00000000000000005e-04,9,+5.62341325190349097e-04,2,RE,-3.54172331628673590e-37
YUKAWA,GRID_06,+1.00000000000000005e-04,9,+5.62341325190349097e-04,2,IM,+2.91210410751613711e-23
YUKAWA,GRID_06,+1.00000000000000005e-04,9,+5.62341325190349097e-04,4,RE,-3.74020912967497813e-37
YUKAWA,GRID_06,+1.00000000000000005e-04,9,+5.62341325190349097e-04,4,IM,+5.78312637722044662e-23
YUKAWA,GRID_06,+1.00000000000000005e-04,9,+5.62341325190349097e-04,6,RE,-4.04166388920750871e-37
YUKAWA,GRID_06,+1.00000000000000005e-04,9,+5.62341325190349097e-04,6,IM,+8.57295881034663926e-23
YUKAWA,GRID_06,+1.00000000000000005e-04,10,+6.81292069057960856e-04,2,RE,-1.28371072272504852e-37
YUKAWA,GRID_06,+1.00000000000000005e-04,10,+6.81292069057960856e-04,2,IM,+8.81400878489929682e-24
YUKAWA,GRID_06,+1.00000000000000005e-04,10,+6.81292069057960856e-04,4,RE,-1.18717091434445984e-37
YUKAWA,GRID_06,+1.00000000000000005e-04,10,+6.81292069057960856e-04,4,IM,+1.75022863899893545e-23
YUKAWA,GRID_06,+1.00000000000000005e-04,10,+6.81292069057960856e-04,6,RE,-1.33971717814745248e-37
YUKAWA,GRID_06,+1.00000000000000005e-04,10,+6.81292069057960856e-04,6,IM,+2.59421150283330005e-23
YUKAWA,GRID_06,+1.00000000000000005e-04,11,+8.25404185268018118e-04,2,RE,+9.92498273574908807e-39
YUKAWA,GRID_06,+1.00000000000000005e-04,11,+8.25404185268018118e-04,2,IM,+2.07198207911806215e-24
YUKAWA,GRID_06,+1.00000000000000005e-04,11,+8.25404185268018118e-04,4,RE,+9.70002725959344095e-39
YUKAWA,GRID_06,+1.00000000000000005e-04,11,+8.25404185268018118e-04,4,IM,+4.11401175895463632e-24
YUKAWA,GRID_06,+1.00000000000000005e-04,11,+8.25404185268018118e-04,6,RE,+8.48854599996208967e-39
YUKAWA,GRID_06,+1.00000000000000005e-04,11,+8.25404185268018118e-04,6,IM,+6.09686401781290635e-24
YUKAWA,GRID_06,+1.00000000000000005e-04,12,+1.00000000000000002e-03,2,RE,+3.59272110076378808e-39
YUKAWA,GRID_06,+1.00000000000000005e-04,12,+1.00000000000000002e-03,2,IM,+3.58627670083881116e-25
YUKAWA,GRID_06,+1.00000000000000005e-04,12,+1.00000000000000002e-03,4,RE,+3.55640829758609521e-39
YUKAWA,GRID_06,+1.00000000000000005e-04,12,+1.00000000000000002e-03,4,IM,+7.11988073040937653e-25
YUKAWA,GRID_06,+1.00000000000000005e-04,12,+1.00000000000000002e-03,6,RE,+3.06368619993278235e-39
YUKAWA,GRID_06,+1.00000000000000005e-04,12,+1.00000000000000002e-03,6,IM,+1.05494388030415336e-24
YUKAWA,GRID_06,+1.00000000000000005e-04,13,+1.21152765862858765e-03,2,RE,+6.10912765934742177e-40
YUKAWA,GRID_06,+1.00000000000000005e-04,13,+1.21152765862858765e-03,2,IM,+4.28395458228883242e-26
YUKAWA,GRID_06,+1.00000000000000005e-04,13,+1.21152765862858765e-03,4,RE,+6.02208907723942065e-40
YUKAWA,GRID_06,+1.00000000000000005e-04,13,+1.21152765862858765e-03,4,IM,+8.50378878961857860e-26
YUKAWA,GRID_06,+1.00000000000000005e-04,13,+1.21152765862858765e-03,6,RE,+4.95269993784658489e-40
YUKAWA,GRID_06,+1.00000000000000005e-04,13,+1.21152765862858765e-03,6,IM,+1.25969939105535419e-25
YUKAWA,GRID_06,+1.00000000000000005e-04,14,+1.46779926762206914e-03,2,RE,+1.57417040587684421e-41
YUKAWA,GRID_06,+1.00000000000000005e-04,14,+1.46779926762206914e-03,2,IM,+3.26551186770432961e-27
YUKAWA,GRID_06,+1.00000000000000005e-04,14,+1.46779926762206914e-03,4,RE,+1.45739386031826834e-41
YUKAWA,GRID_06,+1.00000000000000005e-04,14,+1.46779926762206914e-03,4,IM,+6.48103825232291231e-27
YUKAWA,GRID_06,+1.00000000000000005e-04,14,+1.46779926762206914e-03,6,RE,+8.46966939582729031e-42
YUKAWA,GRID_06,+1.00000000000000005e-04,14,+1.46779926762206914e-03,6,IM,+9.59787826355429612e-27
YUKAWA,GRID_06,+1.00000000000000005e-04,15,+1.77827941003892275e-03,2,RE,+8.35702434868445532e-43
YUKAWA,GRID_06,+1.00000000000000005e-04,15,+1.77827941003892275e-03,2,IM,+1.44456304289852599e-28
YUKAWA,GRID_06,+1.00000000000000005e-04,15,+1.77827941003892275e-03,4,RE,+8.73054451391944285e-43
YUKAWA,GRID_06,+1.00000000000000005e-04,15,+1.77827941003892275e-03,4,IM,+2.86641991471093401e-28
YUKAWA,GRID_06,+1.00000000000000005e-04,15,+1.77827941003892275e-03,6,RE,+5.36420430249796093e-43
YUKAWA,GRID_06,+1.00000000000000005e-04,15,+1.77827941003892275e-03,6,IM,+4.24346349881943439e-28
YUKAWA,GRID_06,+1.00000000000000005e-04,16,+2.15443469003188210e-03,2,RE,+3.55368255443917113e-44
YUKAWA,GRID_06,+1.00000000000000005e-04,16,+2.15443469003188210e-03,2,IM,+3.30573843036252553e-30
YUKAWA,GRID_06,+1.00000000000000005e-04,16,+2.15443469003188210e-03,4,RE,+3.50310635186441769e-44
YUKAWA,GRID_06,+1.00000000000000005e-04,16,+2.15443469003188210e-03,4,IM,+6.55786920901065814e-30
YUKAWA,GRID_06,+1.00000000000000005e-04,16,+2.15443469003188210e-03,6,RE,+3.26763067562604762e-44
YUKAWA,GRID_06,+1.00000000000000005e-04,16,+2.15443469003188210e-03,6,IM,+9.70424339356402721e-30
YUKAWA,GRID_06,+1.00000000000000005e-04,17,+2.61015721568253574e-03,2,RE,+7.74008296791697825e-46
YUKAWA,GRID_06,+1.00000000000000005e-04,17,+2.61015721568253574e-03,2,IM,+3.40465067654986688e-32
YUKAWA,GRID_06,+1.00000000000000005e-04,17,+2.61015721568253574e-03,4,RE,+7.49926821361998786e-46
YUKAWA,GRID_06,+1.00000000000000005e-04,17,+2.61015721568253574e-03,4,IM,+6.75203526811908718e-32
YUKAWA,GRID_06,+1.00000000000000005e-04,17,+2.61015721568253574e-03,6,RE,+7.41267067202828971e-46
YUKAWA,GRID_06,+1.00000000000000005e-04,17,+2.61015721568253574e-03,6,IM,+9.98650337222171999e-32
YUKAWA,GRID_06,+1.00000000000000005e-04,18,+3.16227766016837939e-03,2,RE,+2.83633641211106388e-48
YUKAWA,GRID_06,+1.00000000000000005e-04,18,+3.16227766016837939e-03,2,IM,+1.33323453518605522e-34
YUKAWA,GRID_06,+1.00000000000000005e-04,18,+3.16227766016837939e-03,4,RE,+2.74997421335142536e-48
YUKAWA,GRID_06,+1.00000000000000005e-04,18,+3.16227766016837939e-03,4,IM,+2.64306972759004675e-34
YUKAWA,GRID_06,+1.00000000000000005e-04,18,+3.16227766016837939e-03,6,RE,+2.66657192037497225e-48
YUKAWA,GRID_06,+1.00000000000000005e-04,18,+3.16227766016837939e-03,6,IM,+3.90679483020194793e-34
YUKAWA,GRID_06,+1.00000000000000005e-04,19,+3.83118684955728508e-03,2,RE,+4.28346817867612851e-51
YUKAWA,GRID_06,+1.00000000000000005e-04,19,+3.83118684955728508e-03,2,IM,+1.61832537499272415e-37
YUKAWA,GRID_06,+1.00000000000000005e-04,19,+3.83118684955728508e-03,4,RE,+4.21956367267184482e-51
YUKAWA,GRID_06,+1.00000000000000005e-04,19,+3.83118684955728508e-03,4,IM,+3.20681538636919129e-37
YUKAWA,GRID_06,+1.00000000000000005e-04,19,+3.83118684955728508e-03,6,RE,+3.87345451043868208e-51
YUKAWA,GRID_06,+1.00000000000000005e-04,19,+3.83118684955728508e-03,6,IM,+4.73655654059430535e-37
YUKAWA,GRID_06,+1.00000000000000005e-04,20,+4.64158883361277721e-03,2,RE,-6.63624983736581692e-56
YUKAWA,GRID_06,+1.00000000000000005e-04,20,+4.64158883361277721e-03,2,IM,+4.75464941628876954e-41
YUKAWA,GRID_06,+1.00000000000000005e-04,20,+4.64158883361277721e-03,4,RE,-8.75021710920878216e-56
YUKAWA,GRID_06,+1.00000000000000005e-04,20,+4.64158883361277721e-03,4,IM,+9.41654570939101590e-41
YUKAWA,GRID_06,+1.00000000000000005e-04,20,+4.64158883361277721e-03,6,RE,-1.72830575757794795e-56
YUKAWA,GRID_06,+1.00000000000000005e-04,20,+4.64158883361277721e-03,6,IM,+1.38959668526229444e-40
YUKAWA,GRID_06,+1.00000000000000005e-04,21,+5.62341325190349097e-03,2,RE,-1.20137703129057390e-58
YUKAWA,GRID_06,+1.00000000000000005e-04,21,+5.62341325190349097e-03,2,IM,+2.50581806989650435e-45
YUKAWA,GRID_06,+1.00000000000000005e-04,21,+5.62341325190349097e-03,4,RE,-1.16780431364738035e-58
YUKAWA,GRID_06,+1.00000000000000005e-04,21,+5.62341325190349097e-03,4,IM,+4.95950033727941638e-45
YUKAWA,GRID_06,+1.00000000000000005e-04,21,+5.62341325190349097e-03,6,RE,-1.17580202707915429e-58
YUKAWA,GRID_06,+1.00000000000000005e-04,21,+5.62341325190349097e-03,6,IM,+7.31072714735091601e-45
YUKAWA,GRID_06,+1.00000000000000005e-04,22,+6.81292069057960834e-03,2,RE,-4.08169105579945827e-65
YUKAWA,GRID_06,+1.00000000000000005e-04,22,+6.81292069057960834e-03,2,IM,+1.64803852929043650e-50
YUKAWA,GRID_06,+1.00000000000000005e-04,22,+6.81292069057960834e-03,4,RE,-4.37938511071940082e-65
YUKAWA,GRID_06,+1.00000000000000005e-04,22,+6.81292069057960834e-03,4,IM,+3.25919801520106560e-50
YUKAWA,GRID_06,+1.00000000000000005e-04,22,+6.81292069057960834e-03,6,RE,-6.82421256976046093e-65
YUKAWA,GRID_06,+1.00000000000000005e-04,22,+6.81292069057960834e-03,6,IM,+4.79798033139047908e-50
YUKAWA,GRID_06,+1.00000000000000005e-04,23,+8.25404185268018183e-03,2,RE,-2.94609158085738150e-70
YUKAWA,GRID_06,+1.00000000000000005e-04,23,+8.25404185268018183e-03,2,IM,+8.71554279600075112e-57
YUKAWA,GRID_06,+1.00000000000000005e-04,23,+8.25404185268018183e-03,4,RE,-2.96531853690496085e-70
YUKAWA,GRID_06,+1.00000000000000005e-04,23,+8.25404185268018183e-03,4,IM,+1.72194703084162298e-56
YUKAWA,GRID_06,+1.00000000000000005e-04,23,+8.25404185268018183e-03,6,RE,-3.05127607248332596e-70
YUKAWA,GRID_06,+1.00000000000000005e-04,23,+8.25404185268018183e-03,6,IM,+2.53087594237907771e-56
YUKAWA,GRID_06,+1.00000000000000005e-04,24,+1.00000000000000002e-02,2,RE,-3.76175266560937043e-78
YUKAWA,GRID_06,+1.00000000000000005e-04,24,+1.00000000000000002e-02,2,IM,+2.17633923854641461e-64
YUKAWA,GRID_06,+1.00000000000000005e-04,24,+1.00000000000000002e-02,4,RE,-3.56529493502120160e-78
YUKAWA,GRID_06,+1.00000000000000005e-04,24,+1.00000000000000002e-02,4,IM,+4.29482416149216794e-64
YUKAWA,GRID_06,+1.00000000000000005e-04,24,+1.00000000000000002e-02,6,RE,-3.77965459661788551e-78
YUKAWA,GRID_06,+1.00000000000000005e-04,24,+1.00000000000000002e-02,6,IM,+6.30017059555495342e-64
YUKAWA,GRID_07,+1.46779926762206892e-04,0,+1.00000000000000005e-04,2,RE,+1.07142673920305230e-34
YUKAWA,GRID_07,+1.46779926762206892e-04,0,+1.00000000000000005e-04,2,IM,+2.29756046616161641e-20
YUKAWA,GRID_07,+1.46779926762206892e-04,0,+1.00000000000000005e-04,4,RE,+9.09249714456389618e-35
YUKAWA,GRID_07,+1.46779926762206892e-04,0,+1.00000000000000005e-04,4,IM,+4.54957200067275435e-20
YUKAWA,GRID_07,+1.46779926762206892e-04,0,+1.00000000000000005e-04,6,RE,+1.01528707708762909e-34
YUKAWA,GRID_07,+1.46779926762206892e-04,0,+1.00000000000000005e-04,6,IM,+6.71200975364149369e-20
YUKAWA,GRID_07,+1.46779926762206892e-04,1,+1.21152765862858885e-04,2,RE,+1.15644347913537253e-34
YUKAWA,GRID_07,+1.46779926762206892e-04,1,+1.21152765862858885e-04,2,IM,+1.98712122114146882e-20
YUKAWA,GRID_07,+1.46779926762206892e-04,1,+1.21152765862858885e-04,4,RE,+9.89405857607057432e-35
YUKAWA,GRID_07,+1.46779926762206892e-04,1,+1.21152765862858885e-04,4,IM,+3.93476636774419382e-20
YUKAWA,GRID_07,+1.46779926762206892e-04,1,+1.21152765862858885e-04,6,RE,+8.40208668077818838e-35
YUKAWA,GRID_07,+1.46779926762206892e-04,1,+1.21152765862858885e-04,6,IM,+5.80478293823560174e-20
YUKAWA,GRID_07,+1.46779926762206892e-04,2,+1.46779926762206892e-04,2,RE,+1.31940145444571393e-34
YUKAWA,GRID_07,+1.46779926762206892e-04,2,+1.46779926762206892e-04,2,IM,+1.66666295737843423e-20
YUKAWA,GRID_07,+1.46779926762206892e-04,2,+1.46779926762206892e-04,4,RE,+1.19574793635736389e-34
YUKAWA,GRID_07,+1.46779926762206892e-04,2,+1.46779926762206892e-04,4,IM,+3.30013316300361030e-20
YUKAWA,GRID_07,+1.46779926762206892e-04,2,+1.46779926762206892e-04,6,RE,+9.50728063058387715e-35
YUKAWA,GRID_07,+1.46779926762206892e-04,2,+1.46779926762206892e-04,6,IM,+4.86833350896107342e-20
YUKAWA,GRID_07,+1.46779926762206892e-04,3,+1.77827941003892270e-04,2,RE,-7.64043630191491608e-35
YUKAWA,GRID_07,+1.46779926762206892e-04,3,+1.77827941003892270e-04,2,IM,+1.34684397496119722e-20
YUKAWA,GRID_07,+1.46779926762206892e-04,3,+1.77827941003892270e-04,4,RE,-7.24743866345890134e-35
YUKAWA,GRID_07,+1.46779926762206892e-04,3,+1.77827941003892270e-04,4,IM,+2.66678346551160061e-20
YUKAWA,GRID_07,+1.46779926762206892e-04,3,+1.77827941003892270e-04,6,RE,-7.66551856673872821e-35
YUKAWA,GRID_07,+1.46779926762206892e-04,3,+1.77827941003892270e-04,6,IM,+3.93382096745560876e-20
YUKAWA,GRID_07,+1.46779926762206892e-04,4,+2.15443469003188449e-04,2,RE,+1.69574004416706158e-34
YUKAWA,GRID_07,+1.46779926762206892e-04,4,+2.15443469003188449e-04,2,IM,+1.04043923340267080e-20
YUKAWA,GRID_07,+1.46779926762206892e-04,4,+2.15443469003188449e-04,4,RE,+1.79217252222435409e-34
YUKAWA,GRID_07,+1.46779926762206892e-04,4,+2.15443469003188449e-04,4,IM,+2.06001876059974269e-20
YUKAWA,GRID_07,+1.46779926762206892e-04,4,+2.15443469003188449e-04,6,RE,+1.51370861406665202e-34
YUKAWA,GRID_07,+1.46779926762206892e-04,4,+2.15443469003188449e-04,6,IM,+3.03858460771994462e-20
YUKAWA,GRID_07,+1.46779926762206892e-04,5,+2.61015721568253574e-04,2,RE,-5.06496930329237505e-35
YUKAWA,GRID_07,+1.46779926762206892e-04,5,+2.61015721568253574e-04,2,IM,+7.61040373704122392e-21
YUKAWA,GRID_07,+1.46779926762206892e-04,5,+2.61015721568253574e-04,4,RE,-4.80322030983303171e-35
YUKAWA,GRID_07,+1.46779926762206892e-04,5,+2.61015721568253574e-04,4,IM,+1.50675539223940207e-20
YUKAWA,GRID_07,+1.46779926762206892e-04,5,+2.61015721568253574e-04,6,RE,-4.74255832647066919e-35
YUKAWA,GRID_07,+1.46779926762206892e-04,5,+2.61015721568253574e-04,6,IM,+2.22234044317102794e-20
YUKAWA,GRID_07,+1.46779926762206892e-04,6,+3.16227766016837939e-04,2,RE,+2.95535178283614337e-35
YUKAWA,GRID_07,+1.46779926762206892e-04,6,+3.16227766016837939e-04,2,IM,+5.21047124161509134e-21
YUKAWA,GRID_07,+1.46779926762206892e-04,6,+3.16227766016837939e-04,4,RE,+2.94644915221224822e-35
YUKAWA,GRID_07,+1.46779926762206892e-04,6,+3.16227766016837939e-04,4,IM,+1.03154590538983077e-20
YUKAWA,GRID_07,+1.46779926762206892e-04,6,+3.16227766016837939e-04,6,RE,+2.34707945396352173e-35
YUKAWA,GRID_07,+1.46779926762206892e-04,6,+3.16227766016837939e-04,6,IM,+1.52130830104524857e-20
YUKAWA,GRID_07,+1.46779926762206892e-04,7,+3.83118684955728529e-04,2,RE,-1.23501298444858775e-35
YUKAWA,GRID_07,+1.46779926762206892e-04,7,+3.83118684955728529e-04,2,IM,+3.29269713142533479e-21
YUKAWA,GRID_07,+1.46779926762206892e-04,7,+3.83118684955728529e-04,4,RE,-1.06889885527937765e-35
YUKAWA,GRID_07,+1.46779926762206892e-04,7,+3.83118684955728529e-04,4,IM,+6.51830787182972375e-21
YUKAWA,GRID_07,+1.46779926762206892e-04,7,+3.83118684955728529e-04,6,RE,-1.08260921924737375e-35
YUKAWA,GRID_07,+1.46779926762206892e-04,7,+3.83118684955728529e-04,6,IM,+9.61205176079937438e-21
YUKAWA,GRID_07,+1.46779926762206892e-04,8,+4.64158883361277732e-04,2,RE,+1.56956151683909179e-36
YUKAWA,GRID_07,+1.46779926762206892e-04,8,+4.64158883361277732e-04,2,IM,+1.88832068230588397e-21
YUKAWA,GRID_07,+1.46779926762206892e-04,8,+4.64158883361277732e-04,4,RE,-1.03810337437284379e-36
YUKAWA,GRID_07,+1.46779926762206892e-04,8,+4.64158883361277732e-04,4,IM,+3.73787125009424250e-21
YUKAWA,GRID_07,+1.46779926762206892e-04,8,+4.64158883361277732e-04,6,RE,-1.71049156943197622e-36
YUKAWA,GRID_07,+1.46779926762206892e-04,8,+4.64158883361277732e-04,6,IM,+5.51122433824424044e-21
YUKAWA,GRID_07,+1.46779926762206892e-04,9,+5.62341325190349097e-04,2,RE,-5.35685391599951148e-36
YUKAWA,GRID_07,+1.46779926762206892e-04,9,+5.62341325190349097e-04,2,IM,+9.62804615791814462e-22
YUKAWA,GRID_07,+1.46779926762206892e-04,9,+5.62341325190349097e-04,4,RE,-5.94867149566119177e-36
YUKAWA,GRID_07,+1.46779926762206892e-04,9,+5.62341325190349097e-04,4,IM,+1.90565798517727487e-21
YUKAWA,GRID_07,+1.46779926762206892e-04,9,+5.62341325190349097e-04,6,RE,-5.51872723023019401e-36
YUKAWA,GRID_07,+1.46779926762206892e-04,9,+5.62341325190349097e-04,6,IM,+2.80930615532603683e-21
YUKAWA,GRID_07,+1.46779926762206892e-04,10,+6.81292069057960856e-04,2,RE,-2.53665351705596233e-36
YUKAWA,GRID_07,+1.46779926762206892e-04,10,+6.81292069057960856e-04,2,IM,+4.25741239452237702e-22
YUKAWA,GRID_07,+1.46779926762206892e-04,10,+6.81292069057960856e-04,4,RE,-2.23865506017652851e-36
YUKAWA,GRID_07,+1.46779926762206892e-04,10,+6.81292069057960856e-04,4,IM,+8.42562025347473360e-22
YUKAWA,GRID_07,+1.46779926762206892e-04,10,+6.81292069057960856e-04,6,RE,-2.55508733707987258e-36
YUKAWA,GRID_07,+1.46779926762206892e-04,10,+6.81292069057960856e-04,6,IM,+1.24185709034377256e-21
YUKAWA,GRID_07,+1.46779926762206892e-04,11,+8.25404185268018118e-04,2,RE,+5.80445384826019349e-37
YUKAWA,GRID_07,+1.46779926762206892e-04,11,+8.25404185268018118e-04,2,IM,+1.58425561033433720e-22
YUKAWA,GRID_07,+1.46779926762206892e-04,11,+8.25404185268018118e-04,4,RE,+6.36512804750070248e-37
YUKAWA,GRID_07,+1.46779926762206892e-04,11,+8.25404185268018118e-04,4,IM,+3.13487384936391801e-22
YUKAWA,GRID_07,+1.46779926762206892e-04,11,+8.25404185268018118e-04,6,RE,+5.28068886812080094e-37
YUKAWA,GRID_07,+1.46779926762206892e-04,11,+8.25404185268018118e-04,6,IM,+4.61942146459715063e-22
YUKAWA,GRID_07,+1.46779926762206892e-04,12,+1.00000000000000002e-03,2,RE,+2.85603236386474090e-37
YUKAWA,GRID_07,+1.46779926762206892e-04,12,+1.00000000000000002e-03,2,IM,+4.78346670008710098e-23
YUKAWA,GRID_07,+1.46779926762206892e-04,12,+1.00000000000000002e-03,4,RE,+3.70116932908774320e-37
YUKAWA,GRID_07,+1.46779926762206892e-04,12,+1.00000000000000002e-03,4,IM,+9.46374971522754981e-23
YUKAWA,GRID_07,+1.46779926762206892e-04,12,+1.00000000000000002e-03,6,RE,+2.82048173678750640e-37
YUKAWA,GRID_07,+1.46779926762206892e-04,12,+1.00000000000000002e-03,6,IM,+1.39414170357531698e-22
YUKAWA,GRID_07,+1.46779926762206892e-04,13,+1.21152765862858765e-03,2,RE,+1.02226049196500471e-37
YUKAWA,GRID_07,+1.46779926762206892e-04,13,+1.21152765862858765e-03,2,IM,+1.12129808253207152e-23
YUKAWA,GRID_07,+1.46779926762206892e-04,13,+1.21152765862858765e-03,4,RE,+1.06420550313598902e-37
YUKAWA,GRID_07,+1.46779926762206892e-04,13,+1.21152765862858765e-03,4,IM,+2.21794882883252791e-23
YUKAWA,GRID_07,+1.46779926762206892e-04,13,+1.21152765862858765e-03,6,RE,+8.88708398806884005e-38
YUKAWA,GRID_07,+1.46779926762206892e-04,13,+1.21152765862858765e-03,6,IM,+3.26621784209524733e-23
YUKAWA,GRID_07,+1.46779926762206892e-04,14,+1.46779926762206914e-03,2,RE,+3.92464562518633958e-39
YUKAWA,GRID_07,+1.46779926762206892e-04,14,+1.46779926762206914e-03,2,IM,+1.93434987126601442e-24
YUKAWA,GRID_07,+1.46779926762206892e-04,14,+1.46779926762206914e-03,4,RE,+2.27746986784243706e-39
YUKAWA,GRID_07,+1.46779926762206892e-04,14,+1.46779926762206914e-03,4,IM,+3.82521959077028369e-24
YUKAWA,GRID_07,+1.46779926762206892e-04,14,+1.46779926762206914e-03,6,RE,+1.56784897514213780e-39
YUKAWA,GRID_07,+1.46779926762206892e-04,14,+1.46779926762206914e-03,6,IM,+5.63077537345903748e-24
YUKAWA,GRID_07,+1.46779926762206892e-04,15,+1.77827941003892275e-03,2,RE,+3.21759533698148319e-43
YUKAWA,GRID_07,+1.46779926762206892e-04,15,+1.77827941003892275e-03,2,IM,+2.30174904647627761e-25
YUKAWA,GRID_07,+1.46779926762206892e-04,15,+1.77827941003892275e-03,4,RE,+3.36878507966829158e-40
YUKAWA,GRID_07,+1.46779926762206892e-04,15,+1.77827941003892275e-03,4,IM,+4.55037439048512567e-25
YUKAWA,GRID_07,+1.46779926762206892e-04,15,+1.77827941003892275e-03,6,RE,+6.50235567429656772e-41
YUKAWA,GRID_07,+1.46779926762206892e-04,15,+1.77827941003892275e-03,6,IM,+6.69481690869958727e-25
YUKAWA,GRID_07,+1.46779926762206892e-04,16,+2.15443469003188210e-03,2,RE,+1.32271988255394839e-40
YUKAWA,GRID_07,+1.46779926762206892e-04,16,+2.15443469003188210e-03,2,IM,+1.74674171071018241e-26
YUKAWA,GRID_07,+1.46779926762206892e-04,16,+2.15443469003188210e-03,4,RE,+1.46099848584439857e-40
YUKAWA,GRID_07,+1.46779926762206892e-04,16,+2.15443469003188210e-03,4,IM,+3.45189595132444209e-26
YUKAWA,GRID_07,+1.46779926762206892e-04,16,+2.15443469003188210e-03,6,RE,+1.27834093191921281e-40
YUKAWA,GRID_07,+1.46779926762206892e-04,16,+2.15443469003188210e-03,6,IM,+5.07554179682252192e-26
YUKAWA,GRID_07,+1.46779926762206892e-04,17,+2.61015721568253574e-03,2,RE,+9.05457832093783274e-42
YUKAWA,GRID_07,+1.46779926762206892e-04,17,+2.61015721568253574e-03,2,IM,+7.68777152572416789e-28
YUKAWA,GRID_07,+1.46779926762206892e-04,17,+2.61015721568253574e-03,4,RE,+8.67710495340235400e-42
YUKAWA,GRID_07,+1.46779926762206892e-04,17,+2.61015721568253574e-03,4,IM,+1.51857215066242498e-27
YUKAWA,GRID_07,+1.46779926762206892e-04,17,+2.61015721568253574e-03,6,RE,+8.02756213479768942e-42
YUKAWA,GRID_07,+1.46779926762206892e-04,17,+2.61015721568253574e-03,6,IM,+2.23119132166522206e-27
YUKAWA,GRID_07,+1.46779926762206892e-04,18,+3.16227766016837939e-03,2,RE,+1.50010491681745533e-43
YUKAWA,GRID_07,+1.46779926762206892e-04,18,+3.16227766016837939e-03,2,IM,+1.74914696216224003e-29
YUKAWA,GRID_07,+1.46779926762206892e-04,18,+3.16227766016837939e-03,4,RE,+1.51093569811783929e-43
YUKAWA,GRID_07,+1.46779926762206892e-04,18,+3.16227766016837939e-03,4,IM,+3.45323517954103632e-29
YUKAWA,GRID_07,+1.46779926762206892e-04,18,+3.16227766016837939e-03,6,RE,+1.48173620450536953e-43
YUKAWA,GRID_07,+1.46779926762206892e-04,18,+3.16227766016837939e-03,6,IM,+5.06915747811074953e-29
YUKAWA,GRID_07,+1.46779926762206892e-04,19,+3.83118684955728508e-03,2,RE,+3.16079702805184274e-45
YUKAWA,GRID_07,+1.46779926762206892e-04,19,+3.83118684955728508e-03,2,IM,+1.78988138784035531e-31
YUKAWA,GRID_07,+1.46779926762206892e-04,19,+3.83118684955728508e-03,4,RE,+3.03912739887915527e-45
YUKAWA,GRID_07,+1.46779926762206892e-04,19,+3.83118684955728508e-03,4,IM,+3.53133763476593070e-31
YUKAWA,GRID_07,+1.46779926762206892e-04,19,+3.83118684955728508e-03,6,RE,+2.89292940356933600e-45
YUKAWA,GRID_07,+1.46779926762206892e-04,19,+3.83118684955728508e-03,6,IM,+5.17814495887610351e-31
YUKAWA,GRID_07,+1.46779926762206892e-04,20,+4.64158883361277721e-03,2,RE,-1.67454783653912124e-48
YUKAWA,GRID_07,+1.46779926762206892e-04,20,+4.64158883361277721e-03,2,IM,+6.95912978693722369e-34
YUKAWA,GRID_07,+1.46779926762206892e-04,20,+4.64158883361277721e-03,4,RE,-1.13180189177967156e-48
YUKAWA,GRID_07,+1.46779926762206892e-04,20,+4.64158883361277721e-03,4,IM,+1.37190729057162108e-33
YUKAWA,GRID_07,+1.46779926762206892e-04,20,+4.64158883361277721e-03,6,RE,-1.50919245972470939e-48
YUKAWA,GRID_07,+1.46779926762206892e-04,20,+4.64158883361277721e-03,6,IM,+2.00902152686336876e-33
YUKAWA,GRID_07,+1.46779926762206892e-04,21,+5.62341325190349097e-03,2,RE,-2.28264867621008618e-50
YUKAWA,GRID_07,+1.46779926762206892e-04,21,+5.62341325190349097e-03,2,IM,+8.38163106192650099e-37
YUKAWA,GRID_07,+1.46779926762206892e-04,21,+5.62341325190349097e-03,4,RE,-2.26044689679402267e-50
YUKAWA,GRID_07,+1.46779926762206892e-04,21,+5.62341325190349097e-03,4,IM,+1.65074554752881339e-36
YUKAWA,GRID_07,+1.46779926762206892e-04,21,+5.62341325190349097e-03,6,RE,-2.22859767918205820e-50
YUKAWA,GRID_07,+1.46779926762206892e-04,21,+5.62341325190349097e-03,6,IM,+2.41347649832047095e-36
YUKAWA,GRID_07,+1.46779926762206892e-04,22,+6.81292069057960834e-03,2,RE,-2.94482589365613253e-55
YUKAWA,GRID_07,+1.46779926762206892e-04,22,+6.81292069057960834e-03,2,IM,+2.44197487007427517e-40
YUKAWA,GRID_07,+1.46779926762206892e-04,22,+6.81292069057960834e-03,4,RE,-2.00693879031175523e-55
YUKAWA,GRID_07,+1.46779926762206892e-04,22,+6.81292069057960834e-03,4,IM,+4.80381192235446915e-40
YUKAWA,GRID_07,+1.46779926762206892e-04,22,+6.81292069057960834e-03,6,RE,-4.11740632619779311e-55
YUKAWA,GRID_07,+1.46779926762206892e-04,22,+6.81292069057960834e-03,6,IM,+7.00978179253860703e-40
YUKAWA,GRID_07,+1.46779926762206892e-04,23,+8.25404185268018183e-03,2,RE,-1.62101269434411719e-58
YUKAWA,GRID_07,+1.46779926762206892e-04,23,+8.25404185268018183e-03,2,IM,+1.27561363081115110e-44
YUKAWA,GRID_07,+1.46779926762206892e-04,23,+8.25404185268018183e-03,4,RE,-1.61987197007166493e-58
YUKAWA,GRID_07,+1.46779926762206892e-04,23,+8.25404185268018183e-03,4,IM,+2.50581981981720375e-44
YUKAWA,GRID_07,+1.46779926762206892e-04,23,+8.25404185268018183e-03,6,RE,-1.62284723446595086e-58
YUKAWA,GRID_07,+1.46779926762206892e-04,23,+8.25404185268018183e-03,6,IM,+3.64791812530787869e-44
YUKAWA,GRID_07,+1.46779926762206892e-04,24,+1.00000000000000002e-02,2,RE,-7.28593638535903468e-64
YUKAWA,GRID_07,+1.46779926762206892e-04,24,+1.00000000000000002e-02,2,IM,+8.31234821262255195e-50
YUKAWA,GRID_07,+1.46779926762206892e-04,24,+1.00000000000000002e-02,4,RE,-6.63174716760886963e-64
YUKAWA,GRID_07,+1.46779926762206892e-04,24,+1.00000000000000002e-02,4,IM,+1.63008484433992023e-49
YUKAWA,GRID_07,+1.46779926762206892e-04,24,+1.00000000000000002e-02,6,RE,-6.37118466601920939e-64
YUKAWA,GRID_07,+1.46779926762206892e-04,24,+1.00000000000000002e-02,6,IM,+2.36627625809266956e-49
YUKAWA,GRID_08,+2.15443469003188232e-04,0,+1.00000000000000005e-04,2,RE,+3.27930308144315581e-34
YUKAWA,GRID_08,+2.15443469003188232e-04,0,+1.00000000000000005e-04,2,IM,+1.55663774134330748e-19
YUKAWA,GRID_08,+2.15443469003188232e-04,0,+1.00000000000000005e-04,4,RE,+3.66195124340044762e-34
YUKAWA,GRID_08,+2.15443469003188232e-04,0,+1.00000000000000005e-04,4,IM,+3.06792211831581115e-19
YUKAWA,GRID_08,+2.15443469003188232e-04,0,+1.00000000000000005e-04,6,RE,+2.59846778119293474e-34
YUKAWA,GRID_08,+2.15443469003188232e-04,0,+1.00000000000000005e-04,6,IM,+4.49074272456164364e-19
YUKAWA,GRID_08,+2.15443469003188232e-04,1,+1.21152765862858885e-04,2,RE,+3.03176960754108778e-34
YUKAWA,GRID_08,+2.15443469003188232e-04,1,+1.21152765862858885e-04,2,IM,+1.40958541285764776e-19
YUKAWA,GRID_08,+2.15443469003188232e-04,1,+1.21152765862858885e-04,4,RE,+3.52352050263996935e-34
YUKAWA,GRID_08,+2.15443469003188232e-04,1,+1.21152765862858885e-04,4,IM,+2.77801730768532834e-19
YUKAWA,GRID_08,+2.15443469003188232e-04,1,+1.21152765862858885e-04,6,RE,+3.61597794572029179e-34
YUKAWA,GRID_08,+2.15443469003188232e-04,1,+1.21152765862858885e-04,6,IM,+4.06618151321751118e-19
YUKAWA,GRID_08,+2.15443469003188232e-04,2,+1.46779926762206892e-04,2,RE,+8.10716540720539939e-34
YUKAWA,GRID_08,+2.15443469003188232e-04,2,+1.46779926762206892e-04,2,IM,+1.24991495739423658e-19
YUKAWA,GRID_08,+2.15443469003188232e-04,2,+1.46779926762206892e-04,4,RE,+7.84545499096791196e-34
YUKAWA,GRID_08,+2.15443469003188232e-04,2,+1.46779926762206892e-04,4,IM,+2.46324717828217293e-19
YUKAWA,GRID_08,+2.15443469003188232e-04,2,+1.46779926762206892e-04,6,RE,+6.49610422007841816e-34
YUKAWA,GRID_08,+2.15443469003188232e-04,2,+1.46779926762206892e-04,6,IM,+3.60523117727836831e-19
YUKAWA,GRID_08,+2.15443469003188232e-04,3,+1.77827941003892270e-04,2,RE,-3.10702721704595711e-34
YUKAWA,GRID_08,+2.15443469003188232e-04,3,+1.77827941003892270e-04,2,IM,+1.08050632460844780e-19
YUKAWA,GRID_08,+2.15443469003188232e-04,3,+1.77827941003892270e-04,4,RE,-2.33511731131031338e-34
YUKAWA,GRID_08,+2.15443469003188232e-04,3,+1.77827941003892270e-04,4,IM,+2.12929302458032875e-19
YUKAWA,GRID_08,+2.15443469003188232e-04,3,+1.77827941003892270e-04,6,RE,-3.04024177871153669e-34
YUKAWA,GRID_08,+2.15443469003188232e-04,3,+1.77827941003892270e-04,6,IM,+3.11622078075986792e-19
YUKAWA,GRID_08,+2.15443469003188232e-04,4,+2.15443469003188449e-04,2,RE,+8.58540784233381840e-34
YUKAWA,GRID_08,+2.15443469003188232e-04,4,+2.15443469003188449e-04,2,IM,+9.05726445469579308e-20
YUKAWA,GRID_08,+2.15443469003188232e-04,4,+2.15443469003188449e-04,4,RE,+8.97704090964925034e-34
YUKAWA,GRID_08,+2.15443469003188232e-04,4,+2.15443469003188449e-04,4,IM,+1.78476750306054670e-19
YUKAWA,GRID_08,+2.15443469003188232e-04,4,+2.15443469003188449e-04,6,RE,+7.95904920813771890e-34
YUKAWA,GRID_08,+2.15443469003188232e-04,4,+2.15443469003188449e-04,6,IM,+2.61177199810714620e-19
YUKAWA,GRID_08,+2.15443469003188232e-04,5,+2.61015721568253574e-04,2,RE,-2.63697065712262351e-34
YUKAWA,GRID_08,+2.15443469003188232e-04,5,+2.61015721568253574e-04,2,IM,+7.31410625242885552e-20
YUKAWA,GRID_08,+2.15443469003188232e-04,5,+2.61015721568253574e-04,4,RE,-1.96763105270214291e-34
YUKAWA,GRID_08,+2.15443469003188232e-04,5,+2.61015721568253574e-04,4,IM,+1.44117717341219185e-19
YUKAWA,GRID_08,+2.15443469003188232e-04,5,+2.61015721568253574e-04,6,RE,-2.58424849007408151e-34
YUKAWA,GRID_08,+2.15443469003188232e-04,5,+2.61015721568253574e-04,6,IM,+2.10874236229913404e-19
YUKAWA,GRID_08,+2.15443469003188232e-04,6,+3.16227766016837939e-04,2,RE,+1.88196238227226753e-34
YUKAWA,GRID_08,+2.15443469003188232e-04,6,+3.16227766016837939e-04,2,IM,+5.64538833908267805e-20
YUKAWA,GRID_08,+2.15443469003188232e-04,6,+3.16227766016837939e-04,4,RE,+1.93618595153443911e-34
YUKAWA,GRID_08,+2.15443469003188232e-04,6,+3.16227766016837939e-04,4,IM,+1.11228329023556576e-19
YUKAWA,GRID_08,+2.15443469003188232e-04,6,+3.16227766016837939e-04,6,RE,+1.68623826699520152e-34
YUKAWA,GRID_08,+2.15443469003188232e-04,6,+3.16227766016837939e-04,6,IM,+1.62728663092600852e-19
YUKAWA,GRID_08,+2.15443469003188232e-04,7,+3.83118684955728529e-04,2,RE,-3.67194196443731896e-35
YUKAWA,GRID_08,+2.15443469003188232e-04,7,+3.83118684955728529e-04,2,IM,+4.12519654735526011e-20
YUKAWA,GRID_08,+2.15443469003188232e-04,7,+3.83118684955728529e-04,4,RE,-2.58869297668934988e-35
YUKAWA,GRID_08,+2.15443469003188232e-04,7,+3.83118684955728529e-04,4,IM,+8.12689064077842337e-20
YUKAWA,GRID_08,+2.15443469003188232e-04,7,+3.83118684955728529e-04,6,RE,-3.17060094895173911e-35
YUKAWA,GRID_08,+2.15443469003188232e-04,7,+3.83118684955728529e-04,6,IM,+1.18878520216715835e-19
YUKAWA,GRID_08,+2.15443469003188232e-04,8,+4.64158883361277732e-04,2,RE,+1.59763145298275141e-35
YUKAWA,GRID_08,+2.15443469003188232e-04,8,+4.64158883361277732e-04,2,IM,+2.82089513069763674e-20
YUKAWA,GRID_08,+2.15443469003188232e-04,8,+4.64158883361277732e-04,4,RE,+2.91782232159382048e-35
YUKAWA,GRID_08,+2.15443469003188232e-04,8,+4.64158883361277732e-04,4,IM,+5.55668839433055958e-20
YUKAWA,GRID_08,+2.15443469003188232e-04,8,+4.64158883361277732e-04,6,RE,-1.14182677367444847e-35
YUKAWA,GRID_08,+2.15443469003188232e-04,8,+4.64158883361277732e-04,6,IM,+8.12663231593504838e-20
YUKAWA,GRID_08,+2.15443469003188232e-04,9,+5.62341325190349097e-04,2,RE,-2.75820346327508515e-35
YUKAWA,GRID_08,+2.15443469003188232e-04,9,+5.62341325190349097e-04,2,IM,+1.78005008453362227e-20
YUKAWA,GRID_08,+2.15443469003188232e-04,9,+5.62341325190349097e-04,4,RE,-2.40530210626979938e-35
YUKAWA,GRID_08,+2.15443469003188232e-04,9,+5.62341325190349097e-04,4,IM,+3.50590333245478841e-20
YUKAWA,GRID_08,+2.15443469003188232e-04,9,+5.62341325190349097e-04,6,RE,-3.84120355131865160e-35
YUKAWA,GRID_08,+2.15443469003188232e-04,9,+5.62341325190349097e-04,6,IM,+5.12616098864151930e-20
YUKAWA,GRID_08,+2.15443469003188232e-04,10,+6.81292069057960856e-04,2,RE,-3.06956538685399364e-35
YUKAWA,GRID_08,+2.15443469003188232e-04,10,+6.81292069057960856e-04,2,IM,+1.01907560373927468e-20
YUKAWA,GRID_08,+2.15443469003188232e-04,10,+6.81292069057960856e-04,4,RE,-2.45198826339371190e-35
YUKAWA,GRID_08,+2.15443469003188232e-04,10,+6.81292069057960856e-04,4,IM,+2.00677991746381371e-20
YUKAWA,GRID_08,+2.15443469003188232e-04,10,+6.81292069057960856e-04,6,RE,-2.09446974623645006e-35
YUKAWA,GRID_08,+2.15443469003188232e-04,10,+6.81292069057960856e-04,6,IM,+2.93337882225690710e-20
YUKAWA,GRID_08,+2.15443469003188232e-04,11,+8.25404185268018118e-04,2,RE,+9.52087746911745694e-36
YUKAWA,GRID_08,+2.15443469003188232e-04,11,+8.25404185268018118e-04,2,IM,+5.18535862523531466e-21
YUKAWA,GRID_08,+2.15443469003188232e-04,11,+8.25404185268018118e-04,4,RE,+7.48369250508335382e-36
YUKAWA,GRID_08,+2.15443469003188232e-04,11,+8.25404185268018118e-04,4,IM,+1.02089724266929975e-20
YUKAWA,GRID_08,+2.15443469003188232e-04,11,+8.25404185268018118e-04,6,RE,+6.19163457753913962e-36
YUKAWA,GRID_08,+2.15443469003188232e-04,11,+8.25404185268018118e-04,6,IM,+1.49176470208820798e-20
YUKAWA,GRID_08,+2.15443469003188232e-04,12,+1.00000000000000002e-03,2,RE,+8.40928452927341508e-36
YUKAWA,GRID_08,+2.15443469003188232e-04,12,+1.00000000000000002e-03,2,IM,+2.28735778345179231e-21
YUKAWA,GRID_08,+2.15443469003188232e-04,12,+1.00000000000000002e-03,4,RE,+8.33902756040553000e-36
YUKAWA,GRID_08,+2.15443469003188232e-04,12,+1.00000000000000002e-03,4,IM,+4.50223501336596983e-21
YUKAWA,GRID_08,+2.15443469003188232e-04,12,+1.00000000000000002e-03,6,RE,+5.82541030544005995e-36
YUKAWA,GRID_08,+2.15443469003188232e-04,12,+1.00000000000000002e-03,6,IM,+6.57604215030780264e-21
YUKAWA,GRID_08,+2.15443469003188232e-04,13,+1.21152765862858765e-03,2,RE,+4.80237560110816182e-36
YUKAWA,GRID_08,+2.15443469003188232e-04,13,+1.21152765862858765e-03,2,IM,+8.48741539822076418e-22
YUKAWA,GRID_08,+2.15443469003188232e-04,13,+1.21152765862858765e-03,4,RE,+4.28138476895193453e-36
YUKAWA,GRID_08,+2.15443469003188232e-04,13,+1.21152765862858765e-03,4,IM,+1.67007988882793865e-21
YUKAWA,GRID_08,+2.15443469003188232e-04,13,+1.21152765862858765e-03,6,RE,+3.88920159742377583e-36
YUKAWA,GRID_08,+2.15443469003188232e-04,13,+1.21152765862858765e-03,6,IM,+2.43811016523696722e-21
YUKAWA,GRID_08,+2.15443469003188232e-04,14,+1.46779926762206914e-03,2,RE,-1.75208712000062513e-37
YUKAWA,GRID_08,+2.15443469003188232e-04,14,+1.46779926762206914e-03,2,IM,+2.55413639520523503e-22
YUKAWA,GRID_08,+2.15443469003188232e-04,14,+1.46779926762206914e-03,4,RE,-3.47409658430825167e-38
YUKAWA,GRID_08,+2.15443469003188232e-04,14,+1.46779926762206914e-03,4,IM,+5.02395353501236567e-22
YUKAWA,GRID_08,+2.15443469003188232e-04,14,+1.46779926762206914e-03,6,RE,+3.18748370088556171e-39
YUKAWA,GRID_08,+2.15443469003188232e-04,14,+1.46779926762206914e-03,6,IM,+7.32984382981417570e-22
YUKAWA,GRID_08,+2.15443469003188232e-04,15,+1.77827941003892275e-03,2,RE,-3.53808618597667501e-38
YUKAWA,GRID_08,+2.15443469003188232e-04,15,+1.77827941003892275e-03,2,IM,+5.96400417746287786e-23
YUKAWA,GRID_08,+2.15443469003188232e-04,15,+1.77827941003892275e-03,4,RE,-2.19737229715786253e-38
YUKAWA,GRID_08,+2.15443469003188232e-04,15,+1.77827941003892275e-03,4,IM,+1.17258759718062928e-22
YUKAWA,GRID_08,+2.15443469003188232e-04,15,+1.77827941003892275e-03,6,RE,-5.67846823845861086e-38
YUKAWA,GRID_08,+2.15443469003188232e-04,15,+1.77827941003892275e-03,6,IM,+1.70950722563767880e-22
YUKAWA,GRID_08,+2.15443469003188232e-04,16,+2.15443469003188210e-03,2,RE,+5.02592895030237655e-38
YUKAWA,GRID_08,+2.15443469003188232e-04,16,+2.15443469003188210e-03,2,IM,+1.02425513469380705e-23
YUKAWA,GRID_08,+2.15443469003188232e-04,16,+2.15443469003188210e-03,4,RE,+4.64730211674163677e-38
YUKAWA,GRID_08,+2.15443469003188232e-04,16,+2.15443469003188210e-03,4,IM,+2.01270555311028559e-23
YUKAWA,GRID_08,+2.15443469003188232e-04,16,+2.15443469003188210e-03,6,RE,+4.48248797834327270e-38
YUKAWA,GRID_08,+2.15443469003188232e-04,16,+2.15443469003188210e-03,6,IM,+2.93166252873944404e-23
YUKAWA,GRID_08,+2.15443469003188232e-04,17,+2.61015721568253574e-03,2,RE,+5.02110857973696747e-39
YUKAWA,GRID_08,+2.15443469003188232e-04,17,+2.61015721568253574e-03,2,IM,+1.21257167064871240e-24
YUKAWA,GRID_08,+2.15443469003188232e-04,17,+2.61015721568253574e-03,4,RE,+5.28680293684132891e-39
YUKAWA,GRID_08,+2.15443469003188232e-04,17,+2.61015721568253574e-03,4,IM,+2.38119224232093355e-24
YUKAWA,GRID_08,+2.15443469003188232e-04,17,+2.61015721568253574e-03,6,RE,+5.16785547565703553e-39
YUKAWA,GRID_08,+2.15443469003188232e-04,17,+2.61015721568253574e-03,6,IM,+3.46460185710869128e-24
YUKAWA,GRID_08,+2.15443469003188232e-04,18,+3.16227766016837939e-03,2,RE,+9.83978564118775624e-41
YUKAWA,GRID_08,+2.15443469003188232e-04,18,+3.16227766016837939e-03,2,IM,+9.14869181025569313e-26
YUKAWA,GRID_08,+2.15443469003188232e-04,18,+3.16227766016837939e-03,4,RE,+1.61827253369740612e-40
YUKAWA,GRID_08,+2.15443469003188232e-04,18,+3.16227766016837939e-03,4,IM,+1.79514961086029549e-25
YUKAWA,GRID_08,+2.15443469003188232e-04,18,+3.16227766016837939e-03,6,RE,+1.85472665787086261e-40
YUKAWA,GRID_08,+2.15443469003188232e-04,18,+3.16227766016837939e-03,6,IM,+2.60845987153480806e-25
YUKAWA,GRID_08,+2.15443469003188232e-04,19,+3.83118684955728508e-03,2,RE,+4.03455370974485525e-41
YUKAWA,GRID_08,+2.15443469003188232e-04,19,+3.83118684955728508e-03,2,IM,+4.00044367094689479e-27
YUKAWA,GRID_08,+2.15443469003188232e-04,19,+3.83118684955728508e-03,4,RE,+4.22180783434272214e-41
YUKAWA,GRID_08,+2.15443469003188232e-04,19,+3.83118684955728508e-03,4,IM,+7.84208062758233549e-27
YUKAWA,GRID_08,+2.15443469003188232e-04,19,+3.83118684955728508e-03,6,RE,+3.90243885320592625e-41
YUKAWA,GRID_08,+2.15443469003188232e-04,19,+3.83118684955728508e-03,6,IM,+1.13767352716410158e-26
YUKAWA,GRID_08,+2.15443469003188232e-04,20,+4.64158883361277721e-03,2,RE,-3.54470335561990002e-43
YUKAWA,GRID_08,+2.15443469003188232e-04,20,+4.64158883361277721e-03,2,IM,+9.03669765417116260e-29
YUKAWA,GRID_08,+2.15443469003188232e-04,20,+4.64158883361277721e-03,4,RE,-3.72895911434428157e-43
YUKAWA,GRID_08,+2.15443469003188232e-04,20,+4.64158883361277721e-03,4,IM,+1.76939899389894083e-28
YUKAWA,GRID_08,+2.15443469003188232e-04,20,+4.64158883361277721e-03,6,RE,-3.39143684392711800e-43
YUKAWA,GRID_08,+2.15443469003188232e-04,20,+4.64158883361277721e-03,6,IM,+2.56193059815355235e-28
YUKAWA,GRID_08,+2.15443469003188232e-04,21,+5.62341325190349097e-03,2,RE,-9.65233348465083542e-45
YUKAWA,GRID_08,+2.15443469003188232e-04,21,+5.62341325190349097e-03,2,IM,+9.17477720586083833e-31
YUKAWA,GRID_08,+2.15443469003188232e-04,21,+5.62341325190349097e-03,4,RE,-9.79874414092631474e-45
YUKAWA,GRID_08,+2.15443469003188232e-04,21,+5.62341325190349097e-03,4,IM,+1.79389506586610059e-30
YUKAWA,GRID_08,+2.15443469003188232e-04,21,+5.62341325190349097e-03,6,RE,-9.61414994710852253e-45
YUKAWA,GRID_08,+2.15443469003188232e-04,21,+5.62341325190349097e-03,6,IM,+2.59128372491438693e-30
YUKAWA,GRID_08,+2.15443469003188232e-04,22,+6.81292069057960834e-03,2,RE,-3.45949600346954067e-48
YUKAWA,GRID_08,+2.15443469003188232e-04,22,+6.81292069057960834e-03,2,IM,+3.53714429560836450e-33
YUKAWA,GRID_08,+2.15443469003188232e-04,22,+6.81292069057960834e-03,4,RE,-3.66916168356730786e-48
YUKAWA,GRID_08,+2.15443469003188232e-04,22,+6.81292069057960834e-03,4,IM,+6.90414013298244146e-33
YUKAWA,GRID_08,+2.15443469003188232e-04,22,+6.81292069057960834e-03,6,RE,-3.26596454138059215e-48
YUKAWA,GRID_08,+2.15443469003188232e-04,22,+6.81292069057960834e-03,6,IM,+9.94459402169502518e-33
YUKAWA,GRID_08,+2.15443469003188232e-04,23,+8.25404185268018183e-03,2,RE,-2.45467142800659304e-50
YUKAWA,GRID_08,+2.15443469003188232e-04,23,+8.25404185268018183e-03,2,IM,+4.22212699202696950e-36
YUKAWA,GRID_08,+2.15443469003188232e-04,23,+8.25404185268018183e-03,4,RE,-2.41861534350628105e-50
YUKAWA,GRID_08,+2.15443469003188232e-04,23,+8.25404185268018183e-03,4,IM,+8.22404789373679264e-36
YUKAWA,GRID_08,+2.15443469003188232e-04,23,+8.25404185268018183e-03,6,RE,-2.27817193127082083e-50
YUKAWA,GRID_08,+2.15443469003188232e-04,23,+8.25404185268018183e-03,6,IM,+1.18048318469260242e-35
YUKAWA,GRID_08,+2.15443469003188232e-04,24,+1.00000000000000002e-02,2,RE,-3.78321806296529067e-54
YUKAWA,GRID_08,+2.15443469003188232e-04,24,+1.00000000000000002e-02,2,IM,+1.21864756115577188e-39
YUKAWA,GRID_08,+2.15443469003188232e-04,24,+1.00000000000000002e-02,4,RE,-3.36979744980634154e-54
YUKAWA,GRID_08,+2.15443469003188232e-04,24,+1.00000000000000002e-02,4,IM,+2.36776546766595305e-39
YUKAWA,GRID_08,+2.15443469003188232e-04,24,+1.00000000000000002e-02,6,RE,-2.78076727737872708e-54
YUKAWA,GRID_08,+2.15443469003188232e-04,24,+1.00000000000000002e-02,6,IM,+3.38447235372786866e-39
YUKAWA,GRID_09,+3.16227766016837939e-04,0,+1.00000000000000005e-04,2,RE,-1.02781318187215867e-34
YUKAWA,GRID_09,+3.16227766016837939e-04,0,+1.00000000000000005e-04,2,IM,+9.69316492225855080e-19
YUKAWA,GRID_09,+3.16227766016837939e-04,0,+1.00000000000000005e-04,4,RE,+6.89754574895884430e-34
YUKAWA,GRID_09,+3.16227766016837939e-04,0,+1.00000000000000005e-04,4,IM,+1.89711012539856424e-18
YUKAWA,GRID_09,+3.16227766016837939e-04,0,+1.00000000000000005e-04,6,RE,+1.63741975644325469e-34
YUKAWA,GRID_09,+3.16227766016837939e-04,0,+1.00000000000000005e-04,6,IM,+2.74490187693191918e-18
YUKAWA,GRID_09,+3.16227766016837939e-04,1,+1.21152765862858885e-04,2,RE,+6.91855303918061955e-34
YUKAWA,GRID_09,+3.16227766016837939e-04,1,+1.21152765862858885e-04,2,IM,+9.05645667337163964e-19
YUKAWA,GRID_09,+3.16227766016837939e-04,1,+1.21152765862858885e-04,4,RE,+4.70166746373766430e-34
YUKAWA,GRID_09,+3.16227766016837939e-04,1,+1.21152765862858885e-04,4,IM,+1.77241666674911957e-18
YUKAWA,GRID_09,+3.16227766016837939e-04,1,+1.21152765862858885e-04,6,RE,+9.20335610292257415e-35
YUKAWA,GRID_09,+3.16227766016837939e-04,1,+1.21152765862858885e-04,6,IM,+2.56429366326737340e-18
YUKAWA,GRID_09,+3.16227766016837939e-04,2,+1.46779926762206892e-04,2,RE,+1.90113576708801567e-33
YUKAWA,GRID_09,+3.16227766016837939e-04,2,+1.46779926762206892e-04,2,IM,+8.34085687896372378e-19
YUKAWA,GRID_09,+3.16227766016837939e-04,2,+1.46779926762206892e-04,4,RE,+2.12412476217507919e-33
YUKAWA,GRID_09,+3.16227766016837939e-04,2,+1.46779926762206892e-04,4,IM,+1.63227993585078251e-18
YUKAWA,GRID_09,+3.16227766016837939e-04,2,+1.46779926762206892e-04,6,RE,+1.86057991039561708e-33
YUKAWA,GRID_09,+3.16227766016837939e-04,2,+1.46779926762206892e-04,6,IM,+2.36133380821158154e-18
YUKAWA,GRID_09,+3.16227766016837939e-04,3,+1.77827941003892270e-04,2,RE,-1.46684602072675945e-33
YUKAWA,GRID_09,+3.16227766016837939e-04,3,+1.77827941003892270e-04,2,IM,+7.54924006863947258e-19
YUKAWA,GRID_09,+3.16227766016837939e-04,3,+1.77827941003892270e-04,4,RE,-9.77567015551906783e-34
YUKAWA,GRID_09,+3.16227766016837939e-04,3,+1.77827941003892270e-04,4,IM,+1.47726596362918303e-18
YUKAWA,GRID_09,+3.16227766016837939e-04,3,+1.77827941003892270e-04,6,RE,-9.43514668849102180e-34
YUKAWA,GRID_09,+3.16227766016837939e-04,3,+1.77827941003892270e-04,6,IM,+2.13684958672513670e-18
YUKAWA,GRID_09,+3.16227766016837939e-04,4,+2.15443469003188449e-04,2,RE,+2.45856835459421799e-33
YUKAWA,GRID_09,+3.16227766016837939e-04,4,+2.15443469003188449e-04,2,IM,+6.69017917691678278e-19
YUKAWA,GRID_09,+3.16227766016837939e-04,4,+2.15443469003188449e-04,4,RE,+2.23858240805397096e-33
YUKAWA,GRID_09,+3.16227766016837939e-04,4,+2.15443469003188449e-04,4,IM,+1.30905729240725685e-18
YUKAWA,GRID_09,+3.16227766016837939e-04,4,+2.15443469003188449e-04,6,RE,+2.36170498470182208e-33
YUKAWA,GRID_09,+3.16227766016837939e-04,4,+2.15443469003188449e-04,6,IM,+1.89328672630168287e-18
YUKAWA,GRID_09,+3.16227766016837939e-04,5,+2.61015721568253574e-04,2,RE,-1.67522658723035363e-33
YUKAWA,GRID_09,+3.16227766016837939e-04,5,+2.61015721568253574e-04,2,IM,+5.77933999206265708e-19
YUKAWA,GRID_09,+3.16227766016837939e-04,5,+2.61015721568253574e-04,4,RE,-1.37372341505959098e-33
YUKAWA,GRID_09,+3.16227766016837939e-04,5,+2.61015721568253574e-04,4,IM,+1.13072577016760443e-18
YUKAWA,GRID_09,+3.16227766016837939e-04,5,+2.61015721568253574e-04,6,RE,-1.01952051191090998e-33
YUKAWA,GRID_09,+3.16227766016837939e-04,5,+2.61015721568253574e-04,6,IM,+1.63510381234167935e-18
YUKAWA,GRID_09,+3.16227766016837939e-04,6,+3.16227766016837939e-04,2,RE,+2.25598629004120305e-34
YUKAWA,GRID_09,+3.16227766016837939e-04,6,+3.16227766016837939e-04,2,IM,+4.84038376805118507e-19
YUKAWA,GRID_09,+3.16227766016837939e-04,6,+3.16227766016837939e-04,4,RE,+3.06186697921158865e-34
YUKAWA,GRID_09,+3.16227766016837939e-04,6,+3.16227766016837939e-04,4,IM,+9.46908745035393938e-19
YUKAWA,GRID_09,+3.16227766016837939e-04,6,+3.16227766016837939e-04,6,RE,+2.21402912746625702e-34
YUKAWA,GRID_09,+3.16227766016837939e-04,6,+3.16227766016837939e-04,6,IM,+1.36902610630202974e-18
YUKAWA,GRID_09,+3.16227766016837939e-04,7,+3.83118684955728529e-04,2,RE,-6.88434133345277694e-34
YUKAWA,GRID_09,+3.16227766016837939e-04,7,+3.83118684955728529e-04,2,IM,+3.90483106700455357e-19
YUKAWA,GRID_09,+3.16227766016837939e-04,7,+3.83118684955728529e-04,4,RE,-4.63476024749491219e-34
YUKAWA,GRID_09,+3.16227766016837939e-04,7,+3.83118684955728529e-04,4,IM,+7.63781506195314411e-19
YUKAWA,GRID_09,+3.16227766016837939e-04,7,+3.83118684955728529e-04,6,RE,-1.94869499423067779e-34
YUKAWA,GRID_09,+3.16227766016837939e-04,7,+3.83118684955728529e-04,6,IM,+1.10400347259139058e-18
YUKAWA,GRID_09,+3.16227766016837939e-04,8,+4.64158883361277732e-04,2,RE,-3.34347892109696578e-34
YUKAWA,GRID_09,+3.16227766016837939e-04,8,+4.64158883361277732e-04,2,IM,+3.01027248840336877e-19
YUKAWA,GRID_09,+3.16227766016837939e-04,8,+4.64158883361277732e-04,4,RE,-1.06026306049729187e-34
YUKAWA,GRID_09,+3.16227766016837939e-04,8,+4.64158883361277732e-04,4,IM,+5.88705720893386257e-19
YUKAWA,GRID_09,+3.16227766016837939e-04,8,+4.64158883361277732e-04,6,RE,-1.99339050152166286e-34
YUKAWA,GRID_09,+3.16227766016837939e-04,8,+4.64158883361277732e-04,6,IM,+8.50698395282484443e-19
YUKAWA,GRID_09,+3.16227766016837939e-04,9,+5.62341325190349097e-04,2,RE,-4.83819477916039685e-34
YUKAWA,GRID_09,+3.16227766016837939e-04,9,+5.62341325190349097e-04,2,IM,+2.19646695181230021e-19
YUKAWA,GRID_09,+3.16227766016837939e-04,9,+5.62341325190349097e-04,4,RE,-3.94955958468241128e-34
YUKAWA,GRID_09,+3.16227766016837939e-04,9,+5.62341325190349097e-04,4,IM,+4.29464162482028430e-19
YUKAWA,GRID_09,+3.16227766016837939e-04,9,+5.62341325190349097e-04,6,RE,-2.18847433343130850e-34
YUKAWA,GRID_09,+3.16227766016837939e-04,9,+5.62341325190349097e-04,6,IM,+6.20374761516724886e-19
YUKAWA,GRID_09,+3.16227766016837939e-04,10,+6.81292069057960856e-04,2,RE,-4.40550003919213002e-34
YUKAWA,GRID_09,+3.16227766016837939e-04,10,+6.81292069057960856e-04,2,IM,+1.49938835728505610e-19
YUKAWA,GRID_09,+3.16227766016837939e-04,10,+6.81292069057960856e-04,4,RE,-3.03864168409172057e-34
YUKAWA,GRID_09,+3.16227766016837939e-04,10,+6.81292069057960856e-04,4,IM,+2.93094127966458358e-19
YUKAWA,GRID_09,+3.16227766016837939e-04,10,+6.81292069057960856e-04,6,RE,-2.66709156019616837e-34
YUKAWA,GRID_09,+3.16227766016837939e-04,10,+6.81292069057960856e-04,6,IM,+4.23206544050048120e-19
YUKAWA,GRID_09,+3.16227766016837939e-04,11,+8.25404185268018118e-04,2,RE,-5.88687727002090257e-35
YUKAWA,GRID_09,+3.16227766016837939e-04,11,+8.25404185268018118e-04,2,IM,+9.44203468436803267e-20
YUKAWA,GRID_09,+3.16227766016837939e-04,11,+8.25404185268018118e-04,4,RE,-4.17663655060701278e-35
YUKAWA,GRID_09,+3.16227766016837939e-04,11,+8.25404185268018118e-04,4,IM,+1.84512665396236774e-19
YUKAWA,GRID_09,+3.16227766016837939e-04,11,+8.25404185268018118e-04,6,RE,+6.30769355665466203e-36
YUKAWA,GRID_09,+3.16227766016837939e-04,11,+8.25404185268018118e-04,6,IM,+2.66287641643717968e-19
YUKAWA,GRID_09,+3.16227766016837939e-04,12,+1.00000000000000002e-03,2,RE,+2.26515063977175521e-36
YUKAWA,GRID_09,+3.16227766016837939e-04,12,+1.00000000000000002e-03,2,IM,+5.39240828073929661e-20
YUKAWA,GRID_09,+3.16227766016837939e-04,12,+1.00000000000000002e-03,4,RE,+6.52834442745398818e-35
YUKAWA,GRID_09,+3.16227766016837939e-04,12,+1.00000000000000002e-03,4,IM,+1.05337486907532385e-19
YUKAWA,GRID_09,+3.16227766016837939e-04,12,+1.00000000000000002e-03,6,RE,+5.73862577949775958e-35
YUKAWA,GRID_09,+3.16227766016837939e-04,12,+1.00000000000000002e-03,6,IM,+1.51929012241802598e-19
YUKAWA,GRID_09,+3.16227766016837939e-04,13,+1.21152765862858765e-03,2,RE,+2.73367652101245005e-35
YUKAWA,GRID_09,+3.16227766016837939e-04,13,+1.21152765862858765e-03,2,IM,+2.73596804169718684e-20
YUKAWA,GRID_09,+3.16227766016837939e-04,13,+1.21152765862858765e-03,4,RE,+4.00197553684089358e-35
YUKAWA,GRID_09,+3.16227766016837939e-04,13,+1.21152765862858765e-03,4,IM,+5.34215960248974062e-20
YUKAWA,GRID_09,+3.16227766016837939e-04,13,+1.21152765862858765e-03,6,RE,+4.12402319933085409e-35
YUKAWA,GRID_09,+3.16227766016837939e-04,13,+1.21152765862858765e-03,6,IM,+7.69929645201055159e-20
YUKAWA,GRID_09,+3.16227766016837939e-04,14,+1.46779926762206914e-03,2,RE,-2.46017551457422935e-35
YUKAWA,GRID_09,+3.16227766016837939e-04,14,+1.46779926762206914e-03,2,IM,+1.20284576799630214e-20
YUKAWA,GRID_09,+3.16227766016837939e-04,14,+1.46779926762206914e-03,4,RE,-1.50434462896879915e-35
YUKAWA,GRID_09,+3.16227766016837939e-04,14,+1.46779926762206914e-03,4,IM,+2.34736328926698455e-20
YUKAWA,GRID_09,+3.16227766016837939e-04,14,+1.46779926762206914e-03,6,RE,-2.31118455107287894e-35
YUKAWA,GRID_09,+3.16227766016837939e-04,14,+1.46779926762206914e-03,6,IM,+3.38004467031599081e-20
YUKAWA,GRID_09,+3.16227766016837939e-04,15,+1.77827941003892275e-03,2,RE,-7.91910013567345430e-36
YUKAWA,GRID_09,+3.16227766016837939e-04,15,+1.77827941003892275e-03,2,IM,+4.44587611838795516e-21
YUKAWA,GRID_09,+3.16227766016837939e-04,15,+1.77827941003892275e-03,4,RE,-8.44710905217482972e-36
YUKAWA,GRID_09,+3.16227766016837939e-04,15,+1.77827941003892275e-03,4,IM,+8.67046541716513582e-21
YUKAWA,GRID_09,+3.16227766016837939e-04,15,+1.77827941003892275e-03,6,RE,-6.44918092426820072e-36
YUKAWA,GRID_09,+3.16227766016837939e-04,15,+1.77827941003892275e-03,6,IM,+1.24712366549646770e-20
YUKAWA,GRID_09,+3.16227766016837939e-04,16,+2.15443469003188210e-03,2,RE,+1.42098760215584300e-36
YUKAWA,GRID_09,+3.16227766016837939e-04,16,+2.15443469003188210e-03,2,IM,+1.33189582818615916e-21
YUKAWA,GRID_09,+3.16227766016837939e-04,16,+2.15443469003188210e-03,4,RE,+1.55785567176248565e-36
YUKAWA,GRID_09,+3.16227766016837939e-04,16,+2.15443469003188210e-03,4,IM,+2.59543174103908482e-21
YUKAWA,GRID_09,+3.16227766016837939e-04,16,+2.15443469003188210e-03,6,RE,+1.54372279391686030e-36
YUKAWA,GRID_09,+3.16227766016837939e-04,16,+2.15443469003188210e-03,6,IM,+3.72821681562625338e-21
YUKAWA,GRID_09,+3.16227766016837939e-04,17,+2.61015721568253574e-03,2,RE,-2.02802254817333236e-37
YUKAWA,GRID_09,+3.16227766016837939e-04,17,+2.61015721568253574e-03,2,IM,+3.09403513603776940e-22
YUKAWA,GRID_09,+3.16227766016837939e-04,17,+2.61015721568253574e-03,4,RE,-2.57742913753236921e-38
YUKAWA,GRID_09,+3.16227766016837939e-04,17,+2.61015721568253574e-03,4,IM,+6.02345558193079048e-22
YUKAWA,GRID_09,+3.16227766016837939e-04,17,+2.61015721568253574e-03,6,RE,+4.74235189859196949e-38
YUKAWA,GRID_09,+3.16227766016837939e-04,17,+2.61015721568253574e-03,6,IM,+8.63853041893195144e-22
YUKAWA,GRID_09,+3.16227766016837939e-04,18,+3.16227766016837939e-03,2,RE,-1.32533977117292524e-37
YUKAWA,GRID_09,+3.16227766016837939e-04,18,+3.16227766016837939e-03,2,IM,+5.28271319734603181e-23
YUKAWA,GRID_09,+3.16227766016837939e-04,18,+3.16227766016837939e-03,4,RE,-1.09371301939459734e-37
YUKAWA,GRID_09,+3.16227766016837939e-04,18,+3.16227766016837939e-03,4,IM,+1.02723529556649522e-22
YUKAWA,GRID_09,+3.16227766016837939e-04,18,+3.16227766016837939e-03,6,RE,-8.28771944478150773e-38
YUKAWA,GRID_09,+3.16227766016837939e-04,18,+3.16227766016837939e-03,6,IM,+1.47034431820142923e-22
YUKAWA,GRID_09,+3.16227766016837939e-04,19,+3.83118684955728508e-03,2,RE,+2.82042981050831564e-38
YUKAWA,GRID_09,+3.16227766016837939e-04,19,+3.83118684955728508e-03,2,IM,+6.21311259503322789e-24
YUKAWA,GRID_09,+3.16227766016837939e-04,19,+3.83118684955728508e-03,4,RE,+3.07421426154354859e-38
YUKAWA,GRID_09,+3.16227766016837939e-04,19,+3.83118684955728508e-03,4,IM,+1.20644371483903453e-23
YUKAWA,GRID_09,+3.16227766016837939e-04,19,+3.83118684955728508e-03,6,RE,+2.87682576996602327e-38
YUKAWA,GRID_09,+3.16227766016837939e-04,19,+3.83118684955728508e-03,6,IM,+1.72278944793506970e-23
YUKAWA,GRID_09,+3.16227766016837939e-04,20,+4.64158883361277721e-03,2,RE,-1.39225166195853206e-39
YUKAWA,GRID_09,+3.16227766016837939e-04,20,+4.64158883361277721e-03,2,IM,+4.65377693365510016e-25
YUKAWA,GRID_09,+3.16227766016837939e-04,20,+4.64158883361277721e-03,4,RE,-1.48402677606278694e-39
YUKAWA,GRID_09,+3.16227766016837939e-04,20,+4.64158883361277721e-03,4,IM,+9.02107019603435232e-25
YUKAWA,GRID_09,+3.16227766016837939e-04,20,+4.64158883361277721e-03,6,RE,-1.54273433841221849e-39
YUKAWA,GRID_09,+3.16227766016837939e-04,20,+4.64158883361277721e-03,6,IM,+1.28452437652780939e-24
YUKAWA,GRID_09,+3.16227766016837939e-04,21,+5.62341325190349097e-03,2,RE,-1.15003106220153113e-40
YUKAWA,GRID_09,+3.16227766016837939e-04,21,+5.62341325190349097e-03,2,IM,+2.01884668335453422e-26
YUKAWA,GRID_09,+3.16227766016837939e-04,21,+5.62341325190349097e-03,4,RE,-9.88025956450820826e-41
YUKAWA,GRID_09,+3.16227766016837939e-04,21,+5.62341325190349097e-03,4,IM,+3.90528353391782286e-26
YUKAWA,GRID_09,+3.16227766016837939e-04,21,+5.62341325190349097e-03,6,RE,-1.10199220926491797e-40
YUKAWA,GRID_09,+3.16227766016837939e-04,21,+5.62341325190349097e-03,6,IM,+5.54157396562839874e-26
YUKAWA,GRID_09,+3.16227766016837939e-04,22,+6.81292069057960834e-03,2,RE,-8.28075290309850811e-43
YUKAWA,GRID_09,+3.16227766016837939e-04,22,+6.81292069057960834e-03,2,IM,+4.52149502921948905e-28
YUKAWA,GRID_09,+3.16227766016837939e-04,22,+6.81292069057960834e-03,4,RE,-9.65071029966355579e-43
YUKAWA,GRID_09,+3.16227766016837939e-04,22,+6.81292069057960834e-03,4,IM,+8.72441999634927809e-28
YUKAWA,GRID_09,+3.16227766016837939e-04,22,+6.81292069057960834e-03,6,RE,-9.06396445451633568e-43
YUKAWA,GRID_09,+3.16227766016837939e-04,22,+6.81292069057960834e-03,6,IM,+1.23280600433923978e-27
YUKAWA,GRID_09,+3.16227766016837939e-04,23,+8.25404185268018183e-03,2,RE,-1.65309140089639959e-44
YUKAWA,GRID_09,+3.16227766016837939e-04,23,+8.25404185268018183e-03,2,IM,+4.54894446807288563e-30
YUKAWA,GRID_09,+3.16227766016837939e-04,23,+8.25404185268018183e-03,4,RE,-1.41155251710133015e-44
YUKAWA,GRID_09,+3.16227766016837939e-04,23,+8.25404185268018183e-03,4,IM,+8.75060899874468959e-30
YUKAWA,GRID_09,+3.16227766016837939e-04,23,+8.25404185268018183e-03,6,RE,-1.45275629996845594e-44
YUKAWA,GRID_09,+3.16227766016837939e-04,23,+8.25404185268018183e-03,6,IM,+1.23023401766627564e-29
YUKAWA,GRID_09,+3.16227766016837939e-04,24,+1.00000000000000002e-02,2,RE,-4.16685406899457143e-47
YUKAWA,GRID_09,+3.16227766016837939e-04,24,+1.00000000000000002e-02,2,IM,+1.73709820247267772e-32
YUKAWA,GRID_09,+3.16227766016837939e-04,24,+1.00000000000000002e-02,4,RE,-3.88472243591543337e-47
YUKAWA,GRID_09,+3.16227766016837939e-04,24,+1.00000000000000002e-02,4,IM,+3.32922879161326514e-32
YUKAWA,GRID_09,+3.16227766016837939e-04,24,+1.00000000000000002e-02,6,RE,-3.37548037382030204e-47
YUKAWA,GRID_09,+3.16227766016837939e-04,24,+1.00000000000000002e-02,6,IM,+4.65174533404638964e-32
YUKAWA,GRID_10,+4.64158883361277732e-04,0,+1.00000000000000005e-04,2,RE,-4.98590765174480376e-33
YUKAWA,GRID_10,+4.64158883361277732e-04,0,+1.00000000000000005e-04,2,IM,+5.62580104962409107e-18
YUKAWA,GRID_10,+4.64158883361277732e-04,0,+1.00000000000000005e-04,4,RE,-6.20535831857995300e-33
YUKAWA,GRID_10,+4.64158883361277732e-04,0,+1.00000000000000005e-04,4,IM,+1.08971090597361136e-17
YUKAWA,GRID_10,+4.64158883361277732e-04,0,+1.00000000000000005e-04,6,RE,-5.06957726535174116e-33
YUKAWA,GRID_10,+4.64158883361277732e-04,0,+1.00000000000000005e-04,6,IM,+1.54980931166401271e-17
YUKAWA,GRID_10,+4.64158883361277732e-04,1,+1.21152765862858885e-04,2,RE,-3.90368032711498207e-33
YUKAWA,GRID_10,+4.64158883361277732e-04,1,+1.21152765862858885e-04,2,IM,+5.36950618720778922e-18
YUKAWA,GRID_10,+4.64158883361277732e-04,1,+1.21152765862858885e-04,4,RE,-4.87685597913583803e-33
YUKAWA,GRID_10,+4.64158883361277732e-04,1,+1.21152765862858885e-04,4,IM,+1.03999852437700542e-17
YUKAWA,GRID_10,+4.64158883361277732e-04,1,+1.21152765862858885e-04,6,RE,-2.99577664457431652e-33
YUKAWA,GRID_10,+4.64158883361277732e-04,1,+1.21152765862858885e-04,6,IM,+1.47894563344790973e-17
YUKAWA,GRID_10,+4.64158883361277732e-04,2,+1.46779926762206892e-04,2,RE,-9.16107386562264516e-34
YUKAWA,GRID_10,+4.64158883361277732e-04,2,+1.46779926762206892e-04,2,IM,+5.07460365045986316e-18
YUKAWA,GRID_10,+4.64158883361277732e-04,2,+1.46779926762206892e-04,4,RE,-2.63291295935849877e-33
YUKAWA,GRID_10,+4.64158883361277732e-04,2,+1.46779926762206892e-04,4,IM,+9.82801729233351026e-18
YUKAWA,GRID_10,+4.64158883361277732e-04,2,+1.46779926762206892e-04,6,RE,+2.21151244202814675e-34
YUKAWA,GRID_10,+4.64158883361277732e-04,2,+1.46779926762206892e-04,6,IM,+1.39742295140654464e-17
YUKAWA,GRID_10,+4.64158883361277732e-04,3,+1.77827941003892270e-04,2,RE,-1.13667780331428517e-32
YUKAWA,GRID_10,+4.64158883361277732e-04,3,+1.77827941003892270e-04,2,IM,+4.73895385711210592e-18
YUKAWA,GRID_10,+4.64158883361277732e-04,3,+1.77827941003892270e-04,4,RE,-1.06569551229075965e-32
YUKAWA,GRID_10,+4.64158883361277732e-04,3,+1.77827941003892270e-04,4,IM,+9.17707656962906837e-18
YUKAWA,GRID_10,+4.64158883361277732e-04,3,+1.77827941003892270e-04,6,RE,-1.01033204205021891e-32
YUKAWA,GRID_10,+4.64158883361277732e-04,3,+1.77827941003892270e-04,6,IM,+1.30465781338174670e-17
YUKAWA,GRID_10,+4.64158883361277732e-04,4,+2.15443469003188449e-04,2,RE,+9.05015036647284907e-34
YUKAWA,GRID_10,+4.64158883361277732e-04,4,+2.15443469003188449e-04,2,IM,+4.36193262307555488e-18
YUKAWA,GRID_10,+4.64158883361277732e-04,4,+2.15443469003188449e-04,4,RE,+4.30684403694918663e-33
YUKAWA,GRID_10,+4.64158883361277732e-04,4,+2.15443469003188449e-04,4,IM,+8.44598009050195652e-18
YUKAWA,GRID_10,+4.64158883361277732e-04,4,+2.15443469003188449e-04,6,RE,+4.47314307203282585e-33
YUKAWA,GRID_10,+4.64158883361277732e-04,4,+2.15443469003188449e-04,6,IM,+1.20048815189735705e-17
YUKAWA,GRID_10,+4.64158883361277732e-04,5,+2.61015721568253574e-04,2,RE,-1.43323078395764462e-32
YUKAWA,GRID_10,+4.64158883361277732e-04,5,+2.61015721568253574e-04,2,IM,+3.94515019689040296e-18
YUKAWA,GRID_10,+4.64158883361277732e-04,5,+2.61015721568253574e-04,4,RE,-8.49368443195452475e-33
YUKAWA,GRID_10,+4.64158883361277732e-04,5,+2.61015721568253574e-04,4,IM,+7.63788519347550293e-18
YUKAWA,GRID_10,+4.64158883361277732e-04,5,+2.61015721568253574e-04,6,RE,-6.41294642745906368e-33
YUKAWA,GRID_10,+4.64158883361277732e-04,5,+2.61015721568253574e-04,6,IM,+1.08537208744358018e-17
YUKAWA,GRID_10,+4.64158883361277732e-04,6,+3.16227766016837939e-04,2,RE,-6.81290061965700645e-33
YUKAWA,GRID_10,+4.64158883361277732e-04,6,+3.16227766016837939e-04,2,IM,+3.49323560244975290e-18
YUKAWA,GRID_10,+4.64158883361277732e-04,6,+3.16227766016837939e-04,4,RE,-3.39416433664750053e-33
YUKAWA,GRID_10,+4.64158883361277732e-04,6,+3.16227766016837939e-04,4,IM,+6.76180950410367493e-18
YUKAWA,GRID_10,+4.64158883361277732e-04,6,+3.16227766016837939e-04,6,RE,-5.72404256630168223e-33
YUKAWA,GRID_10,+4.64158883361277732e-04,6,+3.16227766016837939e-04,6,IM,+9.60604262494173730e-18
YUKAWA,GRID_10,+4.64158883361277732e-04,7,+3.83118684955728529e-04,2,RE,-5.45832965389959313e-33
YUKAWA,GRID_10,+4.64158883361277732e-04,7,+3.83118684955728529e-04,2,IM,+3.01456157446913086e-18
YUKAWA,GRID_10,+4.64158883361277732e-04,7,+3.83118684955728529e-04,4,RE,-5.62738730739222369e-33
YUKAWA,GRID_10,+4.64158883361277732e-04,7,+3.83118684955728529e-04,4,IM,+5.83403344835024410e-18
YUKAWA,GRID_10,+4.64158883361277732e-04,7,+3.83118684955728529e-04,6,RE,-4.19345764960205010e-33
YUKAWA,GRID_10,+4.64158883361277732e-04,7,+3.83118684955728529e-04,6,IM,+8.28514906657972778e-18
YUKAWA,GRID_10,+4.64158883361277732e-04,8,+4.64158883361277732e-04,2,RE,-5.93860865344789694e-33
YUKAWA,GRID_10,+4.64158883361277732e-04,8,+4.64158883361277732e-04,2,IM,+2.52170158927454227e-18
YUKAWA,GRID_10,+4.64158883361277732e-04,8,+4.64158883361277732e-04,4,RE,-5.35641278935820061e-33
YUKAWA,GRID_10,+4.64158883361277732e-04,8,+4.64158883361277732e-04,4,IM,+4.87898008714433998e-18
YUKAWA,GRID_10,+4.64158883361277732e-04,8,+4.64158883361277732e-04,6,RE,-3.79117827673553338e-33
YUKAWA,GRID_10,+4.64158883361277732e-04,8,+4.64158883361277732e-04,6,IM,+6.92593676346435770e-18
YUKAWA,GRID_10,+4.64158883361277732e-04,9,+5.62341325190349097e-04,2,RE,-2.79163492733629853e-33
YUKAWA,GRID_10,+4.64158883361277732e-04,9,+5.62341325190349097e-04,2,IM,+2.03132985738684063e-18
YUKAWA,GRID_10,+4.64158883361277732e-04,9,+5.62341325190349097e-04,4,RE,-2.78020469333172950e-33
YUKAWA,GRID_10,+4.64158883361277732e-04,9,+5.62341325190349097e-04,4,IM,+3.92901110498655474e-18
YUKAWA,GRID_10,+4.64158883361277732e-04,9,+5.62341325190349097e-04,6,RE,-2.76074021344674998e-33
YUKAWA,GRID_10,+4.64158883361277732e-04,9,+5.62341325190349097e-04,6,IM,+5.57458195704830010e-18
YUKAWA,GRID_10,+4.64158883361277732e-04,10,+6.81292069057960856e-04,2,RE,-4.55893690560558467e-33
YUKAWA,GRID_10,+4.64158883361277732e-04,10,+6.81292069057960856e-04,2,IM,+1.56324319934021545e-18
YUKAWA,GRID_10,+4.64158883361277732e-04,10,+6.81292069057960856e-04,4,RE,-3.27965661248335438e-33
YUKAWA,GRID_10,+4.64158883361277732e-04,10,+6.81292069057960856e-04,4,IM,+3.02251703673566470e-18
YUKAWA,GRID_10,+4.64158883361277732e-04,10,+6.81292069057960856e-04,6,RE,-3.31904787966018089e-33
YUKAWA,GRID_10,+4.64158883361277732e-04,10,+6.81292069057960856e-04,6,IM,+4.28578854752608405e-18
YUKAWA,GRID_10,+4.64158883361277732e-04,11,+8.25404185268018118e-04,2,RE,-1.39909472724925417e-33
YUKAWA,GRID_10,+4.64158883361277732e-04,11,+8.25404185268018118e-04,2,IM,+1.13827141984045166e-18
YUKAWA,GRID_10,+4.64158883361277732e-04,11,+8.25404185268018118e-04,4,RE,-1.14022986356188725e-33
YUKAWA,GRID_10,+4.64158883361277732e-04,11,+8.25404185268018118e-04,4,IM,+2.19985200372079927e-18
YUKAWA,GRID_10,+4.64158883361277732e-04,11,+8.25404185268018118e-04,6,RE,-1.26953078814266755e-33
YUKAWA,GRID_10,+4.64158883361277732e-04,11,+8.25404185268018118e-04,6,IM,+3.11696461534967137e-18
YUKAWA,GRID_10,+4.64158883361277732e-04,12,+1.00000000000000002e-03,2,RE,-8.18759728503460969e-34
YUKAWA,GRID_10,+4.64158883361277732e-04,12,+1.00000000000000002e-03,2,IM,+7.75123855061440778e-19
YUKAWA,GRID_10,+4.64158883361277732e-04,12,+1.00000000000000002e-03,4,RE,-2.30934716399589143e-34
YUKAWA,GRID_10,+4.64158883361277732e-04,12,+1.00000000000000002e-03,4,IM,+1.49721091225969273e-18
YUKAWA,GRID_10,+4.64158883361277732e-04,12,+1.00000000000000002e-03,6,RE,-3.77513614298433313e-34
YUKAWA,GRID_10,+4.64158883361277732e-04,12,+1.00000000000000002e-03,6,IM,+2.11948011618679170e-18
YUKAWA,GRID_10,+4.64158883361277732e-04,13,+1.21152765862858765e-03,2,RE,-2.09645308415067528e-34
YUKAWA,GRID_10,+4.64158883361277732e-04,13,+1.21152765862858765e-03,2,IM,+4.86709058013509779e-19
YUKAWA,GRID_10,+4.64158883361277732e-04,13,+1.21152765862858765e-03,4,RE,-7.21368977354144267e-34
YUKAWA,GRID_10,+4.64158883361277732e-04,13,+1.21152765862858765e-03,4,IM,+9.39497577819315958e-19
YUKAWA,GRID_10,+4.64158883361277732e-04,13,+1.21152765862858765e-03,6,RE,-9.10512075370026269e-35
YUKAWA,GRID_10,+4.64158883361277732e-04,13,+1.21152765862858765e-03,6,IM,+1.32851669909286908e-18
YUKAWA,GRID_10,+4.64158883361277732e-04,14,+1.46779926762206914e-03,2,RE,-5.63040965518061100e-34
YUKAWA,GRID_10,+4.64158883361277732e-04,14,+1.46779926762206914e-03,2,IM,+2.77024980916138209e-19
YUKAWA,GRID_10,+4.64158883361277732e-04,14,+1.46779926762206914e-03,4,RE,-5.98605271987274051e-34
YUKAWA,GRID_10,+4.64158883361277732e-04,14,+1.46779926762206914e-03,4,IM,+5.34317090811837584e-19
YUKAWA,GRID_10,+4.64158883361277732e-04,14,+1.46779926762206914e-03,6,RE,-4.63281279721387765e-34
YUKAWA,GRID_10,+4.64158883361277732e-04,14,+1.46779926762206914e-03,6,IM,+7.54561908143111113e-19
YUKAWA,GRID_10,+4.64158883361277732e-04,15,+1.77827941003892275e-03,2,RE,-4.44570769710097482e-34
YUKAWA,GRID_10,+4.64158883361277732e-04,15,+1.77827941003892275e-03,2,IM,+1.40003540873930226e-19
YUKAWA,GRID_10,+4.64158883361277732e-04,15,+1.77827941003892275e-03,4,RE,-2.53338769034301909e-34
YUKAWA,GRID_10,+4.64158883361277732e-04,15,+1.77827941003892275e-03,4,IM,+2.69773808770836753e-19
YUKAWA,GRID_10,+4.64158883361277732e-04,15,+1.77827941003892275e-03,6,RE,-2.36287977580270917e-34
YUKAWA,GRID_10,+4.64158883361277732e-04,15,+1.77827941003892275e-03,6,IM,+3.80362971198061144e-19
YUKAWA,GRID_10,+4.64158883361277732e-04,16,+2.15443469003188210e-03,2,RE,-8.35511083431183881e-35
YUKAWA,GRID_10,+4.64158883361277732e-04,16,+2.15443469003188210e-03,2,IM,+6.12723107662581472e-20
YUKAWA,GRID_10,+4.64158883361277732e-04,16,+2.15443469003188210e-03,4,RE,-5.30821669856419179e-35
YUKAWA,GRID_10,+4.64158883361277732e-04,16,+2.15443469003188210e-03,4,IM,+1.17927981935928124e-19
YUKAWA,GRID_10,+4.64158883361277732e-04,16,+2.15443469003188210e-03,6,RE,-2.76433031770345457e-35
YUKAWA,GRID_10,+4.64158883361277732e-04,16,+2.15443469003188210e-03,6,IM,+1.65947350320244926e-19
YUKAWA,GRID_10,+4.64158883361277732e-04,17,+2.61015721568253574e-03,2,RE,-4.32731112962260199e-35
YUKAWA,GRID_10,+4.64158883361277732e-04,17,+2.61015721568253574e-03,2,IM,+2.25294236978133956e-20
YUKAWA,GRID_10,+4.64158883361277732e-04,17,+2.61015721568253574e-03,4,RE,-5.41406995374689282e-35
YUKAWA,GRID_10,+4.64158883361277732e-04,17,+2.61015721568253574e-03,4,IM,+4.32999033299117617e-20
YUKAWA,GRID_10,+4.64158883361277732e-04,17,+2.61015721568253574e-03,6,RE,-2.38868552400270269e-35
YUKAWA,GRID_10,+4.64158883361277732e-04,17,+2.61015721568253574e-03,6,IM,+6.07878076323014766e-20
YUKAWA,GRID_10,+4.64158883361277732e-04,18,+3.16227766016837939e-03,2,RE,-2.27463502870136501e-35
YUKAWA,GRID_10,+4.64158883361277732e-04,18,+3.16227766016837939e-03,2,IM,+6.70958710717127243e-21
YUKAWA,GRID_10,+4.64158883361277732e-04,18,+3.16227766016837939e-03,4,RE,-2.09801635429370136e-35
YUKAWA,GRID_10,+4.64158883361277732e-04,18,+3.16227766016837939e-03,4,IM,+1.28731980790839170e-20
YUKAWA,GRID_10,+4.64158883361277732e-04,18,+3.16227766016837939e-03,6,RE,-1.40486282480490224e-35
YUKAWA,GRID_10,+4.64158883361277732e-04,18,+3.16227766016837939e-03,6,IM,+1.80208498844394057e-20
YUKAWA,GRID_10,+4.64158883361277732e-04,19,+3.83118684955728508e-03,2,RE,+1.94288213615512119e-36
YUKAWA,GRID_10,+4.64158883361277732e-04,19,+3.83118684955728508e-03,2,IM,+1.54834331738678604e-21
YUKAWA,GRID_10,+4.64158883361277732e-04,19,+3.83118684955728508e-03,4,RE,+2.10763055109108296e-36
YUKAWA,GRID_10,+4.64158883361277732e-04,19,+3.83118684955728508e-03,4,IM,+2.96451489897816003e-21
YUKAWA,GRID_10,+4.64158883361277732e-04,19,+3.83118684955728508e-03,6,RE,+2.25013649683996096e-36
YUKAWA,GRID_10,+4.64158883361277732e-04,19,+3.83118684955728508e-03,6,IM,+4.13560356130881754e-21
YUKAWA,GRID_10,+4.64158883361277732e-04,20,+4.64158883361277721e-03,2,RE,-7.12492709310243096e-37
YUKAWA,GRID_10,+4.64158883361277732e-04,20,+4.64158883361277721e-03,2,IM,+2.62420467759113258e-22
YUKAWA,GRID_10,+4.64158883361277732e-04,20,+4.64158883361277721e-03,4,RE,-6.20510085199336146e-37
YUKAWA,GRID_10,+4.64158883361277732e-04,20,+4.64158883361277721e-03,4,IM,+5.01173544965350680e-22
YUKAWA,GRID_10,+4.64158883361277732e-04,20,+4.64158883361277721e-03,6,RE,-7.77512765652825080e-37
YUKAWA,GRID_10,+4.64158883361277732e-04,20,+4.64158883361277721e-03,6,IM,+6.96227650604914371e-22
YUKAWA,GRID_10,+4.64158883361277732e-04,21,+5.62341325190349097e-03,2,RE,-1.27695253567170247e-37
YUKAWA,GRID_10,+4.64158883361277732e-04,21,+5.62341325190349097e-03,2,IM,+3.06154233129418675e-23
YUKAWA,GRID_10,+4.64158883361277732e-04,21,+5.62341325190349097e-03,4,RE,-1.28200056393317336e-37
YUKAWA,GRID_10,+4.64158883361277732e-04,21,+5.62341325190349097e-03,4,IM,+5.82911180528269493e-23
YUKAWA,GRID_10,+4.64158883361277732e-04,21,+5.62341325190349097e-03,6,RE,-9.83830638123227642e-38
YUKAWA,GRID_10,+4.64158883361277732e-04,21,+5.62341325190349097e-03,6,IM,+8.05669949335518476e-23
YUKAWA,GRID_10,+4.64158883361277732e-04,22,+6.81292069057960834e-03,2,RE,-5.11961336126685878e-39
YUKAWA,GRID_10,+4.64158883361277732e-04,22,+6.81292069057960834e-03,2,IM,+2.27321422742337670e-24
YUKAWA,GRID_10,+4.64158883361277732e-04,22,+6.81292069057960834e-03,4,RE,-4.74206816378810017e-39
YUKAWA,GRID_10,+4.64158883361277732e-04,22,+6.81292069057960834e-03,4,IM,+4.31213526770357466e-24
YUKAWA,GRID_10,+4.64158883361277732e-04,22,+6.81292069057960834e-03,6,RE,-4.71949019040591141e-39
YUKAWA,GRID_10,+4.64158883361277732e-04,22,+6.81292069057960834e-03,6,IM,+5.92339290759970982e-24
YUKAWA,GRID_10,+4.64158883361277732e-04,23,+8.25404185268018183e-03,2,RE,-2.79324660977314011e-40
YUKAWA,GRID_10,+4.64158883361277732e-04,23,+8.25404185268018183e-03,2,IM,+9.76987111107897679e-26
YUKAWA,GRID_10,+4.64158883361277732e-04,23,+8.25404185268018183e-03,4,RE,-2.53017194765170519e-40
YUKAWA,GRID_10,+4.64158883361277732e-04,23,+8.25404185268018183e-03,4,IM,+1.84496852088001269e-25
YUKAWA,GRID_10,+4.64158883361277732e-04,23,+8.25404185268018183e-03,6,RE,-2.37243943095162238e-40
YUKAWA,GRID_10,+4.64158883361277732e-04,23,+8.25404185268018183e-03,6,IM,+2.51549052296701079e-25
YUKAWA,GRID_10,+4.64158883361277732e-04,24,+1.00000000000000002e-02,2,RE,-2.07352141282612734e-42
YUKAWA,GRID_10,+4.64158883361277732e-04,24,+1.00000000000000002e-02,2,IM,+2.16675020877330165e-27
YUKAWA,GRID_10,+4.64158883361277732e-04,24,+1.00000000000000002e-02,4,RE,-1.27486934833439027e-42
YUKAWA,GRID_10,+4.64158883361277732e-04,24,+1.00000000000000002e-02,4,IM,+4.06951318263044665e-27
YUKAWA,GRID_10,+4.64158883361277732e-04,24,+1.00000000000000002e-02,6,RE,-2.31945301183577713e-42
YUKAWA,GRID_10,+4.64158883361277732e-04,24,+1.00000000000000002e-02,6,IM,+5.49848549696713110e-27
YUKAWA,GRID_11,+6.81292069057960856e-04,0,+1.00000000000000005e-04,2,RE,-4.38078367037525768e-32
YUKAWA,GRID_11,+6.81292069057960856e-04,0,+1.00000000000000005e-04,2,IM,+3.04918318593678277e-17
YUKAWA,GRID_11,+6.81292069057960856e-04,0,+1.00000000000000005e-04,4,RE,-4.49269037423855560e-32
YUKAWA,GRID_11,+6.81292069057960856e-04,0,+1.00000000000000005e-04,4,IM,+5.81565497182655234e-17
YUKAWA,GRID_11,+6.81292069057960856e-04,0,+1.00000000000000005e-04,6,RE,-3.76426096210230373e-32
YUKAWA,GRID_11,+6.81292069057960856e-04,0,+1.00000000000000005e-04,6,IM,+8.06278354223148722e-17
YUKAWA,GRID_11,+6.81292069057960856e-04,1,+1.21152765862858885e-04,2,RE,-4.96487895370240921e-32
YUKAWA,GRID_11,+6.81292069057960856e-04,1,+1.21152765862858885e-04,2,IM,+2.95283562036492289e-17
YUKAWA,GRID_11,+6.81292069057960856e-04,1,+1.21152765862858885e-04,4,RE,-3.22726953619062302e-32
YUKAWA,GRID_11,+6.81292069057960856e-04,1,+1.21152765862858885e-04,4,IM,+5.63134869525608883e-17
YUKAWA,GRID_11,+6.81292069057960856e-04,1,+1.21152765862858885e-04,6,RE,-2.25335501774843257e-32
YUKAWA,GRID_11,+6.81292069057960856e-04,1,+1.21152765862858885e-04,6,IM,+7.80601124949011949e-17
YUKAWA,GRID_11,+6.81292069057960856e-04,2,+1.46779926762206892e-04,2,RE,-3.22435675984020792e-32
YUKAWA,GRID_11,+6.81292069057960856e-04,2,+1.46779926762206892e-04,2,IM,+2.84018522338327615e-17
YUKAWA,GRID_11,+6.81292069057960856e-04,2,+1.46779926762206892e-04,4,RE,-1.79596165736805716e-32
YUKAWA,GRID_11,+6.81292069057960856e-04,2,+1.46779926762206892e-04,4,IM,+5.41587916483660276e-17
YUKAWA,GRID_11,+6.81292069057960856e-04,2,+1.46779926762206892e-04,6,RE,-1.89934248499735429e-32
YUKAWA,GRID_11,+6.81292069057960856e-04,2,+1.46779926762206892e-04,6,IM,+7.50587587191545230e-17
YUKAWA,GRID_11,+6.81292069057960856e-04,3,+1.77827941003892270e-04,2,RE,-5.86278862375076528e-32
YUKAWA,GRID_11,+6.81292069057960856e-04,3,+1.77827941003892270e-04,2,IM,+2.70945910358363459e-17
YUKAWA,GRID_11,+6.81292069057960856e-04,3,+1.77827941003892270e-04,4,RE,-6.46227150270745670e-32
YUKAWA,GRID_11,+6.81292069057960856e-04,3,+1.77827941003892270e-04,4,IM,+5.16586794497448064e-17
YUKAWA,GRID_11,+6.81292069057960856e-04,3,+1.77827941003892270e-04,6,RE,-4.01597339070962689e-32
YUKAWA,GRID_11,+6.81292069057960856e-04,3,+1.77827941003892270e-04,6,IM,+7.15770061182586320e-17
YUKAWA,GRID_11,+6.81292069057960856e-04,4,+2.15443469003188449e-04,2,RE,-2.07461657116222835e-32
YUKAWA,GRID_11,+6.81292069057960856e-04,4,+2.15443469003188449e-04,2,IM,+2.55913056737559605e-17
YUKAWA,GRID_11,+6.81292069057960856e-04,4,+2.15443469003188449e-04,4,RE,-2.71876255242421294e-32
YUKAWA,GRID_11,+6.81292069057960856e-04,4,+2.15443469003188449e-04,4,IM,+4.87841238259847936e-17
YUKAWA,GRID_11,+6.81292069057960856e-04,4,+2.15443469003188449e-04,6,RE,-1.09718856205456245e-32
YUKAWA,GRID_11,+6.81292069057960856e-04,4,+2.15443469003188449e-04,6,IM,+6.75748263954747273e-17
YUKAWA,GRID_11,+6.81292069057960856e-04,5,+2.61015721568253574e-04,2,RE,-6.59071989740891707e-32
YUKAWA,GRID_11,+6.81292069057960856e-04,5,+2.61015721568253574e-04,2,IM,+2.38815387630579402e-17
YUKAWA,GRID_11,+6.81292069057960856e-04,5,+2.61015721568253574e-04,4,RE,-6.28170296887467158e-32
YUKAWA,GRID_11,+6.81292069057960856e-04,5,+2.61015721568253574e-04,4,IM,+4.55153563231838795e-17
YUKAWA,GRID_11,+6.81292069057960856e-04,5,+2.61015721568253574e-04,6,RE,-4.66476262226785014e-32
YUKAWA,GRID_11,+6.81292069057960856e-04,5,+2.61015721568253574e-04,6,IM,+6.30252223477286525e-17
YUKAWA,GRID_11,+6.81292069057960856e-04,6,+3.16227766016837939e-04,2,RE,-5.21108066994779986e-32
YUKAWA,GRID_11,+6.81292069057960856e-04,6,+3.16227766016837939e-04,2,IM,+2.19626895884141212e-17
YUKAWA,GRID_11,+6.81292069057960856e-04,6,+3.16227766016837939e-04,4,RE,-4.77281807468297086e-32
YUKAWA,GRID_11,+6.81292069057960856e-04,6,+3.16227766016837939e-04,4,IM,+4.18477014894156726e-17
YUKAWA,GRID_11,+6.81292069057960856e-04,6,+3.16227766016837939e-04,6,RE,-3.61265042024036558e-32
YUKAWA,GRID_11,+6.81292069057960856e-04,6,+3.16227766016837939e-04,6,IM,+5.79223705003819464e-17
YUKAWA,GRID_11,+6.81292069057960856e-04,7,+3.83118684955728529e-04,2,RE,-4.62156122352600164e-32
YUKAWA,GRID_11,+6.81292069057960856e-04,7,+3.83118684955728529e-04,2,IM,+1.98436756042673549e-17
YUKAWA,GRID_11,+6.81292069057960856e-04,7,+3.83118684955728529e-04,4,RE,-5.53419208638369831e-32
YUKAWA,GRID_11,+6.81292069057960856e-04,7,+3.83118684955728529e-04,4,IM,+3.77985787520018478e-17
YUKAWA,GRID_11,+6.81292069057960856e-04,7,+3.83118684955728529e-04,6,RE,-3.70775196316282392e-32
YUKAWA,GRID_11,+6.81292069057960856e-04,7,+3.83118684955728529e-04,6,IM,+5.22913701521369791e-17
YUKAWA,GRID_11,+6.81292069057960856e-04,8,+4.64158883361277732e-04,2,RE,-3.21087800023535978e-32
YUKAWA,GRID_11,+6.81292069057960856e-04,8,+4.64158883361277732e-04,2,IM,+1.75488953535852795e-17
YUKAWA,GRID_11,+6.81292069057960856e-04,8,+4.64158883361277732e-04,4,RE,-3.88628390542521309e-32
YUKAWA,GRID_11,+6.81292069057960856e-04,8,+4.64158883361277732e-04,4,IM,+3.34150655745112969e-17
YUKAWA,GRID_11,+6.81292069057960856e-04,8,+4.64158883361277732e-04,6,RE,-3.61176865255778295e-32
YUKAWA,GRID_11,+6.81292069057960856e-04,8,+4.64158883361277732e-04,6,IM,+4.61987388707095141e-17
YUKAWA,GRID_11,+6.81292069057960856e-04,9,+5.62341325190349097e-04,2,RE,-2.83311915647743322e-32
YUKAWA,GRID_11,+6.81292069057960856e-04,9,+5.62341325190349097e-04,2,IM,+1.51218397813455939e-17
YUKAWA,GRID_11,+6.81292069057960856e-04,9,+5.62341325190349097e-04,4,RE,-3.15971054545112258e-32
YUKAWA,GRID_11,+6.81292069057960856e-04,9,+5.62341325190349097e-04,4,IM,+2.87807640751913981e-17
YUKAWA,GRID_11,+6.81292069057960856e-04,9,+5.62341325190349097e-04,6,RE,-2.18457872426067664e-32
YUKAWA,GRID_11,+6.81292069057960856e-04,9,+5.62341325190349097e-04,6,IM,+3.97618822229864560e-17
YUKAWA,GRID_11,+6.81292069057960856e-04,10,+6.81292069057960856e-04,2,RE,-3.18929212638266044e-32
YUKAWA,GRID_11,+6.81292069057960856e-04,10,+6.81292069057960856e-04,2,IM,+1.26272739288541489e-17
YUKAWA,GRID_11,+6.81292069057960856e-04,10,+6.81292069057960856e-04,4,RE,-2.81636018026642101e-32
YUKAWA,GRID_11,+6.81292069057960856e-04,10,+6.81292069057960856e-04,4,IM,+2.40199009107011927e-17
YUKAWA,GRID_11,+6.81292069057960856e-04,10,+6.81292069057960856e-04,6,RE,-2.39232507399972557e-32
YUKAWA,GRID_11,+6.81292069057960856e-04,10,+6.81292069057960856e-04,6,IM,+3.31546352708444131e-17
YUKAWA,GRID_11,+6.81292069057960856e-04,11,+8.25404185268018118e-04,2,RE,-1.46276032737402780e-32
YUKAWA,GRID_11,+6.81292069057960856e-04,11,+8.25404185268018118e-04,2,IM,+1.01505125356041054e-17
YUKAWA,GRID_11,+6.81292069057960856e-04,11,+8.25404185268018118e-04,4,RE,-1.32728173725221725e-32
YUKAWA,GRID_11,+6.81292069057960856e-04,11,+8.25404185268018118e-04,4,IM,+1.92958335290846237e-17
YUKAWA,GRID_11,+6.81292069057960856e-04,11,+8.25404185268018118e-04,6,RE,-1.52581563687536558e-32
YUKAWA,GRID_11,+6.81292069057960856e-04,11,+8.25404185268018118e-04,6,IM,+2.66049321302592201e-17
YUKAWA,GRID_11,+6.81292069057960856e-04,12,+1.00000000000000002e-03,2,RE,-1.64698138905137077e-32
YUKAWA,GRID_11,+6.81292069057960856e-04,12,+1.00000000000000002e-03,2,IM,+7.79217886567290861e-18
YUKAWA,GRID_11,+6.81292069057960856e-04,12,+1.00000000000000002e-03,4,RE,-1.26939622827833965e-32
YUKAWA,GRID_11,+6.81292069057960856e-04,12,+1.00000000000000002e-03,4,IM,+1.48008926210083949e-17
YUKAWA,GRID_11,+6.81292069057960856e-04,12,+1.00000000000000002e-03,6,RE,-9.35913672552085437e-33
YUKAWA,GRID_11,+6.81292069057960856e-04,12,+1.00000000000000002e-03,6,IM,+2.03803522802564060e-17
YUKAWA,GRID_11,+6.81292069057960856e-04,13,+1.21152765862858765e-03,2,RE,-1.08085926274140705e-32
YUKAWA,GRID_11,+6.81292069057960856e-04,13,+1.21152765862858765e-03,2,IM,+5.65732819798544742e-18
YUKAWA,GRID_11,+6.81292069057960856e-04,13,+1.21152765862858765e-03,4,RE,-5.85368786139161307e-33
YUKAWA,GRID_11,+6.81292069057960856e-04,13,+1.21152765862858765e-03,4,IM,+1.07354543850116141e-17
YUKAWA,GRID_11,+6.81292069057960856e-04,13,+1.21152765862858765e-03,6,RE,-6.82541289390256424e-33
YUKAWA,GRID_11,+6.81292069057960856e-04,13,+1.21152765862858765e-03,6,IM,+1.47586867857153491e-17
YUKAWA,GRID_11,+6.81292069057960856e-04,14,+1.46779926762206914e-03,2,RE,-7.65322540023822456e-33
YUKAWA,GRID_11,+6.81292069057960856e-04,14,+1.46779926762206914e-03,2,IM,+3.83929803881853963e-18
YUKAWA,GRID_11,+6.81292069057960856e-04,14,+1.46779926762206914e-03,4,RE,-6.32409356845377723e-33
YUKAWA,GRID_11,+6.81292069057960856e-04,14,+1.46779926762206914e-03,4,IM,+7.27699443424703479e-18
YUKAWA,GRID_11,+6.81292069057960856e-04,14,+1.46779926762206914e-03,6,RE,-5.97642452141410067e-33
YUKAWA,GRID_11,+6.81292069057960856e-04,14,+1.46779926762206914e-03,6,IM,+9.98470888593641304e-18
YUKAWA,GRID_11,+6.81292069057960856e-04,15,+1.77827941003892275e-03,2,RE,-3.54279758738057571e-33
YUKAWA,GRID_11,+6.81292069057960856e-04,15,+1.77827941003892275e-03,2,IM,+2.40115639232710050e-18
YUKAWA,GRID_11,+6.81292069057960856e-04,15,+1.77827941003892275e-03,4,RE,-4.65434273433863448e-33
YUKAWA,GRID_11,+6.81292069057960856e-04,15,+1.77827941003892275e-03,4,IM,+4.54468804866265204e-18
YUKAWA,GRID_11,+6.81292069057960856e-04,15,+1.77827941003892275e-03,6,RE,-3.82660827677891486e-33
YUKAWA,GRID_11,+6.81292069057960856e-04,15,+1.77827941003892275e-03,6,IM,+6.22106677608247984e-18
YUKAWA,GRID_11,+6.81292069057960856e-04,16,+2.15443469003188210e-03,2,RE,-2.32916264623260240e-33
YUKAWA,GRID_11,+6.81292069057960856e-04,16,+2.15443469003188210e-03,2,IM,+1.36040790533192705e-18
YUKAWA,GRID_11,+6.81292069057960856e-04,16,+2.15443469003188210e-03,4,RE,-1.79752290804772251e-33
YUKAWA,GRID_11,+6.81292069057960856e-04,16,+2.15443469003188210e-03,4,IM,+2.57042896097437840e-18
YUKAWA,GRID_11,+6.81292069057960856e-04,16,+2.15443469003188210e-03,6,RE,-1.10217992810891336e-33
YUKAWA,GRID_11,+6.81292069057960856e-04,16,+2.15443469003188210e-03,6,IM,+3.50854694984938632e-18
YUKAWA,GRID_11,+6.81292069057960856e-04,17,+2.61015721568253574e-03,2,RE,-1.16161275301077832e-33
YUKAWA,GRID_11,+6.81292069057960856e-04,17,+2.61015721568253574e-03,2,IM,+6.83901299606890406e-19
YUKAWA,GRID_11,+6.81292069057960856e-04,17,+2.61015721568253574e-03,4,RE,-1.14991581743225889e-33
YUKAWA,GRID_11,+6.81292069057960856e-04,17,+2.61015721568253574e-03,4,IM,+1.28950915251936022e-18
YUKAWA,GRID_11,+6.81292069057960856e-04,17,+2.61015721568253574e-03,6,RE,-9.39909565273038885e-34
YUKAWA,GRID_11,+6.81292069057960856e-04,17,+2.61015721568253574e-03,6,IM,+1.75406062261158989e-18
YUKAWA,GRID_11,+6.81292069057960856e-04,18,+3.16227766016837939e-03,2,RE,-8.14163795068411425e-34
YUKAWA,GRID_11,+6.81292069057960856e-04,18,+3.16227766016837939e-03,2,IM,+2.97514586549724143e-19
YUKAWA,GRID_11,+6.81292069057960856e-04,18,+3.16227766016837939e-03,4,RE,-6.21418163590640006e-34
YUKAWA,GRID_11,+6.81292069057960856e-04,18,+3.16227766016837939e-03,4,IM,+5.59553892753740664e-19
YUKAWA,GRID_11,+6.81292069057960856e-04,18,+3.16227766016837939e-03,6,RE,-5.32132079951757568e-34
YUKAWA,GRID_11,+6.81292069057960856e-04,18,+3.16227766016837939e-03,6,IM,+7.57953392973470775e-19
YUKAWA,GRID_11,+6.81292069057960856e-04,19,+3.83118684955728508e-03,2,RE,+6.28519988349763923e-35
YUKAWA,GRID_11,+6.81292069057960856e-04,19,+3.83118684955728508e-03,2,IM,+1.08656563544233191e-19
YUKAWA,GRID_11,+6.81292069057960856e-04,19,+3.83118684955728508e-03,4,RE,+1.00495215256012477e-35
YUKAWA,GRID_11,+6.81292069057960856e-04,19,+3.83118684955728508e-03,4,IM,+2.03732184961323339e-19
YUKAWA,GRID_11,+6.81292069057960856e-04,19,+3.83118684955728508e-03,6,RE,+6.31532087829257830e-35
YUKAWA,GRID_11,+6.81292069057960856e-04,19,+3.83118684955728508e-03,6,IM,+2.74571252767786608e-19
YUKAWA,GRID_11,+6.81292069057960856e-04,20,+4.64158883361277721e-03,2,RE,-7.67653722212940412e-35
YUKAWA,GRID_11,+6.81292069057960856e-04,20,+4.64158883361277721e-03,2,IM,+3.21167334295907379e-20
YUKAWA,GRID_11,+6.81292069057960856e-04,20,+4.64158883361277721e-03,4,RE,-6.13050668835611006e-35
YUKAWA,GRID_11,+6.81292069057960856e-04,20,+4.64158883361277721e-03,4,IM,+5.99960927019403519e-20
YUKAWA,GRID_11,+6.81292069057960856e-04,20,+4.64158883361277721e-03,6,RE,-5.83668005691383993e-35
YUKAWA,GRID_11,+6.81292069057960856e-04,20,+4.64158883361277721e-03,6,IM,+8.03610863716528177e-20
YUKAWA,GRID_11,+6.81292069057960856e-04,21,+5.62341325190349097e-03,2,RE,-1.86130420002408878e-35
YUKAWA,GRID_11,+6.81292069057960856e-04,21,+5.62341325190349097e-03,2,IM,+7.35032002570880336e-21
YUKAWA,GRID_11,+6.81292069057960856e-04,21,+5.62341325190349097e-03,4,RE,-1.77050788136827448e-35
YUKAWA,GRID_11,+6.81292069057960856e-04,21,+5.62341325190349097e-03,4,IM,+1.36692171242365013e-20
YUKAWA,GRID_11,+6.81292069057960856e-04,21,+5.62341325190349097e-03,6,RE,-1.57044609665211575e-35
YUKAWA,GRID_11,+6.81292069057960856e-04,21,+5.62341325190349097e-03,6,IM,+1.81730212240606166e-20
YUKAWA,GRID_11,+6.81292069057960856e-04,22,+6.81292069057960834e-03,2,RE,-1.11468038443707725e-36
YUKAWA,GRID_11,+6.81292069057960856e-04,22,+6.81292069057960834e-03,2,IM,+1.23461355996152317e-21
YUKAWA,GRID_11,+6.81292069057960856e-04,22,+6.81292069057960834e-03,4,RE,-1.38462506913425940e-36
YUKAWA,GRID_11,+6.81292069057960856e-04,22,+6.81292069057960834e-03,4,IM,+2.28349044310843612e-21
YUKAWA,GRID_11,+6.81292069057960856e-04,22,+6.81292069057960834e-03,6,RE,-1.35398120072956922e-36
YUKAWA,GRID_11,+6.81292069057960856e-04,22,+6.81292069057960834e-03,6,IM,+3.00854208478097474e-21
YUKAWA,GRID_11,+6.81292069057960856e-04,23,+8.25404185268018183e-03,2,RE,-2.02097540152442362e-37
YUKAWA,GRID_11,+6.81292069057960856e-04,23,+8.25404185268018183e-03,2,IM,+1.42655021577603959e-22
YUKAWA,GRID_11,+6.81292069057960856e-04,23,+8.25404185268018183e-03,4,RE,-2.23670507290329774e-37
YUKAWA,GRID_11,+6.81292069057960856e-04,23,+8.25404185268018183e-03,4,IM,+2.62109271716968190e-22
YUKAWA,GRID_11,+6.81292069057960856e-04,23,+8.25404185268018183e-03,6,RE,-2.25534634499532793e-37
YUKAWA,GRID_11,+6.81292069057960856e-04,23,+8.25404185268018183e-03,6,IM,+3.41569562483555542e-22
YUKAWA,GRID_11,+6.81292069057960856e-04,24,+1.00000000000000002e-02,2,RE,-1.24646147161594721e-38
YUKAWA,GRID_11,+6.81292069057960856e-04,24,+1.00000000000000002e-02,2,IM,+1.04847214531687112e-23
YUKAWA,GRID_11,+6.81292069057960856e-04,24,+1.00000000000000002e-02,4,RE,-1.06367774104809460e-38
YUKAWA,GRID_11,+6.81292069057960856e-04,24,+1.00000000000000002e-02,4,IM,+1.91103275140727197e-23
YUKAWA,GRID_11,+6.81292069057960856e-04,24,+1.00000000000000002e-02,6,RE,-9.46484198321693959e-39
YUKAWA,GRID_11,+6.81292069057960856e-04,24,+1.00000000000000002e-02,6,IM,+2.45750130766364520e-23
YUKAWA,GRID_12,+1.00000000000000002e-03,0,+1.00000000000000005e-04,2,RE,-1.99092934941887526e-31
YUKAWA,GRID_12,+1.00000000000000002e-03,0,+1.00000000000000005e-04,2,IM,+1.52478542378992589e-16
YUKAWA,GRID_12,+1.00000000000000002e-03,0,+1.00000000000000005e-04,4,RE,-2.39062725388028028e-31
YUKAWA,GRID_12,+1.00000000000000002e-03,0,+1.00000000000000005e-04,4,IM,+2.84162160391064356e-16
YUKAWA,GRID_12,+1.00000000000000002e-03,0,+1.00000000000000005e-04,6,RE,-1.67516880947438977e-31
YUKAWA,GRID_12,+1.00000000000000002e-03,0,+1.00000000000000005e-04,6,IM,+3.79343506289772224e-16
YUKAWA,GRID_12,+1.00000000000000002e-03,1,+1.21152765862858885e-04,2,RE,-1.74958149240533334e-31
YUKAWA,GRID_12,+1.00000000000000002e-03,1,+1.21152765862858885e-04,2,IM,+1.49127861276350380e-16
YUKAWA,GRID_12,+1.00000000000000002e-03,1,+1.21152765862858885e-04,4,RE,-1.60999882595631160e-31
YUKAWA,GRID_12,+1.00000000000000002e-03,1,+1.21152765862858885e-04,4,IM,+2.77878293990100025e-16
YUKAWA,GRID_12,+1.00000000000000002e-03,1,+1.21152765862858885e-04,6,RE,-1.04689341317775030e-31
YUKAWA,GRID_12,+1.00000000000000002e-03,1,+1.21152765862858885e-04,6,IM,+3.70867938964844814e-16
YUKAWA,GRID_12,+1.00000000000000002e-03,2,+1.46779926762206892e-04,2,RE,-1.69851866597976597e-31
YUKAWA,GRID_12,+1.00000000000000002e-03,2,+1.46779926762206892e-04,2,IM,+1.45167311021715971e-16
YUKAWA,GRID_12,+1.00000000000000002e-03,2,+1.46779926762206892e-04,4,RE,-1.85139304569559879e-31
YUKAWA,GRID_12,+1.00000000000000002e-03,2,+1.46779926762206892e-04,4,IM,+2.70451838840712891e-16
YUKAWA,GRID_12,+1.00000000000000002e-03,2,+1.46779926762206892e-04,6,RE,-1.20542242895251197e-31
YUKAWA,GRID_12,+1.00000000000000002e-03,2,+1.46779926762206892e-04,6,IM,+3.60853848615020903e-16
YUKAWA,GRID_12,+1.00000000000000002e-03,3,+1.77827941003892270e-04,2,RE,-2.28933848991971220e-31
YUKAWA,GRID_12,+1.00000000000000002e-03,3,+1.77827941003892270e-04,2,IM,+1.40510215577103028e-16
YUKAWA,GRID_12,+1.00000000000000002e-03,3,+1.77827941003892270e-04,4,RE,-2.65654507792807452e-31
YUKAWA,GRID_12,+1.00000000000000002e-03,3,+1.77827941003892270e-04,4,IM,+2.61720938589398046e-16
YUKAWA,GRID_12,+1.00000000000000002e-03,3,+1.77827941003892270e-04,6,RE,-2.13223717308546310e-31
YUKAWA,GRID_12,+1.00000000000000002e-03,3,+1.77827941003892270e-04,6,IM,+3.49084472894556895e-16
YUKAWA,GRID_12,+1.00000000000000002e-03,4,+2.15443469003188449e-04,2,RE,-1.95108762809266057e-31
YUKAWA,GRID_12,+1.00000000000000002e-03,4,+2.15443469003188449e-04,2,IM,+1.35068515707756109e-16
YUKAWA,GRID_12,+1.00000000000000002e-03,4,+2.15443469003188449e-04,4,RE,-1.37787381158494203e-31
YUKAWA,GRID_12,+1.00000000000000002e-03,4,+2.15443469003188449e-04,4,IM,+2.51521436629816440e-16
YUKAWA,GRID_12,+1.00000000000000002e-03,4,+2.15443469003188449e-04,6,RE,-1.28892038209600424e-31
YUKAWA,GRID_12,+1.00000000000000002e-03,4,+2.15443469003188449e-04,6,IM,+3.35340598408236990e-16
YUKAWA,GRID_12,+1.00000000000000002e-03,5,+2.61015721568253574e-04,2,RE,-2.19198169165135186e-31
YUKAWA,GRID_12,+1.00000000000000002e-03,5,+2.61015721568253574e-04,2,IM,+1.28758416994751831e-16
YUKAWA,GRID_12,+1.00000000000000002e-03,5,+2.61015721568253574e-04,4,RE,-2.21772063167696172e-31
YUKAWA,GRID_12,+1.00000000000000002e-03,5,+2.61015721568253574e-04,4,IM,+2.39697556978241309e-16
YUKAWA,GRID_12,+1.00000000000000002e-03,5,+2.61015721568253574e-04,6,RE,-1.91484047626834072e-31
YUKAWA,GRID_12,+1.00000000000000002e-03,5,+2.61015721568253574e-04,6,IM,+3.19415162130548290e-16
YUKAWA,GRID_12,+1.00000000000000002e-03,6,+3.16227766016837939e-04,2,RE,-2.84884531244778202e-31
YUKAWA,GRID_12,+1.00000000000000002e-03,6,+3.16227766016837939e-04,2,IM,+1.21508704306880345e-16
YUKAWA,GRID_12,+1.00000000000000002e-03,6,+3.16227766016837939e-04,4,RE,-2.45621340645517619e-31
YUKAWA,GRID_12,+1.00000000000000002e-03,6,+3.16227766016837939e-04,4,IM,+2.26117592105181382e-16
YUKAWA,GRID_12,+1.00000000000000002e-03,6,+3.16227766016837939e-04,6,RE,-1.75269297920229073e-31
YUKAWA,GRID_12,+1.00000000000000002e-03,6,+3.16227766016837939e-04,6,IM,+3.01134618867715679e-16
YUKAWA,GRID_12,+1.00000000000000002e-03,7,+3.83118684955728529e-04,2,RE,-2.01714560349822535e-31
YUKAWA,GRID_12,+1.00000000000000002e-03,7,+3.83118684955728529e-04,2,IM,+1.13272201409798481e-16
YUKAWA,GRID_12,+1.00000000000000002e-03,7,+3.83118684955728529e-04,4,RE,-1.76718940231229228e-31
YUKAWA,GRID_12,+1.00000000000000002e-03,7,+3.83118684955728529e-04,4,IM,+2.10695479256320193e-16
YUKAWA,GRID_12,+1.00000000000000002e-03,7,+3.83118684955728529e-04,6,RE,-1.63817290873783847e-31
YUKAWA,GRID_12,+1.00000000000000002e-03,7,+3.83118684955728529e-04,6,IM,+2.80388227211185677e-16
YUKAWA,GRID_12,+1.00000000000000002e-03,8,+4.64158883361277732e-04,2,RE,-1.87756885252383664e-31
YUKAWA,GRID_12,+1.00000000000000002e-03,8,+4.64158883361277732e-04,2,IM,+1.04040545320418313e-16
YUKAWA,GRID_12,+1.00000000000000002e-03,8,+4.64158883361277732e-04,4,RE,-1.86102056494208699e-31
YUKAWA,GRID_12,+1.00000000000000002e-03,8,+4.64158883361277732e-04,4,IM,+1.93418553167348528e-16
YUKAWA,GRID_12,+1.00000000000000002e-03,8,+4.64158883361277732e-04,6,RE,-1.28735186155940854e-31
YUKAWA,GRID_12,+1.00000000000000002e-03,8,+4.64158883361277732e-04,6,IM,+2.57165574584945424e-16
YUKAWA,GRID_12,+1.00000000000000002e-03,9,+5.62341325190349097e-04,2,RE,-1.48060194250683477e-31
YUKAWA,GRID_12,+1.00000000000000002e-03,9,+5.62341325190349097e-04,2,IM,+9.38617905251588142e-17
YUKAWA,GRID_12,+1.00000000000000002e-03,9,+5.62341325190349097e-04,4,RE,-1.48369641440318943e-31
YUKAWA,GRID_12,+1.00000000000000002e-03,9,+5.62341325190349097e-04,4,IM,+1.74380516845474308e-16
YUKAWA,GRID_12,+1.00000000000000002e-03,9,+5.62341325190349097e-04,6,RE,-1.28943091519991341e-31
YUKAWA,GRID_12,+1.00000000000000002e-03,9,+5.62341325190349097e-04,6,IM,+2.31600939504318841e-16
YUKAWA,GRID_12,+1.00000000000000002e-03,10,+6.81292069057960856e-04,2,RE,-1.40666608270824423e-31
YUKAWA,GRID_12,+1.00000000000000002e-03,10,+6.81292069057960856e-04,2,IM,+8.28592302500018119e-17
YUKAWA,GRID_12,+1.00000000000000002e-03,10,+6.81292069057960856e-04,4,RE,-1.44934734630487463e-31
YUKAWA,GRID_12,+1.00000000000000002e-03,10,+6.81292069057960856e-04,4,IM,+1.53816536127652146e-16
YUKAWA,GRID_12,+1.00000000000000002e-03,10,+6.81292069057960856e-04,6,RE,-1.31924267267064976e-31
YUKAWA,GRID_12,+1.00000000000000002e-03,10,+6.81292069057960856e-04,6,IM,+2.04020163106899764e-16
YUKAWA,GRID_12,+1.00000000000000002e-03,11,+8.25404185268018118e-04,2,RE,-1.31736941451834625e-31
YUKAWA,GRID_12,+1.00000000000000002e-03,11,+8.25404185268018118e-04,2,IM,+7.12481658048402287e-17
YUKAWA,GRID_12,+1.00000000000000002e-03,11,+8.25404185268018118e-04,4,RE,-8.94085545757621949e-32
YUKAWA,GRID_12,+1.00000000000000002e-03,11,+8.25404185268018118e-04,4,IM,+1.32134243944097810e-16
YUKAWA,GRID_12,+1.00000000000000002e-03,11,+8.25404185268018118e-04,6,RE,-7.93200279457385646e-32
YUKAWA,GRID_12,+1.00000000000000002e-03,11,+8.25404185268018118e-04,6,IM,+1.74981465195437817e-16
YUKAWA,GRID_12,+1.00000000000000002e-03,12,+1.00000000000000002e-03,2,RE,-7.23928411447756275e-32
YUKAWA,GRID_12,+1.00000000000000002e-03,12,+1.00000000000000002e-03,2,IM,+5.93453295662372342e-17
YUKAWA,GRID_12,+1.00000000000000002e-03,12,+1.00000000000000002e-03,4,RE,-8.51119938704619329e-32
YUKAWA,GRID_12,+1.00000000000000002e-03,12,+1.00000000000000002e-03,4,IM,+1.09930652108607204e-16
YUKAWA,GRID_12,+1.00000000000000002e-03,12,+1.00000000000000002e-03,6,RE,-5.68593320231970873e-32
YUKAWA,GRID_12,+1.00000000000000002e-03,12,+1.00000000000000002e-03,6,IM,+1.45296557085985625e-16
YUKAWA,GRID_12,+1.00000000000000002e-03,13,+1.21152765862858765e-03,2,RE,-7.47617778418164889e-32
YUKAWA,GRID_12,+1.00000000000000002e-03,13,+1.21152765862858765e-03,2,IM,+4.75638486047587820e-17
YUKAWA,GRID_12,+1.00000000000000002e-03,13,+1.21152765862858765e-03,4,RE,-6.32243014797206896e-32
YUKAWA,GRID_12,+1.00000000000000002e-03,13,+1.21152765862858765e-03,4,IM,+8.79816192894450950e-17
YUKAWA,GRID_12,+1.00000000000000002e-03,13,+1.21152765862858765e-03,6,RE,-6.39978579227823240e-32
YUKAWA,GRID_12,+1.00000000000000002e-03,13,+1.21152765862858765e-03,6,IM,+1.16014027094764298e-16
YUKAWA,GRID_12,+1.00000000000000002e-03,14,+1.46779926762206914e-03,2,RE,-6.02112657658136448e-32
YUKAWA,GRID_12,+1.00000000000000002e-03,14,+1.46779926762206914e-03,2,IM,+3.63862053133760766e-17
YUKAWA,GRID_12,+1.00000000000000002e-03,14,+1.46779926762206914e-03,4,RE,-3.47670558279342822e-32
YUKAWA,GRID_12,+1.00000000000000002e-03,14,+1.46779926762206914e-03,4,IM,+6.71898564412225354e-17
YUKAWA,GRID_12,+1.00000000000000002e-03,14,+1.46779926762206914e-03,6,RE,-4.61412187470884263e-32
YUKAWA,GRID_12,+1.00000000000000002e-03,14,+1.46779926762206914e-03,6,IM,+8.83463902360464902e-17
YUKAWA,GRID_12,+1.00000000000000002e-03,15,+1.77827941003892275e-03,2,RE,-3.49226878277629111e-32
YUKAWA,GRID_12,+1.00000000000000002e-03,15,+1.77827941003892275e-03,2,IM,+2.63103451484745976e-17
YUKAWA,GRID_12,+1.00000000000000002e-03,15,+1.77827941003892275e-03,4,RE,-3.36117353272053370e-32
YUKAWA,GRID_12,+1.00000000000000002e-03,15,+1.77827941003892275e-03,4,IM,+4.84827267725050558e-17
YUKAWA,GRID_12,+1.00000000000000002e-03,15,+1.77827941003892275e-03,6,RE,-3.54849933907044568e-32
YUKAWA,GRID_12,+1.00000000000000002e-03,15,+1.77827941003892275e-03,6,IM,+6.35298067600794377e-17
YUKAWA,GRID_12,+1.00000000000000002e-03,16,+2.15443469003188210e-03,2,RE,-8.71198459419705930e-33
YUKAWA,GRID_12,+1.00000000000000002e-03,16,+2.15443469003188210e-03,2,IM,+1.77715298720748664e-17
YUKAWA,GRID_12,+1.00000000000000002e-03,16,+2.15443469003188210e-03,4,RE,-1.88765301711015744e-32
YUKAWA,GRID_12,+1.00000000000000002e-03,16,+2.15443469003188210e-03,4,IM,+3.26653108907435880e-17
YUKAWA,GRID_12,+1.00000000000000002e-03,16,+2.15443469003188210e-03,6,RE,-1.95670832335288606e-32
YUKAWA,GRID_12,+1.00000000000000002e-03,16,+2.15443469003188210e-03,6,IM,+4.26251775871873675e-17
YUKAWA,GRID_12,+1.00000000000000002e-03,17,+2.61015721568253574e-03,2,RE,-1.83826593302528558e-32
YUKAWA,GRID_12,+1.00000000000000002e-03,17,+2.61015721568253574e-03,2,IM,+1.10546656239046576e-17
YUKAWA,GRID_12,+1.00000000000000002e-03,17,+2.61015721568253574e-03,4,RE,-1.62374110379106864e-32
YUKAWA,GRID_12,+1.00000000000000002e-03,17,+2.61015721568253574e-03,4,IM,+2.02570520964405092e-17
YUKAWA,GRID_12,+1.00000000000000002e-03,17,+2.61015721568253574e-03,6,RE,-1.33748009211582370e-32
YUKAWA,GRID_12,+1.00000000000000002e-03,17,+2.61015721568253574e-03,6,IM,+2.63003156838468839e-17
YUKAWA,GRID_12,+1.00000000000000002e-03,18,+3.16227766016837939e-03,2,RE,-1.44019081857508221e-32
YUKAWA,GRID_12,+1.00000000000000002e-03,18,+3.16227766016837939e-03,2,IM,+6.22469978986333808e-18
YUKAWA,GRID_12,+1.00000000000000002e-03,18,+3.16227766016837939e-03,4,RE,-1.16748925390335119e-32
YUKAWA,GRID_12,+1.00000000000000002e-03,18,+3.16227766016837939e-03,4,IM,+1.13641090037367784e-17
YUKAWA,GRID_12,+1.00000000000000002e-03,18,+3.16227766016837939e-03,6,RE,-7.68583519527222719e-33
YUKAWA,GRID_12,+1.00000000000000002e-03,18,+3.16227766016837939e-03,6,IM,+1.46642700298591825e-17
YUKAWA,GRID_12,+1.00000000000000002e-03,19,+3.83118684955728508e-03,2,RE,-5.25276060400414552e-34
YUKAWA,GRID_12,+1.00000000000000002e-03,19,+3.83118684955728508e-03,2,IM,+3.10757818289290064e-18
YUKAWA,GRID_12,+1.00000000000000002e-03,19,+3.83118684955728508e-03,4,RE,-1.43442921011835527e-33
YUKAWA,GRID_12,+1.00000000000000002e-03,19,+3.83118684955728508e-03,4,IM,+5.64784845396613620e-18
YUKAWA,GRID_12,+1.00000000000000002e-03,19,+3.83118684955728508e-03,6,RE,-1.39285269604961105e-33
YUKAWA,GRID_12,+1.00000000000000002e-03,19,+3.83118684955728508e-03,6,IM,+7.23410458652973285e-18
YUKAWA,GRID_12,+1.00000000000000002e-03,20,+4.64158883361277721e-03,2,RE,-1.63371557079044637e-33
YUKAWA,GRID_12,+1.00000000000000002e-03,20,+4.64158883361277721e-03,2,IM,+1.34141347304081742e-18
YUKAWA,GRID_12,+1.00000000000000002e-03,20,+4.64158883361277721e-03,4,RE,-1.65571767171963229e-33
YUKAWA,GRID_12,+1.00000000000000002e-03,20,+4.64158883361277721e-03,4,IM,+2.42466848812496119e-18
YUKAWA,GRID_12,+1.00000000000000002e-03,20,+4.64158883361277721e-03,6,RE,-1.91971257386517488e-33
YUKAWA,GRID_12,+1.00000000000000002e-03,20,+4.64158883361277721e-03,6,IM,+3.07785006063386770e-18
YUKAWA,GRID_12,+1.00000000000000002e-03,21,+5.62341325190349097e-03,2,RE,-8.02234123017845540e-34
YUKAWA,GRID_12,+1.00000000000000002e-03,21,+5.62341325190349097e-03,2,IM,+4.85716678713188918e-19
YUKAWA,GRID_12,+1.00000000000000002e-03,21,+5.62341325190349097e-03,4,RE,-7.27137990342263070e-34
YUKAWA,GRID_12,+1.00000000000000002e-03,21,+5.62341325190349097e-03,4,IM,+8.72162971500709050e-19
YUKAWA,GRID_12,+1.00000000000000002e-03,21,+5.62341325190349097e-03,6,RE,-6.94250613638919206e-34
YUKAWA,GRID_12,+1.00000000000000002e-03,21,+5.62341325190349097e-03,6,IM,+1.09510946318792453e-18
YUKAWA,GRID_12,+1.00000000000000002e-03,22,+6.81292069057960834e-03,2,RE,-6.02241377359906103e-35
YUKAWA,GRID_12,+1.00000000000000002e-03,22,+6.81292069057960834e-03,2,IM,+1.42229122080647789e-19
YUKAWA,GRID_12,+1.00000000000000002e-03,22,+6.81292069057960834e-03,4,RE,-7.75048964017319600e-35
YUKAWA,GRID_12,+1.00000000000000002e-03,22,+6.81292069057960834e-03,4,IM,+2.53347521809777897e-19
YUKAWA,GRID_12,+1.00000000000000002e-03,22,+6.81292069057960834e-03,6,RE,-1.21699987691082291e-34
YUKAWA,GRID_12,+1.00000000000000002e-03,22,+6.81292069057960834e-03,6,IM,+3.13932768254620725e-19
YUKAWA,GRID_12,+1.00000000000000002e-03,23,+8.25404185268018183e-03,2,RE,-1.52386407962724525e-35
YUKAWA,GRID_12,+1.00000000000000002e-03,23,+8.25404185268018183e-03,2,IM,+3.22233782424699767e-20
YUKAWA,GRID_12,+1.00000000000000002e-03,23,+8.25404185268018183e-03,4,RE,-1.60997441124825054e-35
YUKAWA,GRID_12,+1.00000000000000002e-03,23,+8.25404185268018183e-03,4,IM,+5.68421426675950471e-20
YUKAWA,GRID_12,+1.00000000000000002e-03,23,+8.25404185268018183e-03,6,RE,-2.97738960081270826e-35
YUKAWA,GRID_12,+1.00000000000000002e-03,23,+8.25404185268018183e-03,6,IM,+6.93157845806412319e-20
YUKAWA,GRID_12,+1.00000000000000002e-03,24,+1.00000000000000002e-02,2,RE,-3.62074323160684825e-36
YUKAWA,GRID_12,+1.00000000000000002e-03,24,+1.00000000000000002e-02,2,IM,+5.35437090148617679e-21
YUKAWA,GRID_12,+1.00000000000000002e-03,24,+1.00000000000000002e-02,4,RE,-2.85573398867588588e-36
YUKAWA,GRID_12,+1.00000000000000002e-03,24,+1.00000000000000002e-02,4,IM,+9.33421094139310064e-21
YUKAWA,GRID_12,+1.00000000000000002e-03,24,+1.00000000000000002e-02,6,RE,-3.70599490363197837e-36
YUKAWA,GRID_12,+1.00000000000000002e-03,24,+1.00000000000000002e-02,6,IM,+1.11635789996465051e-20
YUKAWA,GRID_13,+1.46779926762206914e-03,0,+1.00000000000000005e-04,2,RE,-8.04774047599579204e-31
YUKAWA,GRID_13,+1.46779926762206914e-03,0,+1.00000000000000005e-04,2,IM,+6.81739913919468549e-16
YUKAWA,GRID_13,+1.46779926762206914e-03,0,+1.00000000000000005e-04,4,RE,-6.54996508329091586e-31
YUKAWA,GRID_13,+1.46779926762206914e-03,0,+1.00000000000000005e-04,4,IM,+1.22701875340400186e-15
YUKAWA,GRID_13,+1.46779926762206914e-03,0,+1.00000000000000005e-04,6,RE,-6.50275857525566213e-31
YUKAWA,GRID_13,+1.46779926762206914e-03,0,+1.00000000000000005e-04,6,IM,+1.54957573009710543e-15
YUKAWA,GRID_13,+1.46779926762206914e-03,1,+1.21152765862858885e-04,2,RE,-6.95167426907672439e-31
YUKAWA,GRID_13,+1.46779926762206914e-03,1,+1.21152765862858885e-04,2,IM,+6.71261296635644858e-16
YUKAWA,GRID_13,+1.46779926762206914e-03,1,+1.21152765862858885e-04,4,RE,-5.54668332154635329e-31
YUKAWA,GRID_13,+1.46779926762206914e-03,1,+1.21152765862858885e-04,4,IM,+1.20790716302642272e-15
YUKAWA,GRID_13,+1.46779926762206914e-03,1,+1.21152765862858885e-04,6,RE,-6.19074978920372482e-31
YUKAWA,GRID_13,+1.46779926762206914e-03,1,+1.21152765862858885e-04,6,IM,+1.52492195777671996e-15
YUKAWA,GRID_13,+1.46779926762206914e-03,2,+1.46779926762206892e-04,2,RE,-4.51856109995847756e-31
YUKAWA,GRID_13,+1.46779926762206914e-03,2,+1.46779926762206892e-04,2,IM,+6.58783503638877491e-16
YUKAWA,GRID_13,+1.46779926762206914e-03,2,+1.46779926762206892e-04,4,RE,-7.20549159430414200e-31
YUKAWA,GRID_13,+1.46779926762206914e-03,2,+1.46779926762206892e-04,4,IM,+1.18515453596924925e-15
YUKAWA,GRID_13,+1.46779926762206914e-03,2,+1.46779926762206892e-04,6,RE,-6.47942635816490775e-31
YUKAWA,GRID_13,+1.46779926762206914e-03,2,+1.46779926762206892e-04,6,IM,+1.49558220484338324e-15
YUKAWA,GRID_13,+1.46779926762206914e-03,3,+1.77827941003892270e-04,2,RE,-9.44634237588150800e-31
YUKAWA,GRID_13,+1.46779926762206914e-03,3,+1.77827941003892270e-04,2,IM,+6.43979214050778866e-16
YUKAWA,GRID_13,+1.46779926762206914e-03,3,+1.77827941003892270e-04,4,RE,-9.02652953027452665e-31
YUKAWA,GRID_13,+1.46779926762206914e-03,3,+1.77827941003892270e-04,4,IM,+1.15816711930197916e-15
YUKAWA,GRID_13,+1.46779926762206914e-03,3,+1.77827941003892270e-04,6,RE,-8.86294298831123829e-31
YUKAWA,GRID_13,+1.46779926762206914e-03,3,+1.77827941003892270e-04,6,IM,+1.46079733432708910e-15
YUKAWA,GRID_13,+1.46779926762206914e-03,4,+2.15443469003188449e-04,2,RE,-6.45667364169522156e-31
YUKAWA,GRID_13,+1.46779926762206914e-03,4,+2.15443469003188449e-04,2,IM,+6.26492049797338355e-16
YUKAWA,GRID_13,+1.46779926762206914e-03,4,+2.15443469003188449e-04,4,RE,-5.20064316823143499e-31
YUKAWA,GRID_13,+1.46779926762206914e-03,4,+2.15443469003188449e-04,4,IM,+1.12629963922927131e-15
YUKAWA,GRID_13,+1.46779926762206914e-03,4,+2.15443469003188449e-04,6,RE,-4.92219466054539382e-31
YUKAWA,GRID_13,+1.46779926762206914e-03,4,+2.15443469003188449e-04,6,IM,+1.41974483808126741e-15
YUKAWA,GRID_13,+1.46779926762206914e-03,5,+2.61015721568253574e-04,2,RE,-6.35083268129249630e-31
YUKAWA,GRID_13,+1.46779926762206914e-03,5,+2.61015721568253574e-04,2,IM,+6.05945963705960314e-16
YUKAWA,GRID_13,+1.46779926762206914e-03,5,+2.61015721568253574e-04,4,RE,-7.66206354287679453e-31
YUKAWA,GRID_13,+1.46779926762206914e-03,5,+2.61015721568253574e-04,4,IM,+1.08887296089423669e-15
YUKAWA,GRID_13,+1.46779926762206914e-03,5,+2.61015721568253574e-04,6,RE,-5.62948304418263307e-31
YUKAWA,GRID_13,+1.46779926762206914e-03,5,+2.61015721568253574e-04,6,IM,+1.37156273505576285e-15
YUKAWA,GRID_13,+1.46779926762206914e-03,6,+3.16227766016837939e-04,2,RE,-8.27635625074465668e-31
YUKAWA,GRID_13,+1.46779926762206914e-03,6,+3.16227766016837939e-04,2,IM,+5.81961620982624863e-16
YUKAWA,GRID_13,+1.46779926762206914e-03,6,+3.16227766016837939e-04,4,RE,-8.30087966958345376e-31
YUKAWA,GRID_13,+1.46779926762206914e-03,6,+3.16227766016837939e-04,4,IM,+1.04520462823021862e-15
YUKAWA,GRID_13,+1.46779926762206914e-03,6,+3.16227766016837939e-04,6,RE,-6.41779375148774112e-31
YUKAWA,GRID_13,+1.46779926762206914e-03,6,+3.16227766016837939e-04,6,IM,+1.31539033845714604e-15
YUKAWA,GRID_13,+1.46779926762206914e-03,7,+3.83118684955728529e-04,2,RE,-9.25779040951580946e-31
YUKAWA,GRID_13,+1.46779926762206914e-03,7,+3.83118684955728529e-04,2,IM,+5.54182130920255821e-16
YUKAWA,GRID_13,+1.46779926762206914e-03,7,+3.83118684955728529e-04,4,RE,-6.96500421540008975e-31
YUKAWA,GRID_13,+1.46779926762206914e-03,7,+3.83118684955728529e-04,4,IM,+9.94656560519621202e-16
YUKAWA,GRID_13,+1.46779926762206914e-03,7,+3.83118684955728529e-04,6,RE,-6.00027932276397387e-31
YUKAWA,GRID_13,+1.46779926762206914e-03,7,+3.83118684955728529e-04,6,IM,+1.25043135706461962e-15
YUKAWA,GRID_13,+1.46779926762206914e-03,8,+4.64158883361277732e-04,2,RE,-9.15926816578650255e-31
YUKAWA,GRID_13,+1.46779926762206914e-03,8,+4.64158883361277732e-04,2,IM,+5.22310551102043221e-16
YUKAWA,GRID_13,+1.46779926762206914e-03,8,+4.64158883361277732e-04,4,RE,-7.09548676606099637e-31
YUKAWA,GRID_13,+1.46779926762206914e-03,8,+4.64158883361277732e-04,4,IM,+9.36704251080716208e-16
YUKAWA,GRID_13,+1.46779926762206914e-03,8,+4.64158883361277732e-04,6,RE,-4.46205033182518993e-31
YUKAWA,GRID_13,+1.46779926762206914e-03,8,+4.64158883361277732e-04,6,IM,+1.17604477629420599e-15
YUKAWA,GRID_13,+1.46779926762206914e-03,9,+5.62341325190349097e-04,2,RE,-5.88598169377310373e-31
YUKAWA,GRID_13,+1.46779926762206914e-03,9,+5.62341325190349097e-04,2,IM,+4.86161087902447840e-16
YUKAWA,GRID_13,+1.46779926762206914e-03,9,+5.62341325190349097e-04,4,RE,-4.49404883504501881e-31
YUKAWA,GRID_13,+1.46779926762206914e-03,9,+5.62341325190349097e-04,4,IM,+8.71030819727920617e-16
YUKAWA,GRID_13,+1.46779926762206914e-03,9,+5.62341325190349097e-04,6,RE,-3.37844998954429066e-31
YUKAWA,GRID_13,+1.46779926762206914e-03,9,+5.62341325190349097e-04,6,IM,+1.09186750291638957e-15
YUKAWA,GRID_13,+1.46779926762206914e-03,10,+6.81292069057960856e-04,2,RE,-4.60138228665869597e-31
YUKAWA,GRID_13,+1.46779926762206914e-03,10,+6.81292069057960856e-04,2,IM,+4.45724414800999647e-16
YUKAWA,GRID_13,+1.46779926762206914e-03,10,+6.81292069057960856e-04,4,RE,-4.91002487745847108e-31
YUKAWA,GRID_13,+1.46779926762206914e-03,10,+6.81292069057960856e-04,4,IM,+7.97646404043966365e-16
YUKAWA,GRID_13,+1.46779926762206914e-03,10,+6.81292069057960856e-04,6,RE,-3.88028343694594975e-31
YUKAWA,GRID_13,+1.46779926762206914e-03,10,+6.81292069057960856e-04,6,IM,+9.97968793444609800e-16
YUKAWA,GRID_13,+1.46779926762206914e-03,11,+8.25404185268018118e-04,2,RE,-3.90336851950412783e-31
YUKAWA,GRID_13,+1.46779926762206914e-03,11,+8.25404185268018118e-04,2,IM,+4.01244472979829844e-16
YUKAWA,GRID_13,+1.46779926762206914e-03,11,+8.25404185268018118e-04,4,RE,-4.20065846148237100e-31
YUKAWA,GRID_13,+1.46779926762206914e-03,11,+8.25404185268018118e-04,4,IM,+7.17027633787511884e-16
YUKAWA,GRID_13,+1.46779926762206914e-03,11,+8.25404185268018118e-04,6,RE,-3.44497925818925740e-31
YUKAWA,GRID_13,+1.46779926762206914e-03,11,+8.25404185268018118e-04,6,IM,+8.95028739229479027e-16
YUKAWA,GRID_13,+1.46779926762206914e-03,12,+1.00000000000000002e-03,2,RE,-1.96278470759612042e-31
YUKAWA,GRID_13,+1.46779926762206914e-03,12,+1.00000000000000002e-03,2,IM,+3.53298988598307202e-16
YUKAWA,GRID_13,+1.46779926762206914e-03,12,+1.00000000000000002e-03,4,RE,-3.32377599941889501e-31
YUKAWA,GRID_13,+1.46779926762206914e-03,12,+1.00000000000000002e-03,4,IM,+6.30262404382379469e-16
YUKAWA,GRID_13,+1.46779926762206914e-03,12,+1.00000000000000002e-03,6,RE,-2.94429266287884458e-31
YUKAWA,GRID_13,+1.46779926762206914e-03,12,+1.00000000000000002e-03,6,IM,+7.84520444867060268e-16
YUKAWA,GRID_13,+1.46779926762206914e-03,13,+1.21152765862858765e-03,2,RE,-2.40297644366597356e-31
YUKAWA,GRID_13,+1.46779926762206914e-03,13,+1.21152765862858765e-03,2,IM,+3.02868602770830478e-16
YUKAWA,GRID_13,+1.46779926762206914e-03,13,+1.21152765862858765e-03,4,RE,-2.01562360288505110e-31
YUKAWA,GRID_13,+1.46779926762206914e-03,13,+1.21152765862858765e-03,4,IM,+5.39171687196166510e-16
YUKAWA,GRID_13,+1.46779926762206914e-03,13,+1.21152765862858765e-03,6,RE,-1.93209859791150368e-31
YUKAWA,GRID_13,+1.46779926762206914e-03,13,+1.21152765862858765e-03,6,IM,+6.68857986139278593e-16
YUKAWA,GRID_13,+1.46779926762206914e-03,14,+1.46779926762206914e-03,2,RE,-2.32676099899128096e-31
YUKAWA,GRID_13,+1.46779926762206914e-03,14,+1.46779926762206914e-03,2,IM,+2.51370847320744450e-16
YUKAWA,GRID_13,+1.46779926762206914e-03,14,+1.46779926762206914e-03,4,RE,-2.16888244615871071e-31
YUKAWA,GRID_13,+1.46779926762206914e-03,14,+1.46779926762206914e-03,4,IM,+4.46364459300761785e-16
YUKAWA,GRID_13,+1.46779926762206914e-03,14,+1.46779926762206914e-03,6,RE,-2.43176727202173012e-31
YUKAWA,GRID_13,+1.46779926762206914e-03,14,+1.46779926762206914e-03,6,IM,+5.51452400919062081e-16
YUKAWA,GRID_13,+1.46779926762206914e-03,15,+1.77827941003892275e-03,2,RE,-2.46418005147093031e-31
YUKAWA,GRID_13,+1.46779926762206914e-03,15,+1.77827941003892275e-03,2,IM,+2.00627984747775985e-16
YUKAWA,GRID_13,+1.46779926762206914e-03,15,+1.77827941003892275e-03,4,RE,-2.20666024623251862e-31
YUKAWA,GRID_13,+1.46779926762206914e-03,15,+1.77827941003892275e-03,4,IM,+3.55169295611116679e-16
YUKAWA,GRID_13,+1.46779926762206914e-03,15,+1.77827941003892275e-03,6,RE,-1.85504769016117180e-31
YUKAWA,GRID_13,+1.46779926762206914e-03,15,+1.77827941003892275e-03,6,IM,+4.36603164824860165e-16
YUKAWA,GRID_13,+1.46779926762206914e-03,16,+2.15443469003188210e-03,2,RE,-9.24198937891696685e-32
YUKAWA,GRID_13,+1.46779926762206914e-03,16,+2.15443469003188210e-03,2,IM,+1.52737325020917220e-16
YUKAWA,GRID_13,+1.46779926762206914e-03,16,+2.15443469003188210e-03,4,RE,-1.10555862761767495e-31
YUKAWA,GRID_13,+1.46779926762206914e-03,16,+2.15443469003188210e-03,4,IM,+2.69386741152561844e-16
YUKAWA,GRID_13,+1.46779926762206914e-03,16,+2.15443469003188210e-03,6,RE,-1.05967906503312835e-31
YUKAWA,GRID_13,+1.46779926762206914e-03,16,+2.15443469003188210e-03,6,IM,+3.29156165491865038e-16
YUKAWA,GRID_13,+1.46779926762206914e-03,17,+2.61015721568253574e-03,2,RE,-1.14493550985814422e-31
YUKAWA,GRID_13,+1.46779926762206914e-03,17,+2.61015721568253574e-03,2,IM,+1.09826487287396889e-16
YUKAWA,GRID_13,+1.46779926762206914e-03,17,+2.61015721568253574e-03,4,RE,-1.34080247945064863e-31
YUKAWA,GRID_13,+1.46779926762206914e-03,17,+2.61015721568253574e-03,4,IM,+1.92833839934143962e-16
YUKAWA,GRID_13,+1.46779926762206914e-03,17,+2.61015721568253574e-03,6,RE,-7.87990065149208306e-32
YUKAWA,GRID_13,+1.46779926762206914e-03,17,+2.61015721568253574e-03,6,IM,+2.33898490288720173e-16
YUKAWA,GRID_13,+1.46779926762206914e-03,18,+3.16227766016837939e-03,2,RE,-7.23536379480392974e-32
YUKAWA,GRID_13,+1.46779926762206914e-03,18,+3.16227766016837939e-03,2,IM,+7.37104548317202514e-17
YUKAWA,GRID_13,+1.46779926762206914e-03,18,+3.16227766016837939e-03,4,RE,-8.98201316988045114e-32
YUKAWA,GRID_13,+1.46779926762206914e-03,18,+3.16227766016837939e-03,4,IM,+1.28716908726005478e-16
YUKAWA,GRID_13,+1.46779926762206914e-03,18,+3.16227766016837939e-03,6,RE,-7.44169154893046497e-32
YUKAWA,GRID_13,+1.46779926762206914e-03,18,+3.16227766016837939e-03,6,IM,+1.54747780192646001e-16
YUKAWA,GRID_13,+1.46779926762206914e-03,19,+3.83118684955728508e-03,2,RE,-6.34165011480318408e-33
YUKAWA,GRID_13,+1.46779926762206914e-03,19,+3.83118684955728508e-03,2,IM,+4.55201064631120961e-17
YUKAWA,GRID_13,+1.46779926762206914e-03,19,+3.83118684955728508e-03,4,RE,-1.42925351290668328e-32
YUKAWA,GRID_13,+1.46779926762206914e-03,19,+3.83118684955728508e-03,4,IM,+7.89654348150225335e-17
YUKAWA,GRID_13,+1.46779926762206914e-03,19,+3.83118684955728508e-03,6,RE,-5.25955987542986535e-33
YUKAWA,GRID_13,+1.46779926762206914e-03,19,+3.83118684955728508e-03,6,IM,+9.39191107935561247e-17
YUKAWA,GRID_13,+1.46779926762206914e-03,20,+4.64158883361277721e-03,2,RE,-1.78099964099562238e-32
YUKAWA,GRID_13,+1.46779926762206914e-03,20,+4.64158883361277721e-03,2,IM,+2.54239869817334218e-17
YUKAWA,GRID_13,+1.46779926762206914e-03,20,+4.64158883361277721e-03,4,RE,-1.68618238001208269e-32
YUKAWA,GRID_13,+1.46779926762206914e-03,20,+4.64158883361277721e-03,4,IM,+4.37516328893577113e-17
YUKAWA,GRID_13,+1.46779926762206914e-03,20,+4.64158883361277721e-03,6,RE,-9.54296910266563572e-33
YUKAWA,GRID_13,+1.46779926762206914e-03,20,+4.64158883361277721e-03,6,IM,+5.13629165324948401e-17
YUKAWA,GRID_13,+1.46779926762206914e-03,21,+5.62341325190349097e-03,2,RE,-7.56348365702763369e-33
YUKAWA,GRID_13,+1.46779926762206914e-03,21,+5.62341325190349097e-03,2,IM,+1.25782858716464368e-17
YUKAWA,GRID_13,+1.46779926762206914e-03,21,+5.62341325190349097e-03,4,RE,-9.18163099344468371e-33
YUKAWA,GRID_13,+1.46779926762206914e-03,21,+5.62341325190349097e-03,4,IM,+2.14362150564080787e-17
YUKAWA,GRID_13,+1.46779926762206914e-03,21,+5.62341325190349097e-03,6,RE,-8.73710559211406088e-33
YUKAWA,GRID_13,+1.46779926762206914e-03,21,+5.62341325190349097e-03,6,IM,+2.47709437522074757e-17
YUKAWA,GRID_13,+1.46779926762206914e-03,22,+6.81292069057960834e-03,2,RE,-3.37153985703186019e-33
YUKAWA,GRID_13,+1.46779926762206914e-03,22,+6.81292069057960834e-03,2,IM,+5.37580308701067723e-18
YUKAWA,GRID_13,+1.46779926762206914e-03,22,+6.81292069057960834e-03,4,RE,-2.76527768198035795e-33
YUKAWA,GRID_13,+1.46779926762206914e-03,22,+6.81292069057960834e-03,4,IM,+9.05412850128604760e-18
YUKAWA,GRID_13,+1.46779926762206914e-03,22,+6.81292069057960834e-03,6,RE,-2.98725613890823971e-33
YUKAWA,GRID_13,+1.46779926762206914e-03,22,+6.81292069057960834e-03,6,IM,+1.02642342146428986e-17
YUKAWA,GRID_13,+1.46779926762206914e-03,23,+8.25404185268018183e-03,2,RE,-2.43718746417538484e-34
YUKAWA,GRID_13,+1.46779926762206914e-03,23,+8.25404185268018183e-03,2,IM,+1.92557299840806798e-18
YUKAWA,GRID_13,+1.46779926762206914e-03,23,+8.25404185268018183e-03,4,RE,-8.45154950495344372e-34
YUKAWA,GRID_13,+1.46779926762206914e-03,23,+8.25404185268018183e-03,4,IM,+3.19703692162624696e-18
YUKAWA,GRID_13,+1.46779926762206914e-03,23,+8.25404185268018183e-03,6,RE,-9.46447511384774971e-34
YUKAWA,GRID_13,+1.46779926762206914e-03,23,+8.25404185268018183e-03,6,IM,+3.54121022839953712e-18
YUKAWA,GRID_13,+1.46779926762206914e-03,24,+1.00000000000000002e-02,2,RE,-3.32161773248311507e-34
YUKAWA,GRID_13,+1.46779926762206914e-03,24,+1.00000000000000002e-02,2,IM,+5.57300219689278684e-19
YUKAWA,GRID_13,+1.46779926762206914e-03,24,+1.00000000000000002e-02,4,RE,-1.24501181143256655e-34
YUKAWA,GRID_13,+1.46779926762206914e-03,24,+1.00000000000000002e-02,4,IM,+9.09356387217108163e-19
YUKAWA,GRID_13,+1.46779926762206914e-03,24,+1.00000000000000002e-02,6,RE,-1.68589902830440913e-34
YUKAWA,GRID_13,+1.46779926762206914e-03,24,+1.00000000000000002e-02,6,IM,+9.79329701087274086e-19
YUKAWA,GRID_14,+2.15443469003188210e-03,0,+1.00000000000000005e-04,2,RE,-1.78174197139349702e-30
YUKAWA,GRID_14,+2.15443469003188210e-03,0,+1.00000000000000005e-04,2,IM,+2.59254868649135429e-15
YUKAWA,GRID_14,+2.15443469003188210e-03,0,+1.00000000000000005e-04,4,RE,-2.36313056609909069e-30
YUKAWA,GRID_14,+2.15443469003188210e-03,0,+1.00000000000000005e-04,4,IM,+4.42850633242325815e-15
YUKAWA,GRID_14,+2.15443469003188210e-03,0,+1.00000000000000005e-04,6,RE,-1.58686498574052659e-30
YUKAWA,GRID_14,+2.15443469003188210e-03,0,+1.00000000000000005e-04,6,IM,+5.16689162920419745e-15
YUKAWA,GRID_14,+2.15443469003188210e-03,1,+1.21152765862858885e-04,2,RE,-1.18508842857152672e-30
YUKAWA,GRID_14,+2.15443469003188210e-03,1,+1.21152765862858885e-04,2,IM,+2.56440409129090823e-15
YUKAWA,GRID_14,+2.15443469003188210e-03,1,+1.21152765862858885e-04,4,RE,-1.17226251088161013e-30
YUKAWA,GRID_14,+2.15443469003188210e-03,1,+1.21152765862858885e-04,4,IM,+4.37909685906056791e-15
YUKAWA,GRID_14,+2.15443469003188210e-03,1,+1.21152765862858885e-04,6,RE,-8.43653943821519007e-31
YUKAWA,GRID_14,+2.15443469003188210e-03,1,+1.21152765862858885e-04,6,IM,+5.10677106040650057e-15
YUKAWA,GRID_14,+2.15443469003188210e-03,2,+1.46779926762206892e-04,2,RE,-1.06401433106239283e-30
YUKAWA,GRID_14,+2.15443469003188210e-03,2,+1.46779926762206892e-04,2,IM,+2.53072191847213724e-15
YUKAWA,GRID_14,+2.15443469003188210e-03,2,+1.46779926762206892e-04,4,RE,-1.08600401293373872e-30
YUKAWA,GRID_14,+2.15443469003188210e-03,2,+1.46779926762206892e-04,4,IM,+4.31998538710882977e-15
YUKAWA,GRID_14,+2.15443469003188210e-03,2,+1.46779926762206892e-04,6,RE,-1.15024335611187370e-30
YUKAWA,GRID_14,+2.15443469003188210e-03,2,+1.46779926762206892e-04,6,IM,+5.03488318021100974e-15
YUKAWA,GRID_14,+2.15443469003188210e-03,3,+1.77827941003892270e-04,2,RE,-2.07521047243135893e-30
YUKAWA,GRID_14,+2.15443469003188210e-03,3,+1.77827941003892270e-04,2,IM,+2.49051689552541435e-15
YUKAWA,GRID_14,+2.15443469003188210e-03,3,+1.77827941003892270e-04,4,RE,-2.41818041384874640e-30
YUKAWA,GRID_14,+2.15443469003188210e-03,3,+1.77827941003892270e-04,4,IM,+4.24945470578983002e-15
YUKAWA,GRID_14,+2.15443469003188210e-03,3,+1.77827941003892270e-04,6,RE,-2.00001805488179622e-30
YUKAWA,GRID_14,+2.15443469003188210e-03,3,+1.77827941003892270e-04,6,IM,+4.94916269767631993e-15
YUKAWA,GRID_14,+2.15443469003188210e-03,4,+2.15443469003188449e-04,2,RE,-1.37779893487760723e-30
YUKAWA,GRID_14,+2.15443469003188210e-03,4,+2.15443469003188449e-04,2,IM,+2.44267606457638367e-15
YUKAWA,GRID_14,+2.15443469003188210e-03,4,+2.15443469003188449e-04,4,RE,-1.61717679520784929e-30
YUKAWA,GRID_14,+2.15443469003188210e-03,4,+2.15443469003188449e-04,4,IM,+4.16556942149210641e-15
YUKAWA,GRID_14,+2.15443469003188210e-03,4,+2.15443469003188449e-04,6,RE,-1.10899078216024136e-30
YUKAWA,GRID_14,+2.15443469003188210e-03,4,+2.15443469003188449e-04,6,IM,+4.84729036038564556e-15
YUKAWA,GRID_14,+2.15443469003188210e-03,5,+2.61015721568253574e-04,2,RE,-1.47575880941123812e-30
YUKAWA,GRID_14,+2.15443469003188210e-03,5,+2.61015721568253574e-04,2,IM,+2.38596488206866558e-15
YUKAWA,GRID_14,+2.15443469003188210e-03,5,+2.61015721568253574e-04,4,RE,-1.79024808652718366e-30
YUKAWA,GRID_14,+2.15443469003188210e-03,5,+2.61015721568253574e-04,4,IM,+4.06618907667704816e-15
YUKAWA,GRID_14,+2.15443469003188210e-03,5,+2.61015721568253574e-04,6,RE,-1.41788826502345888e-30
YUKAWA,GRID_14,+2.15443469003188210e-03,5,+2.61015721568253574e-04,6,IM,+4.72671352428721369e-15
YUKAWA,GRID_14,+2.15443469003188210e-03,6,+3.16227766016837939e-04,2,RE,-1.80782326298570207e-30
YUKAWA,GRID_14,+2.15443469003188210e-03,6,+3.16227766016837939e-04,2,IM,+2.31904676356343171e-15
YUKAWA,GRID_14,+2.15443469003188210e-03,6,+3.16227766016837939e-04,4,RE,-1.41860324781408108e-30
YUKAWA,GRID_14,+2.15443469003188210e-03,6,+3.16227766016837939e-04,4,IM,+3.94900563571904499e-15
YUKAWA,GRID_14,+2.15443469003188210e-03,6,+3.16227766016837939e-04,6,RE,-1.47494228557744634e-30
YUKAWA,GRID_14,+2.15443469003188210e-03,6,+3.16227766016837939e-04,6,IM,+4.58469779967555426e-15
YUKAWA,GRID_14,+2.15443469003188210e-03,7,+3.83118684955728529e-04,2,RE,-8.90074467367703850e-31
YUKAWA,GRID_14,+2.15443469003188210e-03,7,+3.83118684955728529e-04,2,IM,+2.24052232185894120e-15
YUKAWA,GRID_14,+2.15443469003188210e-03,7,+3.83118684955728529e-04,4,RE,-1.48433420174102310e-30
YUKAWA,GRID_14,+2.15443469003188210e-03,7,+3.83118684955728529e-04,4,IM,+3.81161640720477793e-15
YUKAWA,GRID_14,+2.15443469003188210e-03,7,+3.83118684955728529e-04,6,RE,-1.38993053586166864e-30
YUKAWA,GRID_14,+2.15443469003188210e-03,7,+3.83118684955728529e-04,6,IM,+4.41842340182282316e-15
YUKAWA,GRID_14,+2.15443469003188210e-03,8,+4.64158883361277732e-04,2,RE,-2.41131822134233591e-30
YUKAWA,GRID_14,+2.15443469003188210e-03,8,+4.64158883361277732e-04,2,IM,+2.14899601206371726e-15
YUKAWA,GRID_14,+2.15443469003188210e-03,8,+4.64158883361277732e-04,4,RE,-1.58898601188253883e-30
YUKAWA,GRID_14,+2.15443469003188210e-03,8,+4.64158883361277732e-04,4,IM,+3.65164593908833793e-15
YUKAWA,GRID_14,+2.15443469003188210e-03,8,+4.64158883361277732e-04,6,RE,-1.38367943131324141e-30
YUKAWA,GRID_14,+2.15443469003188210e-03,8,+4.64158883361277732e-04,6,IM,+4.22514261250021436e-15
YUKAWA,GRID_14,+2.15443469003188210e-03,9,+5.62341325190349097e-04,2,RE,-1.30953550820267991e-30
YUKAWA,GRID_14,+2.15443469003188210e-03,9,+5.62341325190349097e-04,2,IM,+2.04317894074562935e-15
YUKAWA,GRID_14,+2.15443469003188210e-03,9,+5.62341325190349097e-04,4,RE,-1.13318900377659992e-30
YUKAWA,GRID_14,+2.15443469003188210e-03,9,+5.62341325190349097e-04,4,IM,+3.46693203008757317e-15
YUKAWA,GRID_14,+2.15443469003188210e-03,9,+5.62341325190349097e-04,6,RE,-1.18827581902330969e-30
YUKAWA,GRID_14,+2.15443469003188210e-03,9,+5.62341325190349097e-04,6,IM,+4.00241625371610595e-15
YUKAWA,GRID_14,+2.15443469003188210e-03,10,+6.81292069057960856e-04,2,RE,-1.20244875209722106e-30
YUKAWA,GRID_14,+2.15443469003188210e-03,10,+6.81292069057960856e-04,2,IM,+1.92203647262275328e-15
YUKAWA,GRID_14,+2.15443469003188210e-03,10,+6.81292069057960856e-04,4,RE,-1.21120189843551140e-30
YUKAWA,GRID_14,+2.15443469003188210e-03,10,+6.81292069057960856e-04,4,IM,+3.25579037386617173e-15
YUKAWA,GRID_14,+2.15443469003188210e-03,10,+6.81292069057960856e-04,6,RE,-9.44908314604229109e-31
YUKAWA,GRID_14,+2.15443469003188210e-03,10,+6.81292069057960856e-04,6,IM,+3.74844549205260939e-15
YUKAWA,GRID_14,+2.15443469003188210e-03,11,+8.25404185268018118e-04,2,RE,-6.44348641863299093e-31
YUKAWA,GRID_14,+2.15443469003188210e-03,11,+8.25404185268018118e-04,2,IM,+1.78498678331070844e-15
YUKAWA,GRID_14,+2.15443469003188210e-03,11,+8.25404185268018118e-04,4,RE,-1.45516219692261227e-30
YUKAWA,GRID_14,+2.15443469003188210e-03,11,+8.25404185268018118e-04,4,IM,+3.01736732458090862e-15
YUKAWA,GRID_14,+2.15443469003188210e-03,11,+8.25404185268018118e-04,6,RE,-1.22274872411369607e-30
YUKAWA,GRID_14,+2.15443469003188210e-03,11,+8.25404185268018118e-04,6,IM,+3.46250786811347220e-15
YUKAWA,GRID_14,+2.15443469003188210e-03,12,+1.00000000000000002e-03,2,RE,-1.06147776314695297e-30
YUKAWA,GRID_14,+2.15443469003188210e-03,12,+1.00000000000000002e-03,2,IM,+1.63214997450577777e-15
YUKAWA,GRID_14,+2.15443469003188210e-03,12,+1.00000000000000002e-03,4,RE,-9.00018928290062174e-31
YUKAWA,GRID_14,+2.15443469003188210e-03,12,+1.00000000000000002e-03,4,IM,+2.75207784153876228e-15
YUKAWA,GRID_14,+2.15443469003188210e-03,12,+1.00000000000000002e-03,6,RE,-7.96638702632063557e-31
YUKAWA,GRID_14,+2.15443469003188210e-03,12,+1.00000000000000002e-03,6,IM,+3.14548947320565369e-15
YUKAWA,GRID_14,+2.15443469003188210e-03,13,+1.21152765862858765e-03,2,RE,-9.11256283635221231e-31
YUKAWA,GRID_14,+2.15443469003188210e-03,13,+1.21152765862858765e-03,2,IM,+1.46463479184175614e-15
YUKAWA,GRID_14,+2.15443469003188210e-03,13,+1.21152765862858765e-03,4,RE,-5.89686260890618089e-31
YUKAWA,GRID_14,+2.15443469003188210e-03,13,+1.21152765862858765e-03,4,IM,+2.46210239263288507e-15
YUKAWA,GRID_14,+2.15443469003188210e-03,13,+1.21152765862858765e-03,6,RE,-7.96363901585304883e-31
YUKAWA,GRID_14,+2.15443469003188210e-03,13,+1.21152765862858765e-03,6,IM,+2.80047465144655542e-15
YUKAWA,GRID_14,+2.15443469003188210e-03,14,+1.46779926762206914e-03,2,RE,-5.60263781706160396e-31
YUKAWA,GRID_14,+2.15443469003188210e-03,14,+1.46779926762206914e-03,2,IM,+1.28482971563736240e-15
YUKAWA,GRID_14,+2.15443469003188210e-03,14,+1.46779926762206914e-03,4,RE,-8.09768733439904040e-31
YUKAWA,GRID_14,+2.15443469003188210e-03,14,+1.46779926762206914e-03,4,IM,+2.15187986899982909e-15
YUKAWA,GRID_14,+2.15443469003188210e-03,14,+1.46779926762206914e-03,6,RE,-7.31486057919512081e-31
YUKAWA,GRID_14,+2.15443469003188210e-03,14,+1.46779926762206914e-03,6,IM,+2.43330797166036294e-15
YUKAWA,GRID_14,+2.15443469003188210e-03,15,+1.77827941003892275e-03,2,RE,-5.75693482296133745e-31
YUKAWA,GRID_14,+2.15443469003188210e-03,15,+1.77827941003892275e-03,2,IM,+1.09663738476007119e-15
YUKAWA,GRID_14,+2.15443469003188210e-03,15,+1.77827941003892275e-03,4,RE,-7.07567972530674023e-31
YUKAWA,GRID_14,+2.15443469003188210e-03,15,+1.77827941003892275e-03,4,IM,+1.82848436160970547e-15
YUKAWA,GRID_14,+2.15443469003188210e-03,15,+1.77827941003892275e-03,6,RE,-7.11594993813398461e-31
YUKAWA,GRID_14,+2.15443469003188210e-03,15,+1.77827941003892275e-03,6,IM,+2.05298312998919094e-15
YUKAWA,GRID_14,+2.15443469003188210e-03,16,+2.15443469003188210e-03,2,RE,-2.58173463129329074e-31
YUKAWA,GRID_14,+2.15443469003188210e-03,16,+2.15443469003188210e-03,2,IM,+9.05560376092283629e-16
YUKAWA,GRID_14,+2.15443469003188210e-03,16,+2.15443469003188210e-03,4,RE,-4.46950221576107968e-31
YUKAWA,GRID_14,+2.15443469003188210e-03,16,+2.15443469003188210e-03,4,IM,+1.50172097492761560e-15
YUKAWA,GRID_14,+2.15443469003188210e-03,16,+2.15443469003188210e-03,6,RE,-4.70117108370442145e-31
YUKAWA,GRID_14,+2.15443469003188210e-03,16,+2.15443469003188210e-03,6,IM,+1.67165333351777261e-15
YUKAWA,GRID_14,+2.15443469003188210e-03,17,+2.61015721568253574e-03,2,RE,-3.73810553189653316e-31
YUKAWA,GRID_14,+2.15443469003188210e-03,17,+2.61015721568253574e-03,2,IM,+7.18524009806256902e-16
YUKAWA,GRID_14,+2.15443469003188210e-03,17,+2.61015721568253574e-03,4,RE,-3.41564850249614763e-31
YUKAWA,GRID_14,+2.15443469003188210e-03,17,+2.61015721568253574e-03,4,IM,+1.18374195007014850e-15
YUKAWA,GRID_14,+2.15443469003188210e-03,17,+2.61015721568253574e-03,6,RE,-3.17018579100617212e-31
YUKAWA,GRID_14,+2.15443469003188210e-03,17,+2.61015721568253574e-03,6,IM,+1.30402775244007006e-15
YUKAWA,GRID_14,+2.15443469003188210e-03,18,+3.16227766016837939e-03,2,RE,-2.93699258972151910e-31
YUKAWA,GRID_14,+2.15443469003188210e-03,18,+3.16227766016837939e-03,2,IM,+5.43328892192475689e-16
YUKAWA,GRID_14,+2.15443469003188210e-03,18,+3.16227766016837939e-03,4,RE,-2.94371588315682292e-31
YUKAWA,GRID_14,+2.15443469003188210e-03,18,+3.16227766016837939e-03,4,IM,+8.88007095957977831e-16
YUKAWA,GRID_14,+2.15443469003188210e-03,18,+3.16227766016837939e-03,6,RE,-4.31543206480517335e-31
YUKAWA,GRID_14,+2.15443469003188210e-03,18,+3.16227766016837939e-03,6,IM,+9.65966862930145705e-16
YUKAWA,GRID_14,+2.15443469003188210e-03,19,+3.83118684955728508e-03,2,RE,-1.20059263556418670e-31
YUKAWA,GRID_14,+2.15443469003188210e-03,19,+3.83118684955728508e-03,2,IM,+3.87688792711203126e-16
YUKAWA,GRID_14,+2.15443469003188210e-03,19,+3.83118684955728508e-03,4,RE,-9.78117110556951442e-32
YUKAWA,GRID_14,+2.15443469003188210e-03,19,+3.83118684955728508e-03,4,IM,+6.27537421883293894e-16
YUKAWA,GRID_14,+2.15443469003188210e-03,19,+3.83118684955728508e-03,6,RE,-1.11064501660695218e-31
YUKAWA,GRID_14,+2.15443469003188210e-03,19,+3.83118684955728508e-03,6,IM,+6.72268430999793597e-16
YUKAWA,GRID_14,+2.15443469003188210e-03,20,+4.64158883361277721e-03,2,RE,-2.60228314412629626e-32
YUKAWA,GRID_14,+2.15443469003188210e-03,20,+4.64158883361277721e-03,2,IM,+2.57946180538264673e-16
YUKAWA,GRID_14,+2.15443469003188210e-03,20,+4.64158883361277721e-03,4,RE,-1.02249391736211072e-31
YUKAWA,GRID_14,+2.15443469003188210e-03,20,+4.64158883361277721e-03,4,IM,+4.12663704706818472e-16
YUKAWA,GRID_14,+2.15443469003188210e-03,20,+4.64158883361277721e-03,6,RE,-9.99489711139297546e-32
YUKAWA,GRID_14,+2.15443469003188210e-03,20,+4.64158883361277721e-03,6,IM,+4.33964081236967584e-16
YUKAWA,GRID_14,+2.15443469003188210e-03,21,+5.62341325190349097e-03,2,RE,-2.74619669763065445e-32
YUKAWA,GRID_14,+2.15443469003188210e-03,21,+5.62341325190349097e-03,2,IM,+1.57751140114804300e-16
YUKAWA,GRID_14,+2.15443469003188210e-03,21,+5.62341325190349097e-03,4,RE,-6.68637827939928685e-32
YUKAWA,GRID_14,+2.15443469003188210e-03,21,+5.62341325190349097e-03,4,IM,+2.48810063898936922e-16
YUKAWA,GRID_14,+2.15443469003188210e-03,21,+5.62341325190349097e-03,6,RE,-8.56785247703653267e-32
YUKAWA,GRID_14,+2.15443469003188210e-03,21,+5.62341325190349097e-03,6,IM,+2.55847942224170033e-16
YUKAWA,GRID_14,+2.15443469003188210e-03,22,+6.81292069057960834e-03,2,RE,-4.79995123298330054e-33
YUKAWA,GRID_14,+2.15443469003188210e-03,22,+6.81292069057960834e-03,2,IM,+8.71591223330208809e-17
YUKAWA,GRID_14,+2.15443469003188210e-03,22,+6.81292069057960834e-03,4,RE,-2.52054110920550847e-32
YUKAWA,GRID_14,+2.15443469003188210e-03,22,+6.81292069057960834e-03,4,IM,+1.35120852648926446e-16
YUKAWA,GRID_14,+2.15443469003188210e-03,22,+6.81292069057960834e-03,6,RE,-2.87814581972858560e-32
YUKAWA,GRID_14,+2.15443469003188210e-03,22,+6.81292069057960834e-03,6,IM,+1.35219327959981692e-16
YUKAWA,GRID_14,+2.15443469003188210e-03,23,+8.25404185268018183e-03,2,RE,-7.63553572406237609e-33
YUKAWA,GRID_14,+2.15443469003188210e-03,23,+8.25404185268018183e-03,2,IM,+4.26098897018474682e-17
YUKAWA,GRID_14,+2.15443469003188210e-03,23,+8.25404185268018183e-03,4,RE,-7.42104367094559265e-33
YUKAWA,GRID_14,+2.15443469003188210e-03,23,+8.25404185268018183e-03,4,IM,+6.46901592638082242e-17
YUKAWA,GRID_14,+2.15443469003188210e-03,23,+8.25404185268018183e-03,6,RE,-1.16870792934117907e-32
YUKAWA,GRID_14,+2.15443469003188210e-03,23,+8.25404185268018183e-03,6,IM,+6.26432219101420819e-17
YUKAWA,GRID_14,+2.15443469003188210e-03,24,+1.00000000000000002e-02,2,RE,-3.30026604207413306e-33
YUKAWA,GRID_14,+2.15443469003188210e-03,24,+1.00000000000000002e-02,2,IM,+1.79746801731138933e-17
YUKAWA,GRID_14,+2.15443469003188210e-03,24,+1.00000000000000002e-02,4,RE,-3.86492660949441517e-33
YUKAWA,GRID_14,+2.15443469003188210e-03,24,+1.00000000000000002e-02,4,IM,+2.66053557282712237e-17
YUKAWA,GRID_14,+2.15443469003188210e-03,24,+1.00000000000000002e-02,6,RE,-2.71013602067651915e-33
YUKAWA,GRID_14,+2.15443469003188210e-03,24,+1.00000000000000002e-02,6,IM,+2.47586295376273374e-17
YUKAWA,GRID_15,+3.16227766016837939e-03,0,+1.00000000000000005e-04,2,RE,-3.66614554682956623e-30
YUKAWA,GRID_15,+3.16227766016837939e-03,0,+1.00000000000000005e-04,2,IM,+8.00072918033237421e-15
YUKAWA,GRID_15,+3.16227766016837939e-03,0,+1.00000000000000005e-04,4,RE,-3.93602681299731188e-30
YUKAWA,GRID_15,+3.16227766016837939e-03,0,+1.00000000000000005e-04,4,IM,+1.26528797935928219e-14
YUKAWA,GRID_15,+3.16227766016837939e-03,0,+1.00000000000000005e-04,6,RE,-2.44301055288095016e-30
YUKAWA,GRID_15,+3.16227766016837939e-03,0,+1.00000000000000005e-04,6,IM,+1.32822269297915130e-14
YUKAWA,GRID_15,+3.16227766016837939e-03,1,+1.21152765862858885e-04,2,RE,-2.54768811681193975e-30
YUKAWA,GRID_15,+3.16227766016837939e-03,1,+1.21152765862858885e-04,2,IM,+7.93843553703109959e-15
YUKAWA,GRID_15,+3.16227766016837939e-03,1,+1.21152765862858885e-04,4,RE,-3.70319274545680855e-30
YUKAWA,GRID_15,+3.16227766016837939e-03,1,+1.21152765862858885e-04,4,IM,+1.25488522328536136e-14
YUKAWA,GRID_15,+3.16227766016837939e-03,1,+1.21152765862858885e-04,6,RE,-2.99745375560101652e-30
YUKAWA,GRID_15,+3.16227766016837939e-03,1,+1.21152765862858885e-04,6,IM,+1.31642522669268003e-14
YUKAWA,GRID_15,+3.16227766016837939e-03,2,+1.46779926762206892e-04,2,RE,-2.55384862623767958e-30
YUKAWA,GRID_15,+3.16227766016837939e-03,2,+1.46779926762206892e-04,2,IM,+7.86363486256153180e-15
YUKAWA,GRID_15,+3.16227766016837939e-03,2,+1.46779926762206892e-04,4,RE,-2.05889427572099815e-30
YUKAWA,GRID_15,+3.16227766016837939e-03,2,+1.46779926762206892e-04,4,IM,+1.24239972435745800e-14
YUKAWA,GRID_15,+3.16227766016837939e-03,2,+1.46779926762206892e-04,6,RE,-3.17491285389071268e-30
YUKAWA,GRID_15,+3.16227766016837939e-03,2,+1.46779926762206892e-04,6,IM,+1.30227597133520351e-14
YUKAWA,GRID_15,+3.16227766016837939e-03,3,+1.77827941003892270e-04,2,RE,-3.44885286927171940e-30
YUKAWA,GRID_15,+3.16227766016837939e-03,3,+1.77827941003892270e-04,2,IM,+7.77398481246665927e-15
YUKAWA,GRID_15,+3.16227766016837939e-03,3,+1.77827941003892270e-04,4,RE,-2.79654539913044024e-30
YUKAWA,GRID_15,+3.16227766016837939e-03,3,+1.77827941003892270e-04,4,IM,+1.22744413965128085e-14
YUKAWA,GRID_15,+3.16227766016837939e-03,3,+1.77827941003892270e-04,6,RE,-3.23596396769273757e-30
YUKAWA,GRID_15,+3.16227766016837939e-03,3,+1.77827941003892270e-04,6,IM,+1.28534225439916402e-14
YUKAWA,GRID_15,+3.16227766016837939e-03,4,+2.15443469003188449e-04,2,RE,-3.23940384159865143e-30
YUKAWA,GRID_15,+3.16227766016837939e-03,4,+2.15443469003188449e-04,2,IM,+7.66678178907148624e-15
YUKAWA,GRID_15,+3.16227766016837939e-03,4,+2.15443469003188449e-04,4,RE,-2.81220664612390624e-30
YUKAWA,GRID_15,+3.16227766016837939e-03,4,+2.15443469003188449e-04,4,IM,+1.20957268176559515e-14
YUKAWA,GRID_15,+3.16227766016837939e-03,4,+2.15443469003188449e-04,6,RE,-2.90517135965431960e-30
YUKAWA,GRID_15,+3.16227766016837939e-03,4,+2.15443469003188449e-04,6,IM,+1.26512836110803096e-14
YUKAWA,GRID_15,+3.16227766016837939e-03,5,+2.61015721568253574e-04,2,RE,-4.73564217419179306e-30
YUKAWA,GRID_15,+3.16227766016837939e-03,5,+2.61015721568253574e-04,2,IM,+7.53894161310922731e-15
YUKAWA,GRID_15,+3.16227766016837939e-03,5,+2.61015721568253574e-04,4,RE,-2.29539152716125651e-30
YUKAWA,GRID_15,+3.16227766016837939e-03,5,+2.61015721568253574e-04,4,IM,+1.18827869798386311e-14
YUKAWA,GRID_15,+3.16227766016837939e-03,5,+2.61015721568253574e-04,6,RE,-3.71730510071682339e-30
YUKAWA,GRID_15,+3.16227766016837939e-03,5,+2.61015721568253574e-04,6,IM,+1.24107416129579159e-14
YUKAWA,GRID_15,+3.16227766016837939e-03,6,+3.16227766016837939e-04,2,RE,-5.16797865473053251e-30
YUKAWA,GRID_15,+3.16227766016837939e-03,6,+3.16227766016837939e-04,2,IM,+7.38699864651385462e-15
YUKAWA,GRID_15,+3.16227766016837939e-03,6,+3.16227766016837939e-04,4,RE,-3.76691519182661674e-30
YUKAWA,GRID_15,+3.16227766016837939e-03,6,+3.16227766016837939e-04,4,IM,+1.16299562544965072e-14
YUKAWA,GRID_15,+3.16227766016837939e-03,6,+3.16227766016837939e-04,6,RE,-3.81904498498247314e-30
YUKAWA,GRID_15,+3.16227766016837939e-03,6,+3.16227766016837939e-04,6,IM,+1.21255805412257621e-14
YUKAWA,GRID_15,+3.16227766016837939e-03,7,+3.83118684955728529e-04,2,RE,-2.82670284878806109e-30
YUKAWA,GRID_15,+3.16227766016837939e-03,7,+3.83118684955728529e-04,2,IM,+7.20713486762074654e-15
YUKAWA,GRID_15,+3.16227766016837939e-03,7,+3.83118684955728529e-04,4,RE,-3.89588088667674818e-30
YUKAWA,GRID_15,+3.16227766016837939e-03,7,+3.83118684955728529e-04,4,IM,+1.13310331826684459e-14
YUKAWA,GRID_15,+3.16227766016837939e-03,7,+3.83118684955728529e-04,6,RE,-2.50897048668369400e-30
YUKAWA,GRID_15,+3.16227766016837939e-03,7,+3.83118684955728529e-04,6,IM,+1.17890660899953635e-14
YUKAWA,GRID_15,+3.16227766016837939e-03,8,+4.64158883361277732e-04,2,RE,-2.02976275546198005e-30
YUKAWA,GRID_15,+3.16227766016837939e-03,8,+4.64158883361277732e-04,2,IM,+6.99525441144045471e-15
YUKAWA,GRID_15,+3.16227766016837939e-03,8,+4.64158883361277732e-04,4,RE,-2.81225850759048228e-30
YUKAWA,GRID_15,+3.16227766016837939e-03,8,+4.64158883361277732e-04,4,IM,+1.09794240654977851e-14
YUKAWA,GRID_15,+3.16227766016837939e-03,8,+4.64158883361277732e-04,6,RE,-2.53576521215917755e-30
YUKAWA,GRID_15,+3.16227766016837939e-03,8,+4.64158883361277732e-04,6,IM,+1.13941401465754319e-14
YUKAWA,GRID_15,+3.16227766016837939e-03,9,+5.62341325190349097e-04,2,RE,-2.45286607838480215e-30
YUKAWA,GRID_15,+3.16227766016837939e-03,9,+5.62341325190349097e-04,2,IM,+6.74712347616925677e-15
YUKAWA,GRID_15,+3.16227766016837939e-03,9,+5.62341325190349097e-04,4,RE,-2.38551122030422508e-30
YUKAWA,GRID_15,+3.16227766016837939e-03,9,+5.62341325190349097e-04,4,IM,+1.05684004899144483e-14
YUKAWA,GRID_15,+3.16227766016837939e-03,9,+5.62341325190349097e-04,6,RE,-2.66661216090398715e-30
YUKAWA,GRID_15,+3.16227766016837939e-03,9,+5.62341325190349097e-04,6,IM,+1.09337517557486080e-14
YUKAWA,GRID_15,+3.16227766016837939e-03,10,+6.81292069057960856e-04,2,RE,-2.80295142435170338e-30
YUKAWA,GRID_15,+3.16227766016837939e-03,10,+6.81292069057960856e-04,2,IM,+6.45859950368835679e-15
YUKAWA,GRID_15,+3.16227766016837939e-03,10,+6.81292069057960856e-04,4,RE,-2.78716072124640216e-30
YUKAWA,GRID_15,+3.16227766016837939e-03,10,+6.81292069057960856e-04,4,IM,+1.00915103187971896e-14
YUKAWA,GRID_15,+3.16227766016837939e-03,10,+6.81292069057960856e-04,6,RE,-3.23728757192103685e-30
YUKAWA,GRID_15,+3.16227766016837939e-03,10,+6.81292069057960856e-04,6,IM,+1.04013681185478711e-14
YUKAWA,GRID_15,+3.16227766016837939e-03,11,+8.25404185268018118e-04,2,RE,-3.21743912317678848e-30
YUKAWA,GRID_15,+3.16227766016837939e-03,11,+8.25404185268018118e-04,2,IM,+6.12597566929827055e-15
YUKAWA,GRID_15,+3.16227766016837939e-03,11,+8.25404185268018118e-04,4,RE,-2.87609608318853498e-30
YUKAWA,GRID_15,+3.16227766016837939e-03,11,+8.25404185268018118e-04,4,IM,+9.54318368761330835e-15
YUKAWA,GRID_15,+3.16227766016837939e-03,11,+8.25404185268018118e-04,6,RE,-2.10377301782063639e-30
YUKAWA,GRID_15,+3.16227766016837939e-03,11,+8.25404185268018118e-04,6,IM,+9.79170857198354358e-15
YUKAWA,GRID_15,+3.16227766016837939e-03,12,+1.00000000000000002e-03,2,RE,-1.50467411999045060e-30
YUKAWA,GRID_15,+3.16227766016837939e-03,12,+1.00000000000000002e-03,2,IM,+5.74646439616711251e-15
YUKAWA,GRID_15,+3.16227766016837939e-03,12,+1.00000000000000002e-03,4,RE,-2.53097280348808912e-30
YUKAWA,GRID_15,+3.16227766016837939e-03,12,+1.00000000000000002e-03,4,IM,+8.91956900148319585e-15
YUKAWA,GRID_15,+3.16227766016837939e-03,12,+1.00000000000000002e-03,6,RE,-1.67492190203436975e-30
YUKAWA,GRID_15,+3.16227766016837939e-03,12,+1.00000000000000002e-03,6,IM,+9.10173223028655775e-15
YUKAWA,GRID_15,+3.16227766016837939e-03,13,+1.21152765862858765e-03,2,RE,-1.75273576763410234e-30
YUKAWA,GRID_15,+3.16227766016837939e-03,13,+1.21152765862858765e-03,2,IM,+5.31883293650761412e-15
YUKAWA,GRID_15,+3.16227766016837939e-03,13,+1.21152765862858765e-03,4,RE,-1.94473913050150597e-30
YUKAWA,GRID_15,+3.16227766016837939e-03,13,+1.21152765862858765e-03,4,IM,+8.21961194653445901e-15
YUKAWA,GRID_15,+3.16227766016837939e-03,13,+1.21152765862858765e-03,6,RE,-2.13104982210857821e-30
YUKAWA,GRID_15,+3.16227766016837939e-03,13,+1.21152765862858765e-03,6,IM,+8.33187780916137342e-15
YUKAWA,GRID_15,+3.16227766016837939e-03,14,+1.46779926762206914e-03,2,RE,-2.16065993933003905e-30
YUKAWA,GRID_15,+3.16227766016837939e-03,14,+1.46779926762206914e-03,2,IM,+4.84417986188031839e-15
YUKAWA,GRID_15,+3.16227766016837939e-03,14,+1.46779926762206914e-03,4,RE,-1.80479716118784875e-30
YUKAWA,GRID_15,+3.16227766016837939e-03,14,+1.46779926762206914e-03,4,IM,+7.44634440282629872e-15
YUKAWA,GRID_15,+3.16227766016837939e-03,14,+1.46779926762206914e-03,6,RE,-1.66137193911229745e-30
YUKAWA,GRID_15,+3.16227766016837939e-03,14,+1.46779926762206914e-03,6,IM,+7.48749240157223457e-15
YUKAWA,GRID_15,+3.16227766016837939e-03,15,+1.77827941003892275e-03,2,RE,-1.94981872755430541e-30
YUKAWA,GRID_15,+3.16227766016837939e-03,15,+1.77827941003892275e-03,2,IM,+4.32679806462423752e-15
YUKAWA,GRID_15,+3.16227766016837939e-03,15,+1.77827941003892275e-03,4,RE,-1.28150603029920237e-30
YUKAWA,GRID_15,+3.16227766016837939e-03,15,+1.77827941003892275e-03,4,IM,+6.60827134898211004e-15
YUKAWA,GRID_15,+3.16227766016837939e-03,15,+1.77827941003892275e-03,6,RE,-1.91302777923075432e-30
YUKAWA,GRID_15,+3.16227766016837939e-03,15,+1.77827941003892275e-03,6,IM,+6.58028668915321864e-15
YUKAWA,GRID_15,+3.16227766016837939e-03,16,+2.15443469003188210e-03,2,RE,-5.89102366167842690e-31
YUKAWA,GRID_15,+3.16227766016837939e-03,16,+2.15443469003188210e-03,2,IM,+3.77500427279521110e-15
YUKAWA,GRID_15,+3.16227766016837939e-03,16,+2.15443469003188210e-03,4,RE,-1.46142424664323235e-30
YUKAWA,GRID_15,+3.16227766016837939e-03,16,+2.15443469003188210e-03,4,IM,+5.72062906729577792e-15
YUKAWA,GRID_15,+3.16227766016837939e-03,16,+2.15443469003188210e-03,6,RE,-1.28540926143851955e-30
YUKAWA,GRID_15,+3.16227766016837939e-03,16,+2.15443469003188210e-03,6,IM,+5.62951811401575754e-15
YUKAWA,GRID_15,+3.16227766016837939e-03,17,+2.61015721568253574e-03,2,RE,-9.00832851993216709e-31
YUKAWA,GRID_15,+3.16227766016837939e-03,17,+2.61015721568253574e-03,2,IM,+3.20173093949734167e-15
YUKAWA,GRID_15,+3.16227766016837939e-03,17,+2.61015721568253574e-03,4,RE,-9.10842027753586881e-31
YUKAWA,GRID_15,+3.16227766016837939e-03,17,+2.61015721568253574e-03,4,IM,+4.80614825390023060e-15
YUKAWA,GRID_15,+3.16227766016837939e-03,17,+2.61015721568253574e-03,6,RE,-8.00452857952797373e-31
YUKAWA,GRID_15,+3.16227766016837939e-03,17,+2.61015721568253574e-03,6,IM,+4.66245225917860829e-15
YUKAWA,GRID_15,+3.16227766016837939e-03,18,+3.16227766016837939e-03,2,RE,-4.98981129787994844e-31
YUKAWA,GRID_15,+3.16227766016837939e-03,18,+3.16227766016837939e-03,2,IM,+2.62459203405247308e-15
YUKAWA,GRID_15,+3.16227766016837939e-03,18,+3.16227766016837939e-03,4,RE,-5.75252968993757695e-31
YUKAWA,GRID_15,+3.16227766016837939e-03,18,+3.16227766016837939e-03,4,IM,+3.89482920360446598e-15
YUKAWA,GRID_15,+3.16227766016837939e-03,18,+3.16227766016837939e-03,6,RE,-9.61606962834679128e-31
YUKAWA,GRID_15,+3.16227766016837939e-03,18,+3.16227766016837939e-03,6,IM,+3.71354229807700518e-15
YUKAWA,GRID_15,+3.16227766016837939e-03,19,+3.83118684955728508e-03,2,RE,-4.71272806233546921e-31
YUKAWA,GRID_15,+3.16227766016837939e-03,19,+3.83118684955728508e-03,2,IM,+2.06509024355630462e-15
YUKAWA,GRID_15,+3.16227766016837939e-03,19,+3.83118684955728508e-03,4,RE,-9.06927051059351494e-32
YUKAWA,GRID_15,+3.16227766016837939e-03,19,+3.83118684955728508e-03,4,IM,+3.02219955346708368e-15
YUKAWA,GRID_15,+3.16227766016837939e-03,19,+3.83118684955728508e-03,6,RE,-3.03011008537071615e-31
YUKAWA,GRID_15,+3.16227766016837939e-03,19,+3.83118684955728508e-03,6,IM,+2.82179625306648388e-15
YUKAWA,GRID_15,+3.16227766016837939e-03,20,+4.64158883361277721e-03,2,RE,-4.77030966639362781e-31
YUKAWA,GRID_15,+3.16227766016837939e-03,20,+4.64158883361277721e-03,2,IM,+1.54669327483403086e-15
YUKAWA,GRID_15,+3.16227766016837939e-03,20,+4.64158883361277721e-03,4,RE,-2.20501151116185626e-31
YUKAWA,GRID_15,+3.16227766016837939e-03,20,+4.64158883361277721e-03,4,IM,+2.22568919506931428e-15
YUKAWA,GRID_15,+3.16227766016837939e-03,20,+4.64158883361277721e-03,6,RE,-5.39019429226229155e-31
YUKAWA,GRID_15,+3.16227766016837939e-03,20,+4.64158883361277721e-03,6,IM,+2.02609829425952451e-15
YUKAWA,GRID_15,+3.16227766016837939e-03,21,+5.62341325190349097e-03,2,RE,-1.43979666064150487e-31
YUKAWA,GRID_15,+3.16227766016837939e-03,21,+5.62341325190349097e-03,2,IM,+1.09174149804550046e-15
YUKAWA,GRID_15,+3.16227766016837939e-03,21,+5.62341325190349097e-03,4,RE,-3.34046632296015550e-31
YUKAWA,GRID_15,+3.16227766016837939e-03,21,+5.62341325190349097e-03,4,IM,+1.53922764973740122e-15
YUKAWA,GRID_15,+3.16227766016837939e-03,21,+5.62341325190349097e-03,6,RE,-3.73204889134826025e-31
YUKAWA,GRID_15,+3.16227766016837939e-03,21,+5.62341325190349097e-03,6,IM,+1.35890131819419189e-15
YUKAWA,GRID_15,+3.16227766016837939e-03,22,+6.81292069057960834e-03,2,RE,-1.65788846637347138e-32
YUKAWA,GRID_15,+3.16227766016837939e-03,22,+6.81292069057960834e-03,2,IM,+7.17586612747688233e-16
YUKAWA,GRID_15,+3.16227766016837939e-03,22,+6.81292069057960834e-03,4,RE,-4.58859465432046878e-32
YUKAWA,GRID_15,+3.16227766016837939e-03,22,+6.81292069057960834e-03,4,IM,+9.86953319603300968e-16
YUKAWA,GRID_15,+3.16227766016837939e-03,22,+6.81292069057960834e-03,6,RE,-1.98539822098244616e-31
YUKAWA,GRID_15,+3.16227766016837939e-03,22,+6.81292069057960834e-03,6,IM,+8.39639047301872797e-16
YUKAWA,GRID_15,+3.16227766016837939e-03,23,+8.25404185268018183e-03,2,RE,-8.62203326922996750e-32
YUKAWA,GRID_15,+3.16227766016837939e-03,23,+8.25404185268018183e-03,2,IM,+4.32912236111365840e-16
YUKAWA,GRID_15,+3.16227766016837939e-03,23,+8.25404185268018183e-03,4,RE,-7.50242797414648444e-32
YUKAWA,GRID_15,+3.16227766016837939e-03,23,+8.25404185268018183e-03,4,IM,+5.77801105145351901e-16
YUKAWA,GRID_15,+3.16227766016837939e-03,23,+8.25404185268018183e-03,6,RE,-8.47485868450043079e-32
YUKAWA,GRID_15,+3.16227766016837939e-03,23,+8.25404185268018183e-03,6,IM,+4.70047848110879891e-16
YUKAWA,GRID_15,+3.16227766016837939e-03,24,+1.00000000000000002e-02,2,RE,-3.06378564900728578e-32
YUKAWA,GRID_15,+3.16227766016837939e-03,24,+1.00000000000000002e-02,2,IM,+2.35585710993396989e-16
YUKAWA,GRID_15,+3.16227766016837939e-03,24,+1.00000000000000002e-02,4,RE,-1.24824503239961056e-32
YUKAWA,GRID_15,+3.16227766016837939e-03,24,+1.00000000000000002e-02,4,IM,+3.03192014000731929e-16
YUKAWA,GRID_15,+3.16227766016837939e-03,24,+1.00000000000000002e-02,6,RE,-2.67115220326506575e-32
YUKAWA,GRID_15,+3.16227766016837939e-03,24,+1.00000000000000002e-02,6,IM,+2.33687748866241729e-16
YUKAWA,GRID_16,+4.64158883361277721e-03,0,+1.00000000000000005e-04,2,RE,-4.76496000024108808e-30
YUKAWA,GRID_16,+4.64158883361277721e-03,0,+1.00000000000000005e-04,2,IM,+1.96448316886317411e-14
YUKAWA,GRID_16,+4.64158883361277721e-03,0,+1.00000000000000005e-04,4,RE,-7.81382899640094441e-30
YUKAWA,GRID_16,+4.64158883361277721e-03,0,+1.00000000000000005e-04,4,IM,+2.78972969515986318e-14
YUKAWA,GRID_16,+4.64158883361277721e-03,0,+1.00000000000000005e-04,6,RE,-5.22065356661963481e-30
YUKAWA,GRID_16,+4.64158883361277721e-03,0,+1.00000000000000005e-04,6,IM,+2.58553732300327075e-14
YUKAWA,GRID_16,+4.64158883361277721e-03,1,+1.21152765862858885e-04,2,RE,-5.68276233377851542e-30
YUKAWA,GRID_16,+4.64158883361277721e-03,1,+1.21152765862858885e-04,2,IM,+1.95325030122018926e-14
YUKAWA,GRID_16,+4.64158883361277721e-03,1,+1.21152765862858885e-04,4,RE,-4.40863354874509868e-30
YUKAWA,GRID_16,+4.64158883361277721e-03,1,+1.21152765862858885e-04,4,IM,+2.77207429016565349e-14
YUKAWA,GRID_16,+4.64158883361277721e-03,1,+1.21152765862858885e-04,6,RE,-3.68064812890032131e-30
YUKAWA,GRID_16,+4.64158883361277721e-03,1,+1.21152765862858885e-04,6,IM,+2.56694809147690994e-14
YUKAWA,GRID_16,+4.64158883361277721e-03,2,+1.46779926762206892e-04,2,RE,-6.90496799525100904e-30
YUKAWA,GRID_16,+4.64158883361277721e-03,2,+1.46779926762206892e-04,2,IM,+1.93973220791759565e-14
YUKAWA,GRID_16,+4.64158883361277721e-03,2,+1.46779926762206892e-04,4,RE,-6.96353895735862985e-30
YUKAWA,GRID_16,+4.64158883361277721e-03,2,+1.46779926762206892e-04,4,IM,+2.75084079890487083e-14
YUKAWA,GRID_16,+4.64158883361277721e-03,2,+1.46779926762206892e-04,6,RE,-4.18840745295091174e-30
YUKAWA,GRID_16,+4.64158883361277721e-03,2,+1.46779926762206892e-04,6,IM,+2.54461228370771367e-14
YUKAWA,GRID_16,+4.64158883361277721e-03,3,+1.77827941003892270e-04,2,RE,-8.36401133444527830e-30
YUKAWA,GRID_16,+4.64158883361277721e-03,3,+1.77827941003892270e-04,2,IM,+1.92348692617931450e-14
YUKAWA,GRID_16,+4.64158883361277721e-03,3,+1.77827941003892270e-04,4,RE,-7.56731539346045965e-30
YUKAWA,GRID_16,+4.64158883361277721e-03,3,+1.77827941003892270e-04,4,IM,+2.72534358993517020e-14
YUKAWA,GRID_16,+4.64158883361277721e-03,3,+1.77827941003892270e-04,6,RE,-7.13784391152040942e-30
YUKAWA,GRID_16,+4.64158883361277721e-03,3,+1.77827941003892270e-04,6,IM,+2.51782158523877564e-14
YUKAWA,GRID_16,+4.64158883361277721e-03,4,+2.15443469003188449e-04,2,RE,-1.19643832146888499e-29
YUKAWA,GRID_16,+4.64158883361277721e-03,4,+2.15443469003188449e-04,2,IM,+1.90399757274650174e-14
YUKAWA,GRID_16,+4.64158883361277721e-03,4,+2.15443469003188449e-04,4,RE,-6.91872731954124196e-30
YUKAWA,GRID_16,+4.64158883361277721e-03,4,+2.15443469003188449e-04,4,IM,+2.69478381496853968e-14
YUKAWA,GRID_16,+4.64158883361277721e-03,4,+2.15443469003188449e-04,6,RE,-4.82216451091982800e-30
YUKAWA,GRID_16,+4.64158883361277721e-03,4,+2.15443469003188449e-04,6,IM,+2.48575525555828046e-14
YUKAWA,GRID_16,+4.64158883361277721e-03,5,+2.61015721568253574e-04,2,RE,-8.74183936019149094e-30
YUKAWA,GRID_16,+4.64158883361277721e-03,5,+2.61015721568253574e-04,2,IM,+1.88066457097637050e-14
YUKAWA,GRID_16,+4.64158883361277721e-03,5,+2.61015721568253574e-04,4,RE,-6.28763933800292800e-30
YUKAWA,GRID_16,+4.64158883361277721e-03,5,+2.61015721568253574e-04,4,IM,+2.65823920963412383e-14
YUKAWA,GRID_16,+4.64158883361277721e-03,5,+2.61015721568253574e-04,6,RE,-5.03084929448308138e-30
YUKAWA,GRID_16,+4.64158883361277721e-03,5,+2.61015721568253574e-04,6,IM,+2.44747236076690347e-14
YUKAWA,GRID_16,+4.64158883361277721e-03,6,+3.16227766016837939e-04,2,RE,-4.59001726778999476e-30
YUKAWA,GRID_16,+4.64158883361277721e-03,6,+3.16227766016837939e-04,2,IM,+1.85279955959823871e-14
YUKAWA,GRID_16,+4.64158883361277721e-03,6,+3.16227766016837939e-04,4,RE,-6.76809135974427278e-30
YUKAWA,GRID_16,+4.64158883361277721e-03,6,+3.16227766016837939e-04,4,IM,+2.61465733366128862e-14
YUKAWA,GRID_16,+4.64158883361277721e-03,6,+3.16227766016837939e-04,6,RE,-5.78176655309106415e-30
YUKAWA,GRID_16,+4.64158883361277721e-03,6,+3.16227766016837939e-04,6,IM,+2.40190876703480959e-14
YUKAWA,GRID_16,+4.64158883361277721e-03,7,+3.83118684955728529e-04,2,RE,-9.74887016222650496e-30
YUKAWA,GRID_16,+4.64158883361277721e-03,7,+3.83118684955728529e-04,2,IM,+1.81962256936171389e-14
YUKAWA,GRID_16,+4.64158883361277721e-03,7,+3.83118684955728529e-04,4,RE,-5.21953233272766054e-30
YUKAWA,GRID_16,+4.64158883361277721e-03,7,+3.83118684955728529e-04,4,IM,+2.56285499762406702e-14
YUKAWA,GRID_16,+4.64158883361277721e-03,7,+3.83118684955728529e-04,6,RE,-3.49775913713260177e-30
YUKAWA,GRID_16,+4.64158883361277721e-03,7,+3.83118684955728529e-04,6,IM,+2.34788212410927670e-14
YUKAWA,GRID_16,+4.64158883361277721e-03,8,+4.64158883361277732e-04,2,RE,-4.75359896969700466e-30
YUKAWA,GRID_16,+4.64158883361277721e-03,8,+4.64158883361277732e-04,2,IM,+1.78026474004038940e-14
YUKAWA,GRID_16,+4.64158883361277721e-03,8,+4.64158883361277732e-04,4,RE,-5.82010151099199874e-30
YUKAWA,GRID_16,+4.64158883361277721e-03,8,+4.64158883361277732e-04,4,IM,+2.50152773868900486e-14
YUKAWA,GRID_16,+4.64158883361277721e-03,8,+4.64158883361277732e-04,6,RE,-6.48590249882391335e-30
YUKAWA,GRID_16,+4.64158883361277721e-03,8,+4.64158883361277732e-04,6,IM,+2.28410926701968027e-14
YUKAWA,GRID_16,+4.64158883361277721e-03,9,+5.62341325190349097e-04,2,RE,-3.25125404932218456e-30
YUKAWA,GRID_16,+4.64158883361277721e-03,9,+5.62341325190349097e-04,2,IM,+1.73377970031833038e-14
YUKAWA,GRID_16,+4.64158883361277721e-03,9,+5.62341325190349097e-04,4,RE,-4.07274078321265655e-30
YUKAWA,GRID_16,+4.64158883361277721e-03,9,+5.62341325190349097e-04,4,IM,+2.42927454731594788e-14
YUKAWA,GRID_16,+4.64158883361277721e-03,9,+5.62341325190349097e-04,6,RE,-5.12487373542270387e-30
YUKAWA,GRID_16,+4.64158883361277721e-03,9,+5.62341325190349097e-04,6,IM,+2.20924183168922072e-14
YUKAWA,GRID_16,+4.64158883361277721e-03,10,+6.81292069057960856e-04,2,RE,-4.12518319348150550e-30
YUKAWA,GRID_16,+4.64158883361277721e-03,10,+6.81292069057960856e-04,2,IM,+1.67916770722772392e-14
YUKAWA,GRID_16,+4.64158883361277721e-03,10,+6.81292069057960856e-04,4,RE,-7.16546135808264719e-30
YUKAWA,GRID_16,+4.64158883361277721e-03,10,+6.81292069057960856e-04,4,IM,+2.34464450709577985e-14
YUKAWA,GRID_16,+4.64158883361277721e-03,10,+6.81292069057960856e-04,6,RE,-4.12869721969390678e-30
YUKAWA,GRID_16,+4.64158883361277721e-03,10,+6.81292069057960856e-04,6,IM,+2.12192723941583983e-14
YUKAWA,GRID_16,+4.64158883361277721e-03,11,+8.25404185268018118e-04,2,RE,-3.90566808358221330e-30
YUKAWA,GRID_16,+4.64158883361277721e-03,11,+8.25404185268018118e-04,2,IM,+1.61541762085325767e-14
YUKAWA,GRID_16,+4.64158883361277721e-03,11,+8.25404185268018118e-04,4,RE,-4.76132408073967810e-30
YUKAWA,GRID_16,+4.64158883361277721e-03,11,+8.25404185268018118e-04,4,IM,+2.24621333653897854e-14
YUKAWA,GRID_16,+4.64158883361277721e-03,11,+8.25404185268018118e-04,6,RE,-4.90491768178785039e-30
YUKAWA,GRID_16,+4.64158883361277721e-03,11,+8.25404185268018118e-04,6,IM,+2.02090318263805790e-14
YUKAWA,GRID_16,+4.64158883361277721e-03,12,+1.00000000000000002e-03,2,RE,-2.51648299885130237e-30
YUKAWA,GRID_16,+4.64158883361277721e-03,12,+1.00000000000000002e-03,2,IM,+1.54157252183375184e-14
YUKAWA,GRID_16,+4.64158883361277721e-03,12,+1.00000000000000002e-03,4,RE,-2.00059489654990752e-30
YUKAWA,GRID_16,+4.64158883361277721e-03,12,+1.00000000000000002e-03,4,IM,+2.13269851832793192e-14
YUKAWA,GRID_16,+4.64158883361277721e-03,12,+1.00000000000000002e-03,6,RE,-4.33414600999720432e-30
YUKAWA,GRID_16,+4.64158883361277721e-03,12,+1.00000000000000002e-03,6,IM,+1.90513366948792395e-14
YUKAWA,GRID_16,+4.64158883361277721e-03,13,+1.21152765862858765e-03,2,RE,-6.50251965694235643e-30
YUKAWA,GRID_16,+4.64158883361277721e-03,13,+1.21152765862858765e-03,2,IM,+1.45682481166545904e-14
YUKAWA,GRID_16,+4.64158883361277721e-03,13,+1.21152765862858765e-03,4,RE,-2.75647310129478008e-30
YUKAWA,GRID_16,+4.64158883361277721e-03,13,+1.21152765862858765e-03,4,IM,+2.00312092515117850e-14
YUKAWA,GRID_16,+4.64158883361277721e-03,13,+1.21152765862858765e-03,6,RE,-4.66533985744930546e-30
YUKAWA,GRID_16,+4.64158883361277721e-03,13,+1.21152765862858765e-03,6,IM,+1.77399249241938745e-14
YUKAWA,GRID_16,+4.64158883361277721e-03,14,+1.46779926762206914e-03,2,RE,+2.40113755029607588e-31
YUKAWA,GRID_16,+4.64158883361277721e-03,14,+1.46779926762206914e-03,2,IM,+1.36064525262555451e-14
YUKAWA,GRID_16,+4.64158883361277721e-03,14,+1.46779926762206914e-03,4,RE,-3.31485299619288981e-30
YUKAWA,GRID_16,+4.64158883361277721e-03,14,+1.46779926762206914e-03,4,IM,+1.85701733190875660e-14
YUKAWA,GRID_16,+4.64158883361277721e-03,14,+1.46779926762206914e-03,6,RE,-3.10429060201177987e-30
YUKAWA,GRID_16,+4.64158883361277721e-03,14,+1.46779926762206914e-03,6,IM,+1.62749418760143337e-14
YUKAWA,GRID_16,+4.64158883361277721e-03,15,+1.77827941003892275e-03,2,RE,-3.94561856809538536e-30
YUKAWA,GRID_16,+4.64158883361277721e-03,15,+1.77827941003892275e-03,2,IM,+1.25294660494952769e-14
YUKAWA,GRID_16,+4.64158883361277721e-03,15,+1.77827941003892275e-03,4,RE,-3.34204706595055601e-30
YUKAWA,GRID_16,+4.64158883361277721e-03,15,+1.77827941003892275e-03,4,IM,+1.69470027874319341e-14
YUKAWA,GRID_16,+4.64158883361277721e-03,15,+1.77827941003892275e-03,6,RE,-4.00044150264489816e-30
YUKAWA,GRID_16,+4.64158883361277721e-03,15,+1.77827941003892275e-03,6,IM,+1.46656140035349707e-14
YUKAWA,GRID_16,+4.64158883361277721e-03,16,+2.15443469003188210e-03,2,RE,-2.64968903249895173e-30
YUKAWA,GRID_16,+4.64158883361277721e-03,16,+2.15443469003188210e-03,2,IM,+1.13427512563633691e-14
YUKAWA,GRID_16,+4.64158883361277721e-03,16,+2.15443469003188210e-03,4,RE,-3.52409414500455112e-30
YUKAWA,GRID_16,+4.64158883361277721e-03,16,+2.15443469003188210e-03,4,IM,+1.51754766826371573e-14
YUKAWA,GRID_16,+4.64158883361277721e-03,16,+2.15443469003188210e-03,6,RE,-2.24092202823846567e-30
YUKAWA,GRID_16,+4.64158883361277721e-03,16,+2.15443469003188210e-03,6,IM,+1.29329963609680932e-14
YUKAWA,GRID_16,+4.64158883361277721e-03,17,+2.61015721568253574e-03,2,RE,-1.99503779628169078e-30
YUKAWA,GRID_16,+4.64158883361277721e-03,17,+2.61015721568253574e-03,2,IM,+1.00601121152809920e-14
YUKAWA,GRID_16,+4.64158883361277721e-03,17,+2.61015721568253574e-03,4,RE,-4.41964582128671143e-30
YUKAWA,GRID_16,+4.64158883361277721e-03,17,+2.61015721568253574e-03,4,IM,+1.32828321684902852e-14
YUKAWA,GRID_16,+4.64158883361277721e-03,17,+2.61015721568253574e-03,6,RE,-1.86615221390976676e-30
YUKAWA,GRID_16,+4.64158883361277721e-03,17,+2.61015721568253574e-03,6,IM,+1.11122577034148906e-14
YUKAWA,GRID_16,+4.64158883361277721e-03,18,+3.16227766016837939e-03,2,RE,-1.36249453685216470e-31
YUKAWA,GRID_16,+4.64158883361277721e-03,18,+3.16227766016837939e-03,2,IM,+8.70543858443230411e-15
YUKAWA,GRID_16,+4.64158883361277721e-03,18,+3.16227766016837939e-03,4,RE,-2.01200943268156853e-30
YUKAWA,GRID_16,+4.64158883361277721e-03,18,+3.16227766016837939e-03,4,IM,+1.13118166891986568e-14
YUKAWA,GRID_16,+4.64158883361277721e-03,18,+3.16227766016837939e-03,6,RE,-1.51289263114057080e-30
YUKAWA,GRID_16,+4.64158883361277721e-03,18,+3.16227766016837939e-03,6,IM,+9.25369103307822489e-15
YUKAWA,GRID_16,+4.64158883361277721e-03,19,+3.83118684955728508e-03,2,RE,-1.57818220810830863e-30
YUKAWA,GRID_16,+4.64158883361277721e-03,19,+3.83118684955728508e-03,2,IM,+7.31364543793880670e-15
YUKAWA,GRID_16,+4.64158883361277721e-03,19,+3.83118684955728508e-03,4,RE,-1.98299382905763558e-30
YUKAWA,GRID_16,+4.64158883361277721e-03,19,+3.83118684955728508e-03,4,IM,+9.32105281148303775e-15
YUKAWA,GRID_16,+4.64158883361277721e-03,19,+3.83118684955728508e-03,6,RE,-1.08840055623794617e-30
YUKAWA,GRID_16,+4.64158883361277721e-03,19,+3.83118684955728508e-03,6,IM,+7.42142909869535318e-15
YUKAWA,GRID_16,+4.64158883361277721e-03,20,+4.64158883361277721e-03,2,RE,-1.00114848382396672e-30
YUKAWA,GRID_16,+4.64158883361277721e-03,20,+4.64158883361277721e-03,2,IM,+5.93010572322598950e-15
YUKAWA,GRID_16,+4.64158883361277721e-03,20,+4.64158883361277721e-03,4,RE,-1.14384917981134165e-30
YUKAWA,GRID_16,+4.64158883361277721e-03,20,+4.64158883361277721e-03,4,IM,+7.38263065624494843e-15
YUKAWA,GRID_16,+4.64158883361277721e-03,20,+4.64158883361277721e-03,6,RE,-1.23383918226732998e-30
YUKAWA,GRID_16,+4.64158883361277721e-03,20,+4.64158883361277721e-03,6,IM,+5.68887609117067054e-15
YUKAWA,GRID_16,+4.64158883361277721e-03,21,+5.62341325190349097e-03,2,RE,+4.88353800158227588e-31
YUKAWA,GRID_16,+4.64158883361277721e-03,21,+5.62341325190349097e-03,2,IM,+4.60786621472997327e-15
YUKAWA,GRID_16,+4.64158883361277721e-03,21,+5.62341325190349097e-03,4,RE,-4.91401121441567917e-31
YUKAWA,GRID_16,+4.64158883361277721e-03,21,+5.62341325190349097e-03,4,IM,+5.57601426821243614e-15
YUKAWA,GRID_16,+4.64158883361277721e-03,21,+5.62341325190349097e-03,6,RE,-7.83591095228583578e-31
YUKAWA,GRID_16,+4.64158883361277721e-03,21,+5.62341325190349097e-03,6,IM,+4.13036065877155445e-15
YUKAWA,GRID_16,+4.64158883361277721e-03,22,+6.81292069057960834e-03,2,RE,+5.11752295666923846e-31
YUKAWA,GRID_16,+4.64158883361277721e-03,22,+6.81292069057960834e-03,2,IM,+3.40220583582113486e-15
YUKAWA,GRID_16,+4.64158883361277721e-03,22,+6.81292069057960834e-03,4,RE,-4.44208120166439732e-31
YUKAWA,GRID_16,+4.64158883361277721e-03,22,+6.81292069057960834e-03,4,IM,+3.97806158404297476e-15
YUKAWA,GRID_16,+4.64158883361277721e-03,22,+6.81292069057960834e-03,6,RE,-4.24662585527225362e-31
YUKAWA,GRID_16,+4.64158883361277721e-03,22,+6.81292069057960834e-03,6,IM,+2.80963600050745407e-15
YUKAWA,GRID_16,+4.64158883361277721e-03,23,+8.25404185268018183e-03,2,RE,-3.01500685924999633e-31
YUKAWA,GRID_16,+4.64158883361277721e-03,23,+8.25404185268018183e-03,2,IM,+2.36278036951384794e-15
YUKAWA,GRID_16,+4.64158883361277721e-03,23,+8.25404185268018183e-03,4,RE,-1.68794968058326955e-31
YUKAWA,GRID_16,+4.64158883361277721e-03,23,+8.25404185268018183e-03,4,IM,+2.65031568483063041e-15
YUKAWA,GRID_16,+4.64158883361277721e-03,23,+8.25404185268018183e-03,6,RE,-2.99225453146437430e-31
YUKAWA,GRID_16,+4.64158883361277721e-03,23,+8.25404185268018183e-03,6,IM,+1.76750098524229769e-15
YUKAWA,GRID_16,+4.64158883361277721e-03,24,+1.00000000000000002e-02,2,RE,-2.05629690113448306e-31
YUKAWA,GRID_16,+4.64158883361277721e-03,24,+1.00000000000000002e-02,2,IM,+1.52466850587684459e-15
YUKAWA,GRID_16,+4.64158883361277721e-03,24,+1.00000000000000002e-02,4,RE,-8.87009383781027244e-32
YUKAWA,GRID_16,+4.64158883361277721e-03,24,+1.00000000000000002e-02,4,IM,+1.62648728134914880e-15
YUKAWA,GRID_16,+4.64158883361277721e-03,24,+1.00000000000000002e-02,6,RE,+2.31751847597790352e-32
YUKAWA,GRID_16,+4.64158883361277721e-03,24,+1.00000000000000002e-02,6,IM,+1.01239748172770468e-15
YUKAWA,GRID_17,+6.81292069057960834e-03,0,+1.00000000000000005e-04,2,RE,-1.17376258431162928e-29
YUKAWA,GRID_17,+6.81292069057960834e-03,0,+1.00000000000000005e-04,2,IM,+3.86898835221744407e-14
YUKAWA,GRID_17,+6.81292069057960834e-03,0,+1.00000000000000005e-04,4,RE,-1.05556542947295090e-29
YUKAWA,GRID_17,+6.81292069057960834e-03,0,+1.00000000000000005e-04,4,IM,+4.80358838661720816e-14
YUKAWA,GRID_17,+6.81292069057960834e-03,0,+1.00000000000000005e-04,6,RE,-6.59590530955834362e-30
YUKAWA,GRID_17,+6.81292069057960834e-03,0,+1.00000000000000005e-04,6,IM,+3.93709443664966111e-14
YUKAWA,GRID_17,+6.81292069057960834e-03,1,+1.21152765862858885e-04,2,RE,-1.68197128062466207e-30
YUKAWA,GRID_17,+6.81292069057960834e-03,1,+1.21152765862858885e-04,2,IM,+3.85215195203539277e-14
YUKAWA,GRID_17,+6.81292069057960834e-03,1,+1.21152765862858885e-04,4,RE,-1.66112855834823160e-30
YUKAWA,GRID_17,+6.81292069057960834e-03,1,+1.21152765862858885e-04,4,IM,+4.77879026570258300e-14
YUKAWA,GRID_17,+6.81292069057960834e-03,1,+1.21152765862858885e-04,6,RE,-6.18180130918895421e-30
YUKAWA,GRID_17,+6.81292069057960834e-03,1,+1.21152765862858885e-04,6,IM,+3.91264574085399873e-14
YUKAWA,GRID_17,+6.81292069057960834e-03,2,+1.46779926762206892e-04,2,RE,-5.70839724660080414e-30
YUKAWA,GRID_17,+6.81292069057960834e-03,2,+1.46779926762206892e-04,2,IM,+3.83186138962272709e-14
YUKAWA,GRID_17,+6.81292069057960834e-03,2,+1.46779926762206892e-04,4,RE,-7.91379976216065856e-30
YUKAWA,GRID_17,+6.81292069057960834e-03,2,+1.46779926762206892e-04,4,IM,+4.74892975313298681e-14
YUKAWA,GRID_17,+6.81292069057960834e-03,2,+1.46779926762206892e-04,6,RE,-5.56500749767373873e-30
YUKAWA,GRID_17,+6.81292069057960834e-03,2,+1.46779926762206892e-04,6,IM,+3.88323891358858498e-14
YUKAWA,GRID_17,+6.81292069057960834e-03,3,+1.77827941003892270e-04,2,RE,-9.15355036650397938e-30
YUKAWA,GRID_17,+6.81292069057960834e-03,3,+1.77827941003892270e-04,2,IM,+3.80743511750947727e-14
YUKAWA,GRID_17,+6.81292069057960834e-03,3,+1.77827941003892270e-04,4,RE,-6.93257898790946748e-30
YUKAWA,GRID_17,+6.81292069057960834e-03,3,+1.77827941003892270e-04,4,IM,+4.71301966800866922e-14
YUKAWA,GRID_17,+6.81292069057960834e-03,3,+1.77827941003892270e-04,6,RE,-1.01373907973333887e-29
YUKAWA,GRID_17,+6.81292069057960834e-03,3,+1.77827941003892270e-04,6,IM,+3.84792234480532332e-14
YUKAWA,GRID_17,+6.81292069057960834e-03,4,+2.15443469003188449e-04,2,RE,-9.03074376389448259e-30
YUKAWA,GRID_17,+6.81292069057960834e-03,4,+2.15443469003188449e-04,2,IM,+3.77806959521241377e-14
YUKAWA,GRID_17,+6.81292069057960834e-03,4,+2.15443469003188449e-04,4,RE,-7.88233397368612627e-30
YUKAWA,GRID_17,+6.81292069057960834e-03,4,+2.15443469003188449e-04,4,IM,+4.66990162593147540e-14
YUKAWA,GRID_17,+6.81292069057960834e-03,4,+2.15443469003188449e-04,6,RE,-8.69348473517981387e-30
YUKAWA,GRID_17,+6.81292069057960834e-03,4,+2.15443469003188449e-04,6,IM,+3.80558655571704227e-14
YUKAWA,GRID_17,+6.81292069057960834e-03,5,+2.61015721568253574e-04,2,RE,-6.93252168948146095e-30
YUKAWA,GRID_17,+6.81292069057960834e-03,5,+2.61015721568253574e-04,2,IM,+3.74282325484969824e-14
YUKAWA,GRID_17,+6.81292069057960834e-03,5,+2.61015721568253574e-04,4,RE,-1.20189493032997947e-29
YUKAWA,GRID_17,+6.81292069057960834e-03,5,+2.61015721568253574e-04,4,IM,+4.61822627377779917e-14
YUKAWA,GRID_17,+6.81292069057960834e-03,5,+2.61015721568253574e-04,6,RE,-8.18800889494280592e-30
YUKAWA,GRID_17,+6.81292069057960834e-03,5,+2.61015721568253574e-04,6,IM,+3.75494959148695934e-14
YUKAWA,GRID_17,+6.81292069057960834e-03,6,+3.16227766016837939e-04,2,RE,-4.86739750838877772e-30
YUKAWA,GRID_17,+6.81292069057960834e-03,6,+3.16227766016837939e-04,2,IM,+3.70060119783007558e-14
YUKAWA,GRID_17,+6.81292069057960834e-03,6,+3.16227766016837939e-04,4,RE,-8.90020493081142666e-30
YUKAWA,GRID_17,+6.81292069057960834e-03,6,+3.16227766016837939e-04,4,IM,+4.55643618869409417e-14
YUKAWA,GRID_17,+6.81292069057960834e-03,6,+3.16227766016837939e-04,6,RE,-1.04910876698883497e-29
YUKAWA,GRID_17,+6.81292069057960834e-03,6,+3.16227766016837939e-04,6,IM,+3.69454698616705183e-14
YUKAWA,GRID_17,+6.81292069057960834e-03,7,+3.83118684955728529e-04,2,RE,-1.24337282482461066e-29
YUKAWA,GRID_17,+6.81292069057960834e-03,7,+3.83118684955728529e-04,2,IM,+3.65014238022547143e-14
YUKAWA,GRID_17,+6.81292069057960834e-03,7,+3.83118684955728529e-04,4,RE,-7.83337926386963287e-30
YUKAWA,GRID_17,+6.81292069057960834e-03,7,+3.83118684955728529e-04,4,IM,+4.48275459224888088e-14
YUKAWA,GRID_17,+6.81292069057960834e-03,7,+3.83118684955728529e-04,6,RE,-7.05430035107098913e-30
YUKAWA,GRID_17,+6.81292069057960834e-03,7,+3.83118684955728529e-04,6,IM,+3.62273004346620377e-14
YUKAWA,GRID_17,+6.81292069057960834e-03,8,+4.64158883361277732e-04,2,RE,-1.16190672973375785e-29
YUKAWA,GRID_17,+6.81292069057960834e-03,8,+4.64158883361277732e-04,2,IM,+3.59001193743012856e-14
YUKAWA,GRID_17,+6.81292069057960834e-03,8,+4.64158883361277732e-04,4,RE,-6.50847972690210553e-30
YUKAWA,GRID_17,+6.81292069057960834e-03,8,+4.64158883361277732e-04,4,IM,+4.39518447951467390e-14
YUKAWA,GRID_17,+6.81292069057960834e-03,8,+4.64158883361277732e-04,6,RE,-7.87668014713178308e-30
YUKAWA,GRID_17,+6.81292069057960834e-03,8,+4.64158883361277732e-04,6,IM,+3.53767771273130209e-14
YUKAWA,GRID_17,+6.81292069057960834e-03,9,+5.62341325190349097e-04,2,RE,-1.53562159052691238e-29
YUKAWA,GRID_17,+6.81292069057960834e-03,9,+5.62341325190349097e-04,2,IM,+3.51860247268569830e-14
YUKAWA,GRID_17,+6.81292069057960834e-03,9,+5.62341325190349097e-04,4,RE,-4.59446247191381398e-30
YUKAWA,GRID_17,+6.81292069057960834e-03,9,+5.62341325190349097e-04,4,IM,+4.29152460415321565e-14
YUKAWA,GRID_17,+6.81292069057960834e-03,9,+5.62341325190349097e-04,6,RE,-7.45410604742656552e-30
YUKAWA,GRID_17,+6.81292069057960834e-03,9,+5.62341325190349097e-04,6,IM,+3.43742919380079715e-14
YUKAWA,GRID_17,+6.81292069057960834e-03,10,+6.81292069057960856e-04,2,RE,-3.53993818307226568e-30
YUKAWA,GRID_17,+6.81292069057960834e-03,10,+6.81292069057960856e-04,2,IM,+3.43414960015554609e-14
YUKAWA,GRID_17,+6.81292069057960834e-03,10,+6.81292069057960856e-04,4,RE,-1.05206908945265377e-29
YUKAWA,GRID_17,+6.81292069057960834e-03,10,+6.81292069057960856e-04,4,IM,+4.16941095361366881e-14
YUKAWA,GRID_17,+6.81292069057960834e-03,10,+6.81292069057960856e-04,6,RE,-5.98433825796744695e-30
YUKAWA,GRID_17,+6.81292069057960834e-03,10,+6.81292069057960856e-04,6,IM,+3.31994644356789498e-14
YUKAWA,GRID_17,+6.81292069057960834e-03,11,+8.25404185268018118e-04,2,RE,-1.12642726921138440e-30
YUKAWA,GRID_17,+6.81292069057960834e-03,11,+8.25404185268018118e-04,2,IM,+3.33476873704595172e-14
YUKAWA,GRID_17,+6.81292069057960834e-03,11,+8.25404185268018118e-04,4,RE,-7.99867304525750792e-30
YUKAWA,GRID_17,+6.81292069057960834e-03,11,+8.25404185268018118e-04,4,IM,+4.02639471017557420e-14
YUKAWA,GRID_17,+6.81292069057960834e-03,11,+8.25404185268018118e-04,6,RE,-5.86745306554487568e-30
YUKAWA,GRID_17,+6.81292069057960834e-03,11,+8.25404185268018118e-04,6,IM,+3.18321764477141962e-14
YUKAWA,GRID_17,+6.81292069057960834e-03,12,+1.00000000000000002e-03,2,RE,-6.92807594177324922e-30
YUKAWA,GRID_17,+6.81292069057960834e-03,12,+1.00000000000000002e-03,2,IM,+3.21852190274534787e-14
YUKAWA,GRID_17,+6.81292069057960834e-03,12,+1.00000000000000002e-03,4,RE,-5.39586778553528032e-30
YUKAWA,GRID_17,+6.81292069057960834e-03,12,+1.00000000000000002e-03,4,IM,+3.86006979160483573e-14
YUKAWA,GRID_17,+6.81292069057960834e-03,12,+1.00000000000000002e-03,6,RE,-5.28985451704563761e-30
YUKAWA,GRID_17,+6.81292069057960834e-03,12,+1.00000000000000002e-03,6,IM,+3.02541376979173254e-14
YUKAWA,GRID_17,+6.81292069057960834e-03,13,+1.21152765862858765e-03,2,RE,-8.15700055759861958e-30
YUKAWA,GRID_17,+6.81292069057960834e-03,13,+1.21152765862858765e-03,2,IM,+3.08352472120769508e-14
YUKAWA,GRID_17,+6.81292069057960834e-03,13,+1.21152765862858765e-03,4,RE,-5.60023149860600807e-30
YUKAWA,GRID_17,+6.81292069057960834e-03,13,+1.21152765862858765e-03,4,IM,+3.66826407646285237e-14
YUKAWA,GRID_17,+6.81292069057960834e-03,13,+1.21152765862858765e-03,6,RE,-6.69395547347154231e-30
YUKAWA,GRID_17,+6.81292069057960834e-03,13,+1.21152765862858765e-03,6,IM,+2.84510949207667914e-14
YUKAWA,GRID_17,+6.81292069057960834e-03,14,+1.46779926762206914e-03,2,RE,-4.45076522168006723e-30
YUKAWA,GRID_17,+6.81292069057960834e-03,14,+1.46779926762206914e-03,2,IM,+2.92810424045438556e-14
YUKAWA,GRID_17,+6.81292069057960834e-03,14,+1.46779926762206914e-03,4,RE,-4.88279017648603563e-30
YUKAWA,GRID_17,+6.81292069057960834e-03,14,+1.46779926762206914e-03,4,IM,+3.44930697374119236e-14
YUKAWA,GRID_17,+6.81292069057960834e-03,14,+1.46779926762206914e-03,6,RE,-4.73507623379457820e-30
YUKAWA,GRID_17,+6.81292069057960834e-03,14,+1.46779926762206914e-03,6,IM,+2.64157513930942524e-14
YUKAWA,GRID_17,+6.81292069057960834e-03,15,+1.77827941003892275e-03,2,RE,-2.15436810989002219e-30
YUKAWA,GRID_17,+6.81292069057960834e-03,15,+1.77827941003892275e-03,2,IM,+2.75101647366184653e-14
YUKAWA,GRID_17,+6.81292069057960834e-03,15,+1.77827941003892275e-03,4,RE,-8.74971682714466842e-30
YUKAWA,GRID_17,+6.81292069057960834e-03,15,+1.77827941003892275e-03,4,IM,+3.20238007433309171e-14
YUKAWA,GRID_17,+6.81292069057960834e-03,15,+1.77827941003892275e-03,6,RE,-5.64064866266062551e-30
YUKAWA,GRID_17,+6.81292069057960834e-03,15,+1.77827941003892275e-03,6,IM,+2.41513586144411069e-14
YUKAWA,GRID_17,+6.81292069057960834e-03,16,+2.15443469003188210e-03,2,RE,-3.74381401540069578e-30
YUKAWA,GRID_17,+6.81292069057960834e-03,16,+2.15443469003188210e-03,2,IM,+2.55172717343770439e-14
YUKAWA,GRID_17,+6.81292069057960834e-03,16,+2.15443469003188210e-03,4,RE,-2.39179237592026881e-30
YUKAWA,GRID_17,+6.81292069057960834e-03,16,+2.15443469003188210e-03,4,IM,+2.92794464115602465e-14
YUKAWA,GRID_17,+6.81292069057960834e-03,16,+2.15443469003188210e-03,6,RE,-3.66870270265136647e-30
YUKAWA,GRID_17,+6.81292069057960834e-03,16,+2.15443469003188210e-03,6,IM,+2.16757525293959045e-14
YUKAWA,GRID_17,+6.81292069057960834e-03,17,+2.61015721568253574e-03,2,RE,-4.43104498095314349e-30
YUKAWA,GRID_17,+6.81292069057960834e-03,17,+2.61015721568253574e-03,2,IM,+2.33074840206478054e-14
YUKAWA,GRID_17,+6.81292069057960834e-03,17,+2.61015721568253574e-03,4,RE,-3.31940396415358433e-30
YUKAWA,GRID_17,+6.81292069057960834e-03,17,+2.61015721568253574e-03,4,IM,+2.62821703284276125e-14
YUKAWA,GRID_17,+6.81292069057960834e-03,17,+2.61015721568253574e-03,6,RE,-4.54023087768945935e-30
YUKAWA,GRID_17,+6.81292069057960834e-03,17,+2.61015721568253574e-03,6,IM,+1.90253177193168521e-14
YUKAWA,GRID_17,+6.81292069057960834e-03,18,+3.16227766016837939e-03,2,RE,-8.07418849258425835e-31
YUKAWA,GRID_17,+6.81292069057960834e-03,18,+3.16227766016837939e-03,2,IM,+2.09000524436839722e-14
YUKAWA,GRID_17,+6.81292069057960834e-03,18,+3.16227766016837939e-03,4,RE,-1.39604699664242044e-30
YUKAWA,GRID_17,+6.81292069057960834e-03,18,+3.16227766016837939e-03,4,IM,+2.30762942577568986e-14
YUKAWA,GRID_17,+6.81292069057960834e-03,18,+3.16227766016837939e-03,6,RE,-4.03477274948503424e-30
YUKAWA,GRID_17,+6.81292069057960834e-03,18,+3.16227766016837939e-03,6,IM,+1.62579884929630744e-14
YUKAWA,GRID_17,+6.81292069057960834e-03,19,+3.83118684955728508e-03,2,RE,-3.11491132754749767e-30
YUKAWA,GRID_17,+6.81292069057960834e-03,19,+3.83118684955728508e-03,2,IM,+1.83318099798671921e-14
YUKAWA,GRID_17,+6.81292069057960834e-03,19,+3.83118684955728508e-03,4,RE,-2.92126290585717940e-30
YUKAWA,GRID_17,+6.81292069057960834e-03,19,+3.83118684955728508e-03,4,IM,+1.97317056603334899e-14
YUKAWA,GRID_17,+6.81292069057960834e-03,19,+3.83118684955728508e-03,6,RE,-2.88754562810168036e-30
YUKAWA,GRID_17,+6.81292069057960834e-03,19,+3.83118684955728508e-03,6,IM,+1.34540102363545722e-14
YUKAWA,GRID_17,+6.81292069057960834e-03,20,+4.64158883361277721e-03,2,RE,-7.95269461133490252e-31
YUKAWA,GRID_17,+6.81292069057960834e-03,20,+4.64158883361277721e-03,2,IM,+1.56595771413661652e-14
YUKAWA,GRID_17,+6.81292069057960834e-03,20,+4.64158883361277721e-03,4,RE,-1.72584201889225005e-30
YUKAWA,GRID_17,+6.81292069057960834e-03,20,+4.64158883361277721e-03,4,IM,+1.63445873843850984e-14
YUKAWA,GRID_17,+6.81292069057960834e-03,20,+4.64158883361277721e-03,6,RE,-1.53845724730119298e-30
YUKAWA,GRID_17,+6.81292069057960834e-03,20,+4.64158883361277721e-03,6,IM,+1.07129548784948445e-14
YUKAWA,GRID_17,+6.81292069057960834e-03,21,+5.62341325190349097e-03,2,RE,-2.13260094441239867e-30
YUKAWA,GRID_17,+6.81292069057960834e-03,21,+5.62341325190349097e-03,2,IM,+1.29603945593125779e-14
YUKAWA,GRID_17,+6.81292069057960834e-03,21,+5.62341325190349097e-03,4,RE,-9.39705935296295305e-31
YUKAWA,GRID_17,+6.81292069057960834e-03,21,+5.62341325190349097e-03,4,IM,+1.30337569643898811e-14
YUKAWA,GRID_17,+6.81292069057960834e-03,21,+5.62341325190349097e-03,6,RE,-2.11049879625395850e-30
YUKAWA,GRID_17,+6.81292069057960834e-03,21,+5.62341325190349097e-03,6,IM,+8.14567901642324356e-15
YUKAWA,GRID_17,+6.81292069057960834e-03,22,+6.81292069057960834e-03,2,RE,-1.22234589950239228e-30
YUKAWA,GRID_17,+6.81292069057960834e-03,22,+6.81292069057960834e-03,2,IM,+1.03283240469844678e-14
YUKAWA,GRID_17,+6.81292069057960834e-03,22,+6.81292069057960834e-03,4,RE,-7.04026479955485400e-31
YUKAWA,GRID_17,+6.81292069057960834e-03,22,+6.81292069057960834e-03,4,IM,+9.93115380502637613e-15
YUKAWA,GRID_17,+6.81292069057960834e-03,22,+6.81292069057960834e-03,6,RE,-5.67848222039726067e-31
YUKAWA,GRID_17,+6.81292069057960834e-03,22,+6.81292069057960834e-03,6,IM,+5.86083923318128368e-15
YUKAWA,GRID_17,+6.81292069057960834e-03,23,+8.25404185268018183e-03,2,RE,-1.94641234002289385e-30
YUKAWA,GRID_17,+6.81292069057960834e-03,23,+8.25404185268018183e-03,2,IM,+7.86679856768484097e-15
YUKAWA,GRID_17,+6.81292069057960834e-03,23,+8.25404185268018183e-03,4,RE,-8.16808263641282095e-31
YUKAWA,GRID_17,+6.81292069057960834e-03,23,+8.25404185268018183e-03,4,IM,+7.16607651646529307e-15
YUKAWA,GRID_17,+6.81292069057960834e-03,23,+8.25404185268018183e-03,6,RE,-1.13824546878469106e-30
YUKAWA,GRID_17,+6.81292069057960834e-03,23,+8.25404185268018183e-03,6,IM,+3.94739865012301936e-15
YUKAWA,GRID_17,+6.81292069057960834e-03,24,+1.00000000000000002e-02,2,RE,-2.98276966367802981e-32
YUKAWA,GRID_17,+6.81292069057960834e-03,24,+1.00000000000000002e-02,2,IM,+5.67633203844508111e-15
YUKAWA,GRID_17,+6.81292069057960834e-03,24,+1.00000000000000002e-02,4,RE,-4.27173771464134696e-31
YUKAWA,GRID_17,+6.81292069057960834e-03,24,+1.00000000000000002e-02,4,IM,+4.84481640379348414e-15
YUKAWA,GRID_17,+6.81292069057960834e-03,24,+1.00000000000000002e-02,6,RE,-2.05636846812933757e-31
YUKAWA,GRID_17,+6.81292069057960834e-03,24,+1.00000000000000002e-02,6,IM,+2.45698248169709450e-15
YUKAWA,GRID_18,+1.00000000000000002e-02,0,+1.00000000000000005e-04,2,RE,-2.36834565899135311e-29
YUKAWA,GRID_18,+1.00000000000000002e-02,0,+1.00000000000000005e-04,2,IM,+6.25835890367511749e-14
YUKAWA,GRID_18,+1.00000000000000002e-02,0,+1.00000000000000005e-04,4,RE,-8.40711380805241963e-30
YUKAWA,GRID_18,+1.00000000000000002e-02,0,+1.00000000000000005e-04,4,IM,+6.74247901398663642e-14
YUKAWA,GRID_18,+1.00000000000000002e-02,0,+1.00000000000000005e-04,6,RE,-1.13469851860116651e-29
YUKAWA,GRID_18,+1.00000000000000002e-02,0,+1.00000000000000005e-04,6,IM,+5.00307572866783625e-14
YUKAWA,GRID_18,+1.00000000000000002e-02,1,+1.21152765862858885e-04,2,RE,-2.04630246973616977e-29
YUKAWA,GRID_18,+1.00000000000000002e-02,1,+1.21152765862858885e-04,2,IM,+6.23658493051195334e-14
YUKAWA,GRID_18,+1.00000000000000002e-02,1,+1.21152765862858885e-04,4,RE,-8.33871366885132275e-30
YUKAWA,GRID_18,+1.00000000000000002e-02,1,+1.21152765862858885e-04,4,IM,+6.71224806758542113e-14
YUKAWA,GRID_18,+1.00000000000000002e-02,1,+1.21152765862858885e-04,6,RE,-8.62749886839638478e-30
YUKAWA,GRID_18,+1.00000000000000002e-02,1,+1.21152765862858885e-04,6,IM,+4.97467196309291913e-14
YUKAWA,GRID_18,+1.00000000000000002e-02,2,+1.46779926762206892e-04,2,RE,-1.53772699160966605e-29
YUKAWA,GRID_18,+1.00000000000000002e-02,2,+1.46779926762206892e-04,2,IM,+6.21032067367156078e-14
YUKAWA,GRID_18,+1.00000000000000002e-02,2,+1.46779926762206892e-04,4,RE,-1.83807616996937205e-29
YUKAWA,GRID_18,+1.00000000000000002e-02,2,+1.46779926762206892e-04,4,IM,+6.67582026252755068e-14
YUKAWA,GRID_18,+1.00000000000000002e-02,2,+1.46779926762206892e-04,6,RE,-6.87416287709633290e-30
YUKAWA,GRID_18,+1.00000000000000002e-02,2,+1.46779926762206892e-04,6,IM,+4.94048904292252703e-14
YUKAWA,GRID_18,+1.00000000000000002e-02,3,+1.77827941003892270e-04,2,RE,-6.12554004030723315e-30
YUKAWA,GRID_18,+1.00000000000000002e-02,3,+1.77827941003892270e-04,2,IM,+6.17866935326713117e-14
YUKAWA,GRID_18,+1.00000000000000002e-02,3,+1.77827941003892270e-04,4,RE,-6.87248227689553919e-30
YUKAWA,GRID_18,+1.00000000000000002e-02,3,+1.77827941003892270e-04,4,IM,+6.63197536484846742e-14
YUKAWA,GRID_18,+1.00000000000000002e-02,3,+1.77827941003892270e-04,6,RE,-9.72990611833150726e-30
YUKAWA,GRID_18,+1.00000000000000002e-02,3,+1.77827941003892270e-04,6,IM,+4.89940896737772413e-14
YUKAWA,GRID_18,+1.00000000000000002e-02,4,+2.15443469003188449e-04,2,RE,-5.34376349992821103e-30
YUKAWA,GRID_18,+1.00000000000000002e-02,4,+2.15443469003188449e-04,2,IM,+6.14056854554492359e-14
YUKAWA,GRID_18,+1.00000000000000002e-02,4,+2.15443469003188449e-04,4,RE,-1.02462169852191233e-29
YUKAWA,GRID_18,+1.00000000000000002e-02,4,+2.15443469003188449e-04,4,IM,+6.57927589672797962e-14
YUKAWA,GRID_18,+1.00000000000000002e-02,4,+2.15443469003188449e-04,6,RE,-1.04269747573633478e-29
YUKAWA,GRID_18,+1.00000000000000002e-02,4,+2.15443469003188449e-04,6,IM,+4.85012406433516672e-14
YUKAWA,GRID_18,+1.00000000000000002e-02,5,+2.61015721568253574e-04,2,RE,-7.13569132349309709e-30
YUKAWA,GRID_18,+1.00000000000000002e-02,5,+2.61015721568253574e-04,2,IM,+6.09476581896664084e-14
YUKAWA,GRID_18,+1.00000000000000002e-02,5,+2.61015721568253574e-04,4,RE,-6.33408671762590378e-30
YUKAWA,GRID_18,+1.00000000000000002e-02,5,+2.61015721568253574e-04,4,IM,+6.51603916939920975e-14
YUKAWA,GRID_18,+1.00000000000000002e-02,5,+2.61015721568253574e-04,6,RE,-7.90333429243777475e-30
YUKAWA,GRID_18,+1.00000000000000002e-02,5,+2.61015721568253574e-04,6,IM,+4.79111723233519251e-14
YUKAWA,GRID_18,+1.00000000000000002e-02,6,+3.16227766016837939e-04,2,RE,+4.89171578370170726e-30
YUKAWA,GRID_18,+1.00000000000000002e-02,6,+3.16227766016837939e-04,2,IM,+6.03979378042471378e-14
YUKAWA,GRID_18,+1.00000000000000002e-02,6,+3.16227766016837939e-04,4,RE,-7.85556051618890369e-30
YUKAWA,GRID_18,+1.00000000000000002e-02,6,+3.16227766016837939e-04,4,IM,+6.44031097193202771e-14
YUKAWA,GRID_18,+1.00000000000000002e-02,6,+3.16227766016837939e-04,6,RE,-1.03489006013861225e-29
YUKAWA,GRID_18,+1.00000000000000002e-02,6,+3.16227766016837939e-04,6,IM,+4.72064639155110919e-14
YUKAWA,GRID_18,+1.00000000000000002e-02,7,+3.83118684955728529e-04,2,RE,-1.41738289544937470e-29
YUKAWA,GRID_18,+1.00000000000000002e-02,7,+3.83118684955728529e-04,2,IM,+5.97394622804877387e-14
YUKAWA,GRID_18,+1.00000000000000002e-02,7,+3.83118684955728529e-04,4,RE,-7.85572295361434206e-30
YUKAWA,GRID_18,+1.00000000000000002e-02,7,+3.83118684955728529e-04,4,IM,+6.34984419623752196e-14
YUKAWA,GRID_18,+1.00000000000000002e-02,7,+3.83118684955728529e-04,6,RE,-1.49852379277944337e-30
YUKAWA,GRID_18,+1.00000000000000002e-02,7,+3.83118684955728529e-04,6,IM,+4.63673713866614748e-14
YUKAWA,GRID_18,+1.00000000000000002e-02,8,+4.64158883361277732e-04,2,RE,-1.06144608734424749e-30
YUKAWA,GRID_18,+1.00000000000000002e-02,8,+4.64158883361277732e-04,2,IM,+5.89525809620007972e-14
YUKAWA,GRID_18,+1.00000000000000002e-02,8,+4.64158883361277732e-04,4,RE,-9.87044879083590569e-30
YUKAWA,GRID_18,+1.00000000000000002e-02,8,+4.64158883361277732e-04,4,IM,+6.24208731408967309e-14
YUKAWA,GRID_18,+1.00000000000000002e-02,8,+4.64158883361277732e-04,6,RE,-9.00694947685780039e-30
YUKAWA,GRID_18,+1.00000000000000002e-02,8,+4.64158883361277732e-04,6,IM,+4.53718933131549908e-14
YUKAWA,GRID_18,+1.00000000000000002e-02,9,+5.62341325190349097e-04,2,RE,-1.25945809257951584e-29
YUKAWA,GRID_18,+1.00000000000000002e-02,9,+5.62341325190349097e-04,2,IM,+5.80149322270690478e-14
YUKAWA,GRID_18,+1.00000000000000002e-02,9,+5.62341325190349097e-04,4,RE,-1.23142639018180593e-29
YUKAWA,GRID_18,+1.00000000000000002e-02,9,+5.62341325190349097e-04,4,IM,+6.11418975965762595e-14
YUKAWA,GRID_18,+1.00000000000000002e-02,9,+5.62341325190349097e-04,6,RE,-9.45265016668697770e-30
YUKAWA,GRID_18,+1.00000000000000002e-02,9,+5.62341325190349097e-04,6,IM,+4.41960547255140816e-14
YUKAWA,GRID_18,+1.00000000000000002e-02,10,+6.81292069057960856e-04,2,RE,-9.77833749590782174e-30
YUKAWA,GRID_18,+1.00000000000000002e-02,10,+6.81292069057960856e-04,2,IM,+5.69014572014349747e-14
YUKAWA,GRID_18,+1.00000000000000002e-02,10,+6.81292069057960856e-04,4,RE,-1.16282952996775896e-29
YUKAWA,GRID_18,+1.00000000000000002e-02,10,+6.81292069057960856e-04,4,IM,+5.96303391993719747e-14
YUKAWA,GRID_18,+1.00000000000000002e-02,10,+6.81292069057960856e-04,6,RE,-8.15685840564929581e-30
YUKAWA,GRID_18,+1.00000000000000002e-02,10,+6.81292069057960856e-04,6,IM,+4.28145122511742001e-14
YUKAWA,GRID_18,+1.00000000000000002e-02,11,+8.25404185268018118e-04,2,RE,-8.65543610536898970e-30
YUKAWA,GRID_18,+1.00000000000000002e-02,11,+8.25404185268018118e-04,2,IM,+5.55846289635224859e-14
YUKAWA,GRID_18,+1.00000000000000002e-02,11,+8.25404185268018118e-04,4,RE,-8.61373351647731634e-30
YUKAWA,GRID_18,+1.00000000000000002e-02,11,+8.25404185268018118e-04,4,IM,+5.78530647719939025e-14
YUKAWA,GRID_18,+1.00000000000000002e-02,11,+8.25404185268018118e-04,6,RE,-1.11576759287370790e-29
YUKAWA,GRID_18,+1.00000000000000002e-02,11,+8.25404185268018118e-04,6,IM,+4.12016085968751117e-14
YUKAWA,GRID_18,+1.00000000000000002e-02,12,+1.00000000000000002e-03,2,RE,-4.45606522099040306e-30
YUKAWA,GRID_18,+1.00000000000000002e-02,12,+1.00000000000000002e-03,2,IM,+5.40350014743530181e-14
YUKAWA,GRID_18,+1.00000000000000002e-02,12,+1.00000000000000002e-03,4,RE,-5.00777667598747084e-30
YUKAWA,GRID_18,+1.00000000000000002e-02,12,+1.00000000000000002e-03,4,IM,+5.57762492725588802e-14
YUKAWA,GRID_18,+1.00000000000000002e-02,12,+1.00000000000000002e-03,6,RE,-5.41224879263593266e-30
YUKAWA,GRID_18,+1.00000000000000002e-02,12,+1.00000000000000002e-03,6,IM,+3.93330229624572699e-14
YUKAWA,GRID_18,+1.00000000000000002e-02,13,+1.21152765862858765e-03,2,RE,-5.81627608452533579e-30
YUKAWA,GRID_18,+1.00000000000000002e-02,13,+1.21152765862858765e-03,2,IM,+5.22222075872875734e-14
YUKAWA,GRID_18,+1.00000000000000002e-02,13,+1.21152765862858765e-03,4,RE,-3.36113614385646015e-30
YUKAWA,GRID_18,+1.00000000000000002e-02,13,+1.21152765862858765e-03,4,IM,+5.33673746890618819e-14
YUKAWA,GRID_18,+1.00000000000000002e-02,13,+1.21152765862858765e-03,6,RE,-8.18093345552131059e-30
YUKAWA,GRID_18,+1.00000000000000002e-02,13,+1.21152765862858765e-03,6,IM,+3.71881649519872679e-14
YUKAWA,GRID_18,+1.00000000000000002e-02,14,+1.46779926762206914e-03,2,RE,-3.88784030600665474e-30
YUKAWA,GRID_18,+1.00000000000000002e-02,14,+1.46779926762206914e-03,2,IM,+5.01165552041697551e-14
YUKAWA,GRID_18,+1.00000000000000002e-02,14,+1.46779926762206914e-03,4,RE,-1.27607755436824742e-29
YUKAWA,GRID_18,+1.00000000000000002e-02,14,+1.46779926762206914e-03,4,IM,+5.05981479686229620e-14
YUKAWA,GRID_18,+1.00000000000000002e-02,14,+1.46779926762206914e-03,6,RE,-1.36823175040130993e-29
YUKAWA,GRID_18,+1.00000000000000002e-02,14,+1.46779926762206914e-03,6,IM,+3.47534249043672433e-14
YUKAWA,GRID_18,+1.00000000000000002e-02,15,+1.77827941003892275e-03,2,RE,-3.30842033616730835e-30
YUKAWA,GRID_18,+1.00000000000000002e-02,15,+1.77827941003892275e-03,2,IM,+4.76913749428513898e-14
YUKAWA,GRID_18,+1.00000000000000002e-02,15,+1.77827941003892275e-03,4,RE,-8.29559720013379233e-30
YUKAWA,GRID_18,+1.00000000000000002e-02,15,+1.77827941003892275e-03,4,IM,+4.74484855021274131e-14
YUKAWA,GRID_18,+1.00000000000000002e-02,15,+1.77827941003892275e-03,6,RE,-8.19911501695927755e-30
YUKAWA,GRID_18,+1.00000000000000002e-02,15,+1.77827941003892275e-03,6,IM,+3.20262981016555328e-14
YUKAWA,GRID_18,+1.00000000000000002e-02,16,+2.15443469003188210e-03,2,RE,+4.53276910588817254e-30
YUKAWA,GRID_18,+1.00000000000000002e-02,16,+2.15443469003188210e-03,2,IM,+4.49262462193804868e-14
YUKAWA,GRID_18,+1.00000000000000002e-02,16,+2.15443469003188210e-03,4,RE,-2.64210564224427200e-30
YUKAWA,GRID_18,+1.00000000000000002e-02,16,+2.15443469003188210e-03,4,IM,+4.39116038680089805e-14
YUKAWA,GRID_18,+1.00000000000000002e-02,16,+2.15443469003188210e-03,6,RE,-7.25320457442192071e-30
YUKAWA,GRID_18,+1.00000000000000002e-02,16,+2.15443469003188210e-03,6,IM,+2.90202143476139607e-14
YUKAWA,GRID_18,+1.00000000000000002e-02,17,+2.61015721568253574e-03,2,RE,-5.04402816514130154e-30
YUKAWA,GRID_18,+1.00000000000000002e-02,17,+2.61015721568253574e-03,2,IM,+4.18111506393962454e-14
YUKAWA,GRID_18,+1.00000000000000002e-02,17,+2.61015721568253574e-03,4,RE,-8.30255243548704164e-30
YUKAWA,GRID_18,+1.00000000000000002e-02,17,+2.61015721568253574e-03,4,IM,+4.00000448559432999e-14
YUKAWA,GRID_18,+1.00000000000000002e-02,17,+2.61015721568253574e-03,6,RE,-4.89937473415511258e-30
YUKAWA,GRID_18,+1.00000000000000002e-02,17,+2.61015721568253574e-03,6,IM,+2.57696029041463594e-14
YUKAWA,GRID_18,+1.00000000000000002e-02,18,+3.16227766016837939e-03,2,RE,-1.35643659946661499e-30
YUKAWA,GRID_18,+1.00000000000000002e-02,18,+3.16227766016837939e-03,2,IM,+3.83514480721833477e-14
YUKAWA,GRID_18,+1.00000000000000002e-02,18,+3.16227766016837939e-03,4,RE,-4.22514200816248176e-30
YUKAWA,GRID_18,+1.00000000000000002e-02,18,+3.16227766016837939e-03,4,IM,+3.57521181323942571e-14
YUKAWA,GRID_18,+1.00000000000000002e-02,18,+3.16227766016837939e-03,6,RE,-5.34660611440422044e-30
YUKAWA,GRID_18,+1.00000000000000002e-02,18,+3.16227766016837939e-03,6,IM,+2.23343047829499035e-14
YUKAWA,GRID_18,+1.00000000000000002e-02,19,+3.83118684955728508e-03,2,RE,-3.59906978869365243e-30
YUKAWA,GRID_18,+1.00000000000000002e-02,19,+3.83118684955728508e-03,2,IM,+3.45733210587214360e-14
YUKAWA,GRID_18,+1.00000000000000002e-02,19,+3.83118684955728508e-03,4,RE,-2.28009003712434688e-30
YUKAWA,GRID_18,+1.00000000000000002e-02,19,+3.83118684955728508e-03,4,IM,+3.12377631317048657e-14
YUKAWA,GRID_18,+1.00000000000000002e-02,19,+3.83118684955728508e-03,6,RE,-2.32843940423214235e-30
YUKAWA,GRID_18,+1.00000000000000002e-02,19,+3.83118684955728508e-03,6,IM,+1.88019649446402903e-14
YUKAWA,GRID_18,+1.00000000000000002e-02,20,+4.64158883361277721e-03,2,RE,-2.41653188051897823e-30
YUKAWA,GRID_18,+1.00000000000000002e-02,20,+4.64158883361277721e-03,2,IM,+3.05289823714300428e-14
YUKAWA,GRID_18,+1.00000000000000002e-02,20,+4.64158883361277721e-03,4,RE,-2.18403389465973800e-30
YUKAWA,GRID_18,+1.00000000000000002e-02,20,+4.64158883361277721e-03,4,IM,+2.65622663427265635e-14
YUKAWA,GRID_18,+1.00000000000000002e-02,20,+4.64158883361277721e-03,6,RE,-2.90678366334822586e-30
YUKAWA,GRID_18,+1.00000000000000002e-02,20,+4.64158883361277721e-03,6,IM,+1.52866463594531378e-14
YUKAWA,GRID_18,+1.00000000000000002e-02,21,+5.62341325190349097e-03,2,RE,+1.26032198751670830e-30
YUKAWA,GRID_18,+1.00000000000000002e-02,21,+5.62341325190349097e-03,2,IM,+2.63005187720658866e-14
YUKAWA,GRID_18,+1.00000000000000002e-02,21,+5.62341325190349097e-03,4,RE,-8.46282170477577651e-31
YUKAWA,GRID_18,+1.00000000000000002e-02,21,+5.62341325190349097e-03,4,IM,+2.18657728637427661e-14
YUKAWA,GRID_18,+1.00000000000000002e-02,21,+5.62341325190349097e-03,6,RE,-7.91553752005441013e-31
YUKAWA,GRID_18,+1.00000000000000002e-02,21,+5.62341325190349097e-03,6,IM,+1.19218777703887025e-14
YUKAWA,GRID_18,+1.00000000000000002e-02,22,+6.81292069057960834e-03,2,RE,-3.37999777675414673e-30
YUKAWA,GRID_18,+1.00000000000000002e-02,22,+6.81292069057960834e-03,2,IM,+2.20008404551665651e-14
YUKAWA,GRID_18,+1.00000000000000002e-02,22,+6.81292069057960834e-03,4,RE,-1.54230158344781822e-30
YUKAWA,GRID_18,+1.00000000000000002e-02,22,+6.81292069057960834e-03,4,IM,+1.73163825652132570e-14
YUKAWA,GRID_18,+1.00000000000000002e-02,22,+6.81292069057960834e-03,6,RE,+5.58410366152742873e-31
YUKAWA,GRID_18,+1.00000000000000002e-02,22,+6.81292069057960834e-03,6,IM,+8.84703944170179187e-15
YUKAWA,GRID_18,+1.00000000000000002e-02,23,+8.25404185268018183e-03,2,RE,+7.16917590219204533e-31
YUKAWA,GRID_18,+1.00000000000000002e-02,23,+8.25404185268018183e-03,2,IM,+1.77699890932151825e-14
YUKAWA,GRID_18,+1.00000000000000002e-02,23,+8.25404185268018183e-03,4,RE,-3.67507940191576003e-31
YUKAWA,GRID_18,+1.00000000000000002e-02,23,+8.25404185268018183e-03,4,IM,+1.30952130832733368e-14
YUKAWA,GRID_18,+1.00000000000000002e-02,23,+8.25404185268018183e-03,6,RE,-5.86372796625544275e-31
YUKAWA,GRID_18,+1.00000000000000002e-02,23,+8.25404185268018183e-03,6,IM,+6.18770978060196611e-15
YUKAWA,GRID_18,+1.00000000000000002e-02,24,+1.00000000000000002e-02,2,RE,-3.07006628931354010e-30
YUKAWA,GRID_18,+1.00000000000000002e-02,24,+1.00000000000000002e-02,2,IM,+1.37652770714209066e-14
YUKAWA,GRID_18,+1.00000000000000002e-02,24,+1.00000000000000002e-02,4,RE,+1.71617795223262023e-31
YUKAWA,GRID_18,+1.00000000000000002e-02,24,+1.00000000000000002e-02,4,IM,+9.37352271815067221e-15
YUKAWA,GRID_18,+1.00000000000000002e-02,24,+1.00000000000000002e-02,6,RE,-1.28822525901984969e-30
YUKAWA,GRID_18,+1.00000000000000002e-02,24,+1.00000000000000002e-02,6,IM,+4.03328157983233910e-15
YUKAWA,GRID_19,+1.46779926762206896e-02,0,+1.00000000000000005e-04,2,RE,-1.45695954846841217e-29
YUKAWA,GRID_19,+1.46779926762206896e-02,0,+1.00000000000000005e-04,2,IM,+8.59389163075963334e-14
YUKAWA,GRID_19,+1.46779926762206896e-02,0,+1.00000000000000005e-04,4,RE,-9.76103732794780182e-30
YUKAWA,GRID_19,+1.46779926762206896e-02,0,+1.00000000000000005e-04,4,IM,+8.17749052061653853e-14
YUKAWA,GRID_19,+1.46779926762206896e-02,0,+1.00000000000000005e-04,6,RE,-1.11080044768254356e-29
YUKAWA,GRID_19,+1.46779926762206896e-02,0,+1.00000000000000005e-04,6,IM,+5.67409451623256062e-14
YUKAWA,GRID_19,+1.46779926762206896e-02,1,+1.21152765862858885e-04,2,RE,-1.33930253526592926e-29
YUKAWA,GRID_19,+1.46779926762206896e-02,1,+1.21152765862858885e-04,2,IM,+8.56856370669400435e-14
YUKAWA,GRID_19,+1.46779926762206896e-02,1,+1.21152765862858885e-04,4,RE,-5.40595287113691276e-30
YUKAWA,GRID_19,+1.46779926762206896e-02,1,+1.21152765862858885e-04,4,IM,+8.14386761247496839e-14
YUKAWA,GRID_19,+1.46779926762206896e-02,1,+1.21152765862858885e-04,6,RE,-9.94404373733128592e-30
YUKAWA,GRID_19,+1.46779926762206896e-02,1,+1.21152765862858885e-04,6,IM,+5.64343355082391768e-14
YUKAWA,GRID_19,+1.46779926762206896e-02,2,+1.46779926762206892e-04,2,RE,-9.45551055416631558e-30
YUKAWA,GRID_19,+1.46779926762206896e-02,2,+1.46779926762206892e-04,2,IM,+8.53799690811320949e-14
YUKAWA,GRID_19,+1.46779926762206896e-02,2,+1.46779926762206892e-04,4,RE,-1.13022549186523270e-29
YUKAWA,GRID_19,+1.46779926762206896e-02,2,+1.46779926762206892e-04,4,IM,+8.10333754970907545e-14
YUKAWA,GRID_19,+1.46779926762206896e-02,2,+1.46779926762206892e-04,6,RE,-5.19985600576432621e-30
YUKAWA,GRID_19,+1.46779926762206896e-02,2,+1.46779926762206892e-04,6,IM,+5.60652385816740545e-14
YUKAWA,GRID_19,+1.46779926762206896e-02,3,+1.77827941003892270e-04,2,RE,-2.40278120658295776e-29
YUKAWA,GRID_19,+1.46779926762206896e-02,3,+1.77827941003892270e-04,2,IM,+8.50113762972989690e-14
YUKAWA,GRID_19,+1.46779926762206896e-02,3,+1.77827941003892270e-04,4,RE,-4.67685861083501087e-30
YUKAWA,GRID_19,+1.46779926762206896e-02,3,+1.77827941003892270e-04,4,IM,+8.05453324597163437e-14
YUKAWA,GRID_19,+1.46779926762206896e-02,3,+1.77827941003892270e-04,6,RE,-1.81047065244175848e-29
YUKAWA,GRID_19,+1.46779926762206896e-02,3,+1.77827941003892270e-04,6,IM,+5.56215180082307335e-14
YUKAWA,GRID_19,+1.46779926762206896e-02,4,+2.15443469003188449e-04,2,RE,-9.43695687112577587e-30
YUKAWA,GRID_19,+1.46779926762206896e-02,4,+2.15443469003188449e-04,2,IM,+8.45673419206286639e-14
YUKAWA,GRID_19,+1.46779926762206896e-02,4,+2.15443469003188449e-04,4,RE,-1.51999011711586888e-29
YUKAWA,GRID_19,+1.46779926762206896e-02,4,+2.15443469003188449e-04,4,IM,+7.99584091619355334e-14
YUKAWA,GRID_19,+1.46779926762206896e-02,4,+2.15443469003188449e-04,6,RE,-7.62208641996120515e-30
YUKAWA,GRID_19,+1.46779926762206896e-02,4,+2.15443469003188449e-04,6,IM,+5.50889556658363627e-14
YUKAWA,GRID_19,+1.46779926762206896e-02,5,+2.61015721568253574e-04,2,RE,-1.26435709744847611e-30
YUKAWA,GRID_19,+1.46779926762206896e-02,5,+2.61015721568253574e-04,2,IM,+8.40330598773550764e-14
YUKAWA,GRID_19,+1.46779926762206896e-02,5,+2.61015721568253574e-04,4,RE,-3.63451565642297760e-30
YUKAWA,GRID_19,+1.46779926762206896e-02,5,+2.61015721568253574e-04,4,IM,+7.92536664587043142e-14
YUKAWA,GRID_19,+1.46779926762206896e-02,5,+2.61015721568253574e-04,6,RE,-1.03958218471874501e-29
YUKAWA,GRID_19,+1.46779926762206896e-02,5,+2.61015721568253574e-04,6,IM,+5.44510230263154623e-14
YUKAWA,GRID_19,+1.46779926762206896e-02,6,+3.16227766016837939e-04,2,RE,-1.05234194305238688e-29
YUKAWA,GRID_19,+1.46779926762206896e-02,6,+3.16227766016837939e-04,2,IM,+8.33911085490528078e-14
YUKAWA,GRID_19,+1.46779926762206896e-02,6,+3.16227766016837939e-04,4,RE,-1.31516305632989851e-29
YUKAWA,GRID_19,+1.46779926762206896e-02,6,+3.16227766016837939e-04,4,IM,+7.84090382896942360e-14
YUKAWA,GRID_19,+1.46779926762206896e-02,6,+3.16227766016837939e-04,6,RE,-1.34291908945107490e-29
YUKAWA,GRID_19,+1.46779926762206896e-02,6,+3.16227766016837939e-04,6,IM,+5.36886917583660845e-14
YUKAWA,GRID_19,+1.46779926762206896e-02,7,+3.83118684955728529e-04,2,RE,-1.83793885780943600e-29
YUKAWA,GRID_19,+1.46779926762206896e-02,7,+3.83118684955728529e-04,2,IM,+8.26211222455312708e-14
YUKAWA,GRID_19,+1.46779926762206896e-02,7,+3.83118684955728529e-04,4,RE,-1.21160684586403421e-29
YUKAWA,GRID_19,+1.46779926762206896e-02,7,+3.83118684955728529e-04,4,IM,+7.73990476649128377e-14
YUKAWA,GRID_19,+1.46779926762206896e-02,7,+3.83118684955728529e-04,6,RE,-1.21800806704490433e-29
YUKAWA,GRID_19,+1.46779926762206896e-02,7,+3.83118684955728529e-04,6,IM,+5.27803246607526665e-14
YUKAWA,GRID_19,+1.46779926762206896e-02,8,+4.64158883361277732e-04,2,RE,-1.45496599316829778e-29
YUKAWA,GRID_19,+1.46779926762206896e-02,8,+4.64158883361277732e-04,2,IM,+8.16994860066976683e-14
YUKAWA,GRID_19,+1.46779926762206896e-02,8,+4.64158883361277732e-04,4,RE,-1.49750422423388504e-29
YUKAWA,GRID_19,+1.46779926762206896e-02,8,+4.64158883361277732e-04,4,IM,+7.61946144175046379e-14
YUKAWA,GRID_19,+1.46779926762206896e-02,8,+4.64158883361277732e-04,6,RE,-1.13227470288660974e-29
YUKAWA,GRID_19,+1.46779926762206896e-02,8,+4.64158883361277732e-04,6,IM,+5.17017062993953748e-14
YUKAWA,GRID_19,+1.46779926762206896e-02,9,+5.62341325190349097e-04,2,RE,-1.57952441533029849e-29
YUKAWA,GRID_19,+1.46779926762206896e-02,9,+5.62341325190349097e-04,2,IM,+8.05990933524821218e-14
YUKAWA,GRID_19,+1.46779926762206896e-02,9,+5.62341325190349097e-04,4,RE,-1.24007708326387998e-29
YUKAWA,GRID_19,+1.46779926762206896e-02,9,+5.62341325190349097e-04,4,IM,+7.47630277397648965e-14
YUKAWA,GRID_19,+1.46779926762206896e-02,9,+5.62341325190349097e-04,6,RE,-9.03739581613508549e-30
YUKAWA,GRID_19,+1.46779926762206896e-02,9,+5.62341325190349097e-04,6,IM,+5.04262956864687641e-14
YUKAWA,GRID_19,+1.46779926762206896e-02,10,+6.81292069057960856e-04,2,RE,-2.93987944534161479e-29
YUKAWA,GRID_19,+1.46779926762206896e-02,10,+6.81292069057960856e-04,2,IM,+7.92892252926625519e-14
YUKAWA,GRID_19,+1.46779926762206896e-02,10,+6.81292069057960856e-04,4,RE,-1.43726690910014996e-29
YUKAWA,GRID_19,+1.46779926762206896e-02,10,+6.81292069057960856e-04,4,IM,+7.30681853767150884e-14
YUKAWA,GRID_19,+1.46779926762206896e-02,10,+6.81292069057960856e-04,6,RE,-9.64950951547972334e-30
YUKAWA,GRID_19,+1.46779926762206896e-02,10,+6.81292069057960856e-04,6,IM,+4.89258101701091228e-14
YUKAWA,GRID_19,+1.46779926762206896e-02,11,+8.25404185268018118e-04,2,RE,-9.98690263284500719e-31
YUKAWA,GRID_19,+1.46779926762206896e-02,11,+8.25404185268018118e-04,2,IM,+7.77356326776573380e-14
YUKAWA,GRID_19,+1.46779926762206896e-02,11,+8.25404185268018118e-04,4,RE,-9.73240728449595343e-30
YUKAWA,GRID_19,+1.46779926762206896e-02,11,+8.25404185268018118e-04,4,IM,+7.10712354416084168e-14
YUKAWA,GRID_19,+1.46779926762206896e-02,11,+8.25404185268018118e-04,6,RE,-3.78738488845084166e-30
YUKAWA,GRID_19,+1.46779926762206896e-02,11,+8.25404185268018118e-04,6,IM,+4.71712776423284078e-14
YUKAWA,GRID_19,+1.46779926762206896e-02,12,+1.00000000000000002e-03,2,RE,-1.99713515972730366e-29
YUKAWA,GRID_19,+1.46779926762206896e-02,12,+1.00000000000000002e-03,2,IM,+7.59009324006018627e-14
YUKAWA,GRID_19,+1.46779926762206896e-02,12,+1.00000000000000002e-03,4,RE,-1.05739060589149193e-29
YUKAWA,GRID_19,+1.46779926762206896e-02,12,+1.00000000000000002e-03,4,IM,+6.87317931287568925e-14
YUKAWA,GRID_19,+1.46779926762206896e-02,12,+1.00000000000000002e-03,6,RE,-1.12735939370763508e-29
YUKAWA,GRID_19,+1.46779926762206896e-02,12,+1.00000000000000002e-03,6,IM,+4.51347171079881180e-14
YUKAWA,GRID_19,+1.46779926762206896e-02,13,+1.21152765862858765e-03,2,RE,-3.86921059183225398e-30
YUKAWA,GRID_19,+1.46779926762206896e-02,13,+1.21152765862858765e-03,2,IM,+7.37454590456985529e-14
YUKAWA,GRID_19,+1.46779926762206896e-02,13,+1.21152765862858765e-03,4,RE,-4.59552815279481390e-30
YUKAWA,GRID_19,+1.46779926762206896e-02,13,+1.21152765862858765e-03,4,IM,+6.60099363065946151e-14
YUKAWA,GRID_19,+1.46779926762206896e-02,13,+1.21152765862858765e-03,6,RE,-8.11563113934915090e-30
YUKAWA,GRID_19,+1.46779926762206896e-02,13,+1.21152765862858765e-03,6,IM,+4.27916143280719841e-14
YUKAWA,GRID_19,+1.46779926762206896e-02,14,+1.46779926762206914e-03,2,RE,+1.38221164538386115e-30
YUKAWA,GRID_19,+1.46779926762206896e-02,14,+1.46779926762206914e-03,2,IM,+7.12287426537326442e-14
YUKAWA,GRID_19,+1.46779926762206896e-02,14,+1.46779926762206914e-03,4,RE,-6.25507736852678289e-30
YUKAWA,GRID_19,+1.46779926762206896e-02,14,+1.46779926762206914e-03,4,IM,+6.28691984262884366e-14
YUKAWA,GRID_19,+1.46779926762206896e-02,14,+1.46779926762206914e-03,6,RE,-5.68331131919532172e-30
YUKAWA,GRID_19,+1.46779926762206896e-02,14,+1.46779926762206914e-03,6,IM,+4.01243314041029159e-14
YUKAWA,GRID_19,+1.46779926762206896e-02,15,+1.77827941003892275e-03,2,RE,-9.13310052307714325e-30
YUKAWA,GRID_19,+1.46779926762206896e-02,15,+1.77827941003892275e-03,2,IM,+6.83118017006790912e-14
YUKAWA,GRID_19,+1.46779926762206896e-02,15,+1.77827941003892275e-03,4,RE,-5.38654694341687397e-30
YUKAWA,GRID_19,+1.46779926762206896e-02,15,+1.77827941003892275e-03,4,IM,+5.92807538327312755e-14
YUKAWA,GRID_19,+1.46779926762206896e-02,15,+1.77827941003892275e-03,6,RE,-1.05406831749290063e-29
YUKAWA,GRID_19,+1.46779926762206896e-02,15,+1.77827941003892275e-03,6,IM,+3.71265006528703485e-14
YUKAWA,GRID_19,+1.46779926762206896e-02,16,+2.15443469003188210e-03,2,RE,+2.56569306215036159e-31
YUKAWA,GRID_19,+1.46779926762206896e-02,16,+2.15443469003188210e-03,2,IM,+6.49604342476109860e-14
YUKAWA,GRID_19,+1.46779926762206896e-02,16,+2.15443469003188210e-03,4,RE,-8.09865399459145959e-30
YUKAWA,GRID_19,+1.46779926762206896e-02,16,+2.15443469003188210e-03,4,IM,+5.52288998640242897e-14
YUKAWA,GRID_19,+1.46779926762206896e-02,16,+2.15443469003188210e-03,6,RE,-5.90559930440970075e-30
YUKAWA,GRID_19,+1.46779926762206896e-02,16,+2.15443469003188210e-03,6,IM,+3.38082718825558197e-14
YUKAWA,GRID_19,+1.46779926762206896e-02,17,+2.61015721568253574e-03,2,RE,-7.02676935606589073e-30
YUKAWA,GRID_19,+1.46779926762206896e-02,17,+2.61015721568253574e-03,2,IM,+6.11496396841265616e-14
YUKAWA,GRID_19,+1.46779926762206896e-02,17,+2.61015721568253574e-03,4,RE,-1.02770776350143739e-29
YUKAWA,GRID_19,+1.46779926762206896e-02,17,+2.61015721568253574e-03,4,IM,+5.07177453310140376e-14
YUKAWA,GRID_19,+1.46779926762206896e-02,17,+2.61015721568253574e-03,6,RE,-1.28994922719088313e-30
YUKAWA,GRID_19,+1.46779926762206896e-02,17,+2.61015721568253574e-03,6,IM,+3.02019784702623361e-14
YUKAWA,GRID_19,+1.46779926762206896e-02,18,+3.16227766016837939e-03,2,RE,-9.49376417233768795e-30
YUKAWA,GRID_19,+1.46779926762206896e-02,18,+3.16227766016837939e-03,2,IM,+5.68691838256103411e-14
YUKAWA,GRID_19,+1.46779926762206896e-02,18,+3.16227766016837939e-03,4,RE,-9.35060368837268852e-30
YUKAWA,GRID_19,+1.46779926762206896e-02,18,+3.16227766016837939e-03,4,IM,+4.57786800133404767e-14
YUKAWA,GRID_19,+1.46779926762206896e-02,18,+3.16227766016837939e-03,6,RE,-6.56977835354832163e-30
YUKAWA,GRID_19,+1.46779926762206896e-02,18,+3.16227766016837939e-03,6,IM,+2.63673525077152103e-14
YUKAWA,GRID_19,+1.46779926762206896e-02,19,+3.83118684955728508e-03,2,RE,-7.42935921971834896e-30
YUKAWA,GRID_19,+1.46779926762206896e-02,19,+3.83118684955728508e-03,2,IM,+5.21301058771788955e-14
YUKAWA,GRID_19,+1.46779926762206896e-02,19,+3.83118684955728508e-03,4,RE,-2.77503801585915509e-30
YUKAWA,GRID_19,+1.46779926762206896e-02,19,+3.83118684955728508e-03,4,IM,+4.04777070911749635e-14
YUKAWA,GRID_19,+1.46779926762206896e-02,19,+3.83118684955728508e-03,6,RE,-1.72636998131441368e-30
YUKAWA,GRID_19,+1.46779926762206896e-02,19,+3.83118684955728508e-03,6,IM,+2.23948963426104214e-14
YUKAWA,GRID_19,+1.46779926762206896e-02,20,+4.64158883361277721e-03,2,RE,-5.02536617889063582e-30
YUKAWA,GRID_19,+1.46779926762206896e-02,20,+4.64158883361277721e-03,2,IM,+4.69716395740954320e-14
YUKAWA,GRID_19,+1.46779926762206896e-02,20,+4.64158883361277721e-03,4,RE,+9.76402632406685415e-31
YUKAWA,GRID_19,+1.46779926762206896e-02,20,+4.64158883361277721e-03,4,IM,+3.49211014790824048e-14
YUKAWA,GRID_19,+1.46779926762206896e-02,20,+4.64158883361277721e-03,6,RE,-5.95698712895585126e-30
YUKAWA,GRID_19,+1.46779926762206896e-02,20,+4.64158883361277721e-03,6,IM,+1.84055450617117126e-14
YUKAWA,GRID_19,+1.46779926762206896e-02,21,+5.62341325190349097e-03,2,RE,+2.76985200418419777e-33
YUKAWA,GRID_19,+1.46779926762206896e-02,21,+5.62341325190349097e-03,2,IM,+4.14675878453575372e-14
YUKAWA,GRID_19,+1.46779926762206896e-02,21,+5.62341325190349097e-03,4,RE,-2.99914114549424486e-30
YUKAWA,GRID_19,+1.46779926762206896e-02,21,+5.62341325190349097e-03,4,IM,+2.92572342733250558e-14
YUKAWA,GRID_19,+1.46779926762206896e-02,21,+5.62341325190349097e-03,6,RE,-5.29307216106479604e-30
YUKAWA,GRID_19,+1.46779926762206896e-02,21,+5.62341325190349097e-03,6,IM,+1.45445981919098899e-14
YUKAWA,GRID_19,+1.46779926762206896e-02,22,+6.81292069057960834e-03,2,RE,+8.45284530841200361e-31
YUKAWA,GRID_19,+1.46779926762206896e-02,22,+6.81292069057960834e-03,2,IM,+3.57306981083813001e-14
YUKAWA,GRID_19,+1.46779926762206896e-02,22,+6.81292069057960834e-03,4,RE,+4.68640016079643589e-31
YUKAWA,GRID_19,+1.46779926762206896e-02,22,+6.81292069057960834e-03,4,IM,+2.36720304791042158e-14
YUKAWA,GRID_19,+1.46779926762206896e-02,22,+6.81292069057960834e-03,6,RE,-2.61946137841472674e-30
YUKAWA,GRID_19,+1.46779926762206896e-02,22,+6.81292069057960834e-03,6,IM,+1.09684391351831946e-14
YUKAWA,GRID_19,+1.46779926762206896e-02,23,+8.25404185268018183e-03,2,RE,-2.72446772262480043e-31
YUKAWA,GRID_19,+1.46779926762206896e-02,23,+8.25404185268018183e-03,2,IM,+2.99131457660026546e-14
YUKAWA,GRID_19,+1.46779926762206896e-02,23,+8.25404185268018183e-03,4,RE,-2.08115863179404287e-31
YUKAWA,GRID_19,+1.46779926762206896e-02,23,+8.25404185268018183e-03,4,IM,+1.83757957759239708e-14
YUKAWA,GRID_19,+1.46779926762206896e-02,23,+8.25404185268018183e-03,6,RE,-3.13575715499941215e-30
YUKAWA,GRID_19,+1.46779926762206896e-02,23,+8.25404185268018183e-03,6,IM,+7.82416484691298181e-15
YUKAWA,GRID_19,+1.46779926762206896e-02,24,+1.00000000000000002e-02,2,RE,+8.26817439664017729e-31
YUKAWA,GRID_19,+1.46779926762206896e-02,24,+1.00000000000000002e-02,2,IM,+2.42010412657679071e-14
YUKAWA,GRID_19,+1.46779926762206896e-02,24,+1.00000000000000002e-02,4,RE,-7.85886799585581637e-31
YUKAWA,GRID_19,+1.46779926762206896e-02,24,+1.00000000000000002e-02,4,IM,+1.35805095593060094e-14
YUKAWA,GRID_19,+1.46779926762206896e-02,24,+1.00000000000000002e-02,6,RE,+7.33695775713780392e-32
YUKAWA,GRID_19,+1.46779926762206896e-02,24,+1.00000000000000002e-02,6,IM,+5.22498050374405678e-15
YUKAWA,GRID_20,+2.15443469003188219e-02,0,+1.00000000000000005e-04,2,RE,-1.90900818844824813e-29
YUKAWA,GRID_20,+2.15443469003188219e-02,0,+1.00000000000000005e-04,2,IM,+1.04247138393547542e-13
YUKAWA,GRID_20,+2.15443469003188219e-02,0,+1.00000000000000005e-04,4,RE,-1.66058824512813220e-29
YUKAWA,GRID_20,+2.15443469003188219e-02,0,+1.00000000000000005e-04,4,IM,+9.05347906210073367e-14
YUKAWA,GRID_20,+2.15443469003188219e-02,0,+1.00000000000000005e-04,6,RE,-8.48526820299349349e-30
YUKAWA,GRID_20,+2.15443469003188219e-02,0,+1.00000000000000005e-04,6,IM,+6.04026814180267498e-14
YUKAWA,GRID_20,+2.15443469003188219e-02,1,+1.21152765862858885e-04,2,RE,+2.94700737831032872e-30
YUKAWA,GRID_20,+2.15443469003188219e-02,1,+1.21152765862858885e-04,2,IM,+1.03972046755976382e-13
YUKAWA,GRID_20,+2.15443469003188219e-02,1,+1.21152765862858885e-04,4,RE,-7.34824674833083465e-30
YUKAWA,GRID_20,+2.15443469003188219e-02,1,+1.21152765862858885e-04,4,IM,+9.01800158039112268e-14
YUKAWA,GRID_20,+2.15443469003188219e-02,1,+1.21152765862858885e-04,6,RE,-1.14170828908387301e-29
YUKAWA,GRID_20,+2.15443469003188219e-02,1,+1.21152765862858885e-04,6,IM,+6.00844196246399322e-14
YUKAWA,GRID_20,+2.15443469003188219e-02,2,+1.46779926762206892e-04,2,RE,-1.05495466377329194e-29
YUKAWA,GRID_20,+2.15443469003188219e-02,2,+1.46779926762206892e-04,2,IM,+1.03639961390973590e-13
YUKAWA,GRID_20,+2.15443469003188219e-02,2,+1.46779926762206892e-04,4,RE,-6.65264853806541172e-30
YUKAWA,GRID_20,+2.15443469003188219e-02,2,+1.46779926762206892e-04,4,IM,+8.97522798941651737e-14
YUKAWA,GRID_20,+2.15443469003188219e-02,2,+1.46779926762206892e-04,6,RE,-9.36267847703615037e-30
YUKAWA,GRID_20,+2.15443469003188219e-02,2,+1.46779926762206892e-04,6,IM,+5.97012438607520312e-14
YUKAWA,GRID_20,+2.15443469003188219e-02,3,+1.77827941003892270e-04,2,RE,-2.90636617324832198e-29
YUKAWA,GRID_20,+2.15443469003188219e-02,3,+1.77827941003892270e-04,2,IM,+1.03239376600038082e-13
YUKAWA,GRID_20,+2.15443469003188219e-02,3,+1.77827941003892270e-04,4,RE,-1.18000203728585094e-29
YUKAWA,GRID_20,+2.15443469003188219e-02,3,+1.77827941003892270e-04,4,IM,+8.92371050739679569e-14
YUKAWA,GRID_20,+2.15443469003188219e-02,3,+1.77827941003892270e-04,6,RE,-1.36039191440278573e-29
YUKAWA,GRID_20,+2.15443469003188219e-02,3,+1.77827941003892270e-04,6,IM,+5.92405222629230003e-14
YUKAWA,GRID_20,+2.15443469003188219e-02,4,+2.15443469003188449e-04,2,RE,-2.60886741178925029e-29
YUKAWA,GRID_20,+2.15443469003188219e-02,4,+2.15443469003188449e-04,2,IM,+1.02756603102641629e-13
YUKAWA,GRID_20,+2.15443469003188219e-02,4,+2.15443469003188449e-04,4,RE,-1.00535699925064422e-29
YUKAWA,GRID_20,+2.15443469003188219e-02,4,+2.15443469003188449e-04,4,IM,+8.86173833609727820e-14
YUKAWA,GRID_20,+2.15443469003188219e-02,4,+2.15443469003188449e-04,6,RE,-1.01814530278806929e-29
YUKAWA,GRID_20,+2.15443469003188219e-02,4,+2.15443469003188449e-04,6,IM,+5.86874447619213493e-14
YUKAWA,GRID_20,+2.15443469003188219e-02,5,+2.61015721568253574e-04,2,RE,-3.34253885148998067e-30
YUKAWA,GRID_20,+2.15443469003188219e-02,5,+2.61015721568253574e-04,2,IM,+1.02175417797831173e-13
YUKAWA,GRID_20,+2.15443469003188219e-02,5,+2.61015721568253574e-04,4,RE,-1.20809487422639201e-29
YUKAWA,GRID_20,+2.15443469003188219e-02,5,+2.61015721568253574e-04,4,IM,+8.78730113933506624e-14
YUKAWA,GRID_20,+2.15443469003188219e-02,5,+2.61015721568253574e-04,6,RE,-7.43388645012162500e-30
YUKAWA,GRID_20,+2.15443469003188219e-02,5,+2.61015721568253574e-04,6,IM,+5.80247779314818260e-14
YUKAWA,GRID_20,+2.15443469003188219e-02,6,+3.16227766016837939e-04,2,RE,-1.29648772992673263e-29
YUKAWA,GRID_20,+2.15443469003188219e-02,6,+3.16227766016837939e-04,2,IM,+1.01476687646853961e-13
YUKAWA,GRID_20,+2.15443469003188219e-02,6,+3.16227766016837939e-04,4,RE,-9.14466772527655379e-30
YUKAWA,GRID_20,+2.15443469003188219e-02,6,+3.16227766016837939e-04,4,IM,+8.69805291158289499e-14
YUKAWA,GRID_20,+2.15443469003188219e-02,6,+3.16227766016837939e-04,6,RE,-8.19270161521906973e-30
YUKAWA,GRID_20,+2.15443469003188219e-02,6,+3.16227766016837939e-04,6,IM,+5.72326574353403949e-14
YUKAWA,GRID_20,+2.15443469003188219e-02,7,+3.83118684955728529e-04,2,RE,-1.47234078980666635e-29
YUKAWA,GRID_20,+2.15443469003188219e-02,7,+3.83118684955728529e-04,2,IM,+1.00637981811129986e-13
YUKAWA,GRID_20,+2.15443469003188219e-02,7,+3.83118684955728529e-04,4,RE,-1.09648600299574299e-29
YUKAWA,GRID_20,+2.15443469003188219e-02,7,+3.83118684955728529e-04,4,IM,+8.59127951363767510e-14
YUKAWA,GRID_20,+2.15443469003188219e-02,7,+3.83118684955728529e-04,6,RE,-1.29640941868563187e-29
YUKAWA,GRID_20,+2.15443469003188219e-02,7,+3.83118684955728529e-04,6,IM,+5.62884596330710612e-14
YUKAWA,GRID_20,+2.15443469003188219e-02,8,+4.64158883361277732e-04,2,RE,-4.69274031068820997e-30
YUKAWA,GRID_20,+2.15443469003188219e-02,8,+4.64158883361277732e-04,2,IM,+9.96331962574920307e-14
YUKAWA,GRID_20,+2.15443469003188219e-02,8,+4.64158883361277732e-04,4,RE,-1.19993151349219929e-29
YUKAWA,GRID_20,+2.15443469003188219e-02,8,+4.64158883361277732e-04,4,IM,+8.46387491578700984e-14
YUKAWA,GRID_20,+2.15443469003188219e-02,8,+4.64158883361277732e-04,6,RE,-1.08626365405491498e-29
YUKAWA,GRID_20,+2.15443469003188219e-02,8,+4.64158883361277732e-04,6,IM,+5.51668126927732921e-14
YUKAWA,GRID_20,+2.15443469003188219e-02,9,+5.62341325190349097e-04,2,RE,-1.47442774543010686e-29
YUKAWA,GRID_20,+2.15443469003188219e-02,9,+5.62341325190349097e-04,2,IM,+9.84322291614085011e-14
YUKAWA,GRID_20,+2.15443469003188219e-02,9,+5.62341325190349097e-04,4,RE,-1.60925469119246777e-29
YUKAWA,GRID_20,+2.15443469003188219e-02,9,+5.62341325190349097e-04,4,IM,+8.31233354301672171e-14
YUKAWA,GRID_20,+2.15443469003188219e-02,9,+5.62341325190349097e-04,6,RE,-8.81522567447236925e-30
YUKAWA,GRID_20,+2.15443469003188219e-02,9,+5.62341325190349097e-04,6,IM,+5.38398312648234833e-14
YUKAWA,GRID_20,+2.15443469003188219e-02,10,+6.81292069057960856e-04,2,RE,-6.56380706127960412e-30
YUKAWA,GRID_20,+2.15443469003188219e-02,10,+6.81292069057960856e-04,2,IM,+9.70007644733558266e-14
YUKAWA,GRID_20,+2.15443469003188219e-02,10,+6.81292069057960856e-04,4,RE,-6.63665375567681121e-30
YUKAWA,GRID_20,+2.15443469003188219e-02,10,+6.81292069057960856e-04,4,IM,+8.13276911592342478e-14
YUKAWA,GRID_20,+2.15443469003188219e-02,10,+6.81292069057960856e-04,6,RE,-1.00376531990160567e-29
YUKAWA,GRID_20,+2.15443469003188219e-02,10,+6.81292069057960856e-04,6,IM,+5.22776867075837008e-14
YUKAWA,GRID_20,+2.15443469003188219e-02,11,+8.25404185268018118e-04,2,RE,+1.48060962078259119e-30
YUKAWA,GRID_20,+2.15443469003188219e-02,11,+8.25404185268018118e-04,2,IM,+9.53002455653175236e-14
YUKAWA,GRID_20,+2.15443469003188219e-02,11,+8.25404185268018118e-04,4,RE,-6.19007879202952581e-30
YUKAWA,GRID_20,+2.15443469003188219e-02,11,+8.25404185268018118e-04,4,IM,+7.92097397017974452e-14
YUKAWA,GRID_20,+2.15443469003188219e-02,11,+8.25404185268018118e-04,6,RE,-1.37925316133371348e-29
YUKAWA,GRID_20,+2.15443469003188219e-02,11,+8.25404185268018118e-04,6,IM,+5.04496543935347876e-14
YUKAWA,GRID_20,+2.15443469003188219e-02,12,+1.00000000000000002e-03,2,RE,-1.49014462109543946e-29
YUKAWA,GRID_20,+2.15443469003188219e-02,12,+1.00000000000000002e-03,2,IM,+9.32881508268569314e-14
YUKAWA,GRID_20,+2.15443469003188219e-02,12,+1.00000000000000002e-03,4,RE,-4.49152506822213835e-30
YUKAWA,GRID_20,+2.15443469003188219e-02,12,+1.00000000000000002e-03,4,IM,+7.67253674565432141e-14
YUKAWA,GRID_20,+2.15443469003188219e-02,12,+1.00000000000000002e-03,6,RE,-1.22906080696985676e-29
YUKAWA,GRID_20,+2.15443469003188219e-02,12,+1.00000000000000002e-03,6,IM,+4.83258047842850376e-14
YUKAWA,GRID_20,+2.15443469003188219e-02,13,+1.21152765862858765e-03,2,RE,-2.39218433815503905e-29
YUKAWA,GRID_20,+2.15443469003188219e-02,13,+1.21152765862858765e-03,2,IM,+9.09187168878953835e-14
YUKAWA,GRID_20,+2.15443469003188219e-02,13,+1.21152765862858765e-03,4,RE,-9.34721254204390680e-30
YUKAWA,GRID_20,+2.15443469003188219e-02,13,+1.21152765862858765e-03,4,IM,+7.38303991901557008e-14
YUKAWA,GRID_20,+2.15443469003188219e-02,13,+1.21152765862858765e-03,6,RE,-1.51632927619280225e-29
YUKAWA,GRID_20,+2.15443469003188219e-02,13,+1.21152765862858765e-03,6,IM,+4.58795145774554738e-14
YUKAWA,GRID_20,+2.15443469003188219e-02,14,+1.46779926762206914e-03,2,RE,-7.19155296248015381e-31
YUKAWA,GRID_20,+2.15443469003188219e-02,14,+1.46779926762206914e-03,2,IM,+8.81442888182992898e-14
YUKAWA,GRID_20,+2.15443469003188219e-02,14,+1.46779926762206914e-03,4,RE,-9.20081135169102121e-30
YUKAWA,GRID_20,+2.15443469003188219e-02,14,+1.46779926762206914e-03,4,IM,+7.04836068719927720e-14
YUKAWA,GRID_20,+2.15443469003188219e-02,14,+1.46779926762206914e-03,6,RE,-1.21891084671285441e-29
YUKAWA,GRID_20,+2.15443469003188219e-02,14,+1.46779926762206914e-03,6,IM,+4.30909499959210229e-14
YUKAWA,GRID_20,+2.15443469003188219e-02,15,+1.77827941003892275e-03,2,RE,-1.87282387403536588e-29
YUKAWA,GRID_20,+2.15443469003188219e-02,15,+1.77827941003892275e-03,2,IM,+8.49175024846306145e-14
YUKAWA,GRID_20,+2.15443469003188219e-02,15,+1.77827941003892275e-03,4,RE,-1.01077020211003052e-29
YUKAWA,GRID_20,+2.15443469003188219e-02,15,+1.77827941003892275e-03,4,IM,+6.66509717128187346e-14
YUKAWA,GRID_20,+2.15443469003188219e-02,15,+1.77827941003892275e-03,6,RE,-7.70706463290532865e-30
YUKAWA,GRID_20,+2.15443469003188219e-02,15,+1.77827941003892275e-03,6,IM,+3.99515896662789325e-14
YUKAWA,GRID_20,+2.15443469003188219e-02,16,+2.15443469003188210e-03,2,RE,+7.88543697892242789e-30
YUKAWA,GRID_20,+2.15443469003188219e-02,16,+2.15443469003188210e-03,2,IM,+8.11945095041976533e-14
YUKAWA,GRID_20,+2.15443469003188219e-02,16,+2.15443469003188210e-03,4,RE,-2.02748164429632183e-30
YUKAWA,GRID_20,+2.15443469003188219e-02,16,+2.15443469003188210e-03,4,IM,+6.23113383965534229e-14
YUKAWA,GRID_20,+2.15443469003188219e-02,16,+2.15443469003188210e-03,6,RE,-8.55740481557342152e-30
YUKAWA,GRID_20,+2.15443469003188219e-02,16,+2.15443469003188210e-03,6,IM,+3.64696764071913851e-14
YUKAWA,GRID_20,+2.15443469003188219e-02,17,+2.61015721568253574e-03,2,RE,-1.18737431542612533e-29
YUKAWA,GRID_20,+2.15443469003188219e-02,17,+2.61015721568253574e-03,2,IM,+7.69394213696827958e-14
YUKAWA,GRID_20,+2.15443469003188219e-02,17,+2.61015721568253574e-03,4,RE,-8.01404613560816390e-30
YUKAWA,GRID_20,+2.15443469003188219e-02,17,+2.61015721568253574e-03,4,IM,+5.74634166943279850e-14
YUKAWA,GRID_20,+2.15443469003188219e-02,17,+2.61015721568253574e-03,6,RE,-4.90899858118258491e-30
YUKAWA,GRID_20,+2.15443469003188219e-02,17,+2.61015721568253574e-03,6,IM,+3.26761836477510492e-14
YUKAWA,GRID_20,+2.15443469003188219e-02,18,+3.16227766016837939e-03,2,RE,-7.68796393301829624e-33
YUKAWA,GRID_20,+2.15443469003188219e-02,18,+3.16227766016837939e-03,2,IM,+7.21300525076294882e-14
YUKAWA,GRID_20,+2.15443469003188219e-02,18,+3.16227766016837939e-03,4,RE,-3.51056350735618005e-30
YUKAWA,GRID_20,+2.15443469003188219e-02,18,+3.16227766016837939e-03,4,IM,+5.21337597343386066e-14
YUKAWA,GRID_20,+2.15443469003188219e-02,18,+3.16227766016837939e-03,6,RE,-6.87477806981548686e-30
YUKAWA,GRID_20,+2.15443469003188219e-02,18,+3.16227766016837939e-03,6,IM,+2.86304402570788984e-14
YUKAWA,GRID_20,+2.15443469003188219e-02,19,+3.83118684955728508e-03,2,RE,-2.71168357404943815e-30
YUKAWA,GRID_20,+2.15443469003188219e-02,19,+3.83118684955728508e-03,2,IM,+6.67648563346990100e-14
YUKAWA,GRID_20,+2.15443469003188219e-02,19,+3.83118684955728508e-03,4,RE,-4.83064469658163977e-30
YUKAWA,GRID_20,+2.15443469003188219e-02,19,+3.83118684955728508e-03,4,IM,+4.63848562913433370e-14
YUKAWA,GRID_20,+2.15443469003188219e-02,19,+3.83118684955728508e-03,6,RE,-2.10769585172174255e-30
YUKAWA,GRID_20,+2.15443469003188219e-02,19,+3.83118684955728508e-03,6,IM,+2.44240150594918203e-14
YUKAWA,GRID_20,+2.15443469003188219e-02,20,+4.64158883361277721e-03,2,RE,+4.18920253137112173e-30
YUKAWA,GRID_20,+2.15443469003188219e-02,20,+4.64158883361277721e-03,2,IM,+6.08706526056604489e-14
YUKAWA,GRID_20,+2.15443469003188219e-02,20,+4.64158883361277721e-03,4,RE,+2.71177419000878035e-30
YUKAWA,GRID_20,+2.15443469003188219e-02,20,+4.64158883361277721e-03,4,IM,+4.03218370141642399e-14
YUKAWA,GRID_20,+2.15443469003188219e-02,20,+4.64158883361277721e-03,6,RE,-9.51326528401301235e-31
YUKAWA,GRID_20,+2.15443469003188219e-02,20,+4.64158883361277721e-03,6,IM,+2.01809503371596194e-14
YUKAWA,GRID_20,+2.15443469003188219e-02,21,+5.62341325190349097e-03,2,RE,-5.79616189531585821e-30
YUKAWA,GRID_20,+2.15443469003188219e-02,21,+5.62341325190349097e-03,2,IM,+5.45103334784770908e-14
YUKAWA,GRID_20,+2.15443469003188219e-02,21,+5.62341325190349097e-03,4,RE,+2.53375332336267972e-30
YUKAWA,GRID_20,+2.15443469003188219e-02,21,+5.62341325190349097e-03,4,IM,+3.40956176755766625e-14
YUKAWA,GRID_20,+2.15443469003188219e-02,21,+5.62341325190349097e-03,6,RE,-4.14001247857423005e-30
YUKAWA,GRID_20,+2.15443469003188219e-02,21,+5.62341325190349097e-03,6,IM,+1.60522141744735850e-14
YUKAWA,GRID_20,+2.15443469003188219e-02,22,+6.81292069057960834e-03,2,RE,-5.21028656361943987e-30
YUKAWA,GRID_20,+2.15443469003188219e-02,22,+6.81292069057960834e-03,2,IM,+4.77892365640318895e-14
YUKAWA,GRID_20,+2.15443469003188219e-02,22,+6.81292069057960834e-03,4,RE,-1.82466236921917900e-30
YUKAWA,GRID_20,+2.15443469003188219e-02,22,+6.81292069057960834e-03,4,IM,+2.78998214519348632e-14
YUKAWA,GRID_20,+2.15443469003188219e-02,22,+6.81292069057960834e-03,6,RE,-2.25993869104458426e-30
YUKAWA,GRID_20,+2.15443469003188219e-02,22,+6.81292069057960834e-03,6,IM,+1.22027004246582292e-14
YUKAWA,GRID_20,+2.15443469003188219e-02,23,+8.25404185268018183e-03,2,RE,-8.92411986279183235e-31
YUKAWA,GRID_20,+2.15443469003188219e-02,23,+8.25404185268018183e-03,2,IM,+4.08583631981577449e-14
YUKAWA,GRID_20,+2.15443469003188219e-02,23,+8.25404185268018183e-03,4,RE,-4.44704901722702299e-31
YUKAWA,GRID_20,+2.15443469003188219e-02,23,+8.25404185268018183e-03,4,IM,+2.19589191488969981e-14
YUKAWA,GRID_20,+2.15443469003188219e-02,23,+8.25404185268018183e-03,6,RE,-3.38260371348715981e-31
YUKAWA,GRID_20,+2.15443469003188219e-02,23,+8.25404185268018183e-03,6,IM,+8.79063744424892796e-15
YUKAWA,GRID_20,+2.15443469003188219e-02,24,+1.00000000000000002e-02,2,RE,+1.77949374954217744e-32
YUKAWA,GRID_20,+2.15443469003188219e-02,24,+1.00000000000000002e-02,2,IM,+3.39122469397917219e-14
YUKAWA,GRID_20,+2.15443469003188219e-02,24,+1.00000000000000002e-02,4,RE,+5.82565309090300679e-31
YUKAWA,GRID_20,+2.15443469003188219e-02,24,+1.00000000000000002e-02,4,IM,+1.65061736782840491e-14
YUKAWA,GRID_20,+2.15443469003188219e-02,24,+1.00000000000000002e-02,6,RE,-1.12610537807016281e-30
YUKAWA,GRID_20,+2.15443469003188219e-02,24,+1.00000000000000002e-02,6,IM,+5.94199657763800189e-15
YUKAWA,GRID_21,+3.16227766016837913e-02,0,+1.00000000000000005e-04,2,RE,-2.01743704381530770e-29
YUKAWA,GRID_21,+3.16227766016837913e-02,0,+1.00000000000000005e-04,2,IM,+1.16258119048683010e-13
YUKAWA,GRID_21,+3.16227766016837913e-02,0,+1.00000000000000005e-04,4,RE,-1.52276391695176801e-29
YUKAWA,GRID_21,+3.16227766016837913e-02,0,+1.00000000000000005e-04,4,IM,+9.52547709006519720e-14
YUKAWA,GRID_21,+3.16227766016837913e-02,0,+1.00000000000000005e-04,6,RE,-1.25392792299858572e-29
YUKAWA,GRID_21,+3.16227766016837913e-02,0,+1.00000000000000005e-04,6,IM,+6.22460453649297924e-14
YUKAWA,GRID_21,+3.16227766016837913e-02,1,+1.21152765862858885e-04,2,RE,-1.60508078534231868e-29
YUKAWA,GRID_21,+3.16227766016837913e-02,1,+1.21152765862858885e-04,2,IM,+1.15971087156068541e-13
YUKAWA,GRID_21,+3.16227766016837913e-02,1,+1.21152765862858885e-04,4,RE,-1.18156253661477636e-29
YUKAWA,GRID_21,+3.16227766016837913e-02,1,+1.21152765862858885e-04,4,IM,+9.48906278833666507e-14
YUKAWA,GRID_21,+3.16227766016837913e-02,1,+1.21152765862858885e-04,6,RE,-8.09840235176304972e-30
YUKAWA,GRID_21,+3.16227766016837913e-02,1,+1.21152765862858885e-04,6,IM,+6.19220854157038095e-14
YUKAWA,GRID_21,+3.16227766016837913e-02,2,+1.46779926762206892e-04,2,RE,-5.52694594813622154e-30
YUKAWA,GRID_21,+3.16227766016837913e-02,2,+1.46779926762206892e-04,2,IM,+1.15624537424429635e-13
YUKAWA,GRID_21,+3.16227766016837913e-02,2,+1.46779926762206892e-04,4,RE,-9.95007012631842440e-30
YUKAWA,GRID_21,+3.16227766016837913e-02,2,+1.46779926762206892e-04,4,IM,+9.44515574508692676e-14
YUKAWA,GRID_21,+3.16227766016837913e-02,2,+1.46779926762206892e-04,6,RE,-1.99847977293440546e-29
YUKAWA,GRID_21,+3.16227766016837913e-02,2,+1.46779926762206892e-04,6,IM,+6.15320241460725842e-14
YUKAWA,GRID_21,+3.16227766016837913e-02,3,+1.77827941003892270e-04,2,RE,-2.26691444716599012e-30
YUKAWA,GRID_21,+3.16227766016837913e-02,3,+1.77827941003892270e-04,2,IM,+1.15206431112306771e-13
YUKAWA,GRID_21,+3.16227766016837913e-02,3,+1.77827941003892270e-04,4,RE,-8.98003962352786645e-30
YUKAWA,GRID_21,+3.16227766016837913e-02,3,+1.77827941003892270e-04,4,IM,+9.39226731077768626e-14
YUKAWA,GRID_21,+3.16227766016837913e-02,3,+1.77827941003892270e-04,6,RE,-6.55372661352580834e-30
YUKAWA,GRID_21,+3.16227766016837913e-02,3,+1.77827941003892270e-04,6,IM,+6.10629869563795316e-14
YUKAWA,GRID_21,+3.16227766016837913e-02,4,+2.15443469003188449e-04,2,RE,-1.47541244121094127e-29
YUKAWA,GRID_21,+3.16227766016837913e-02,4,+2.15443469003188449e-04,2,IM,+1.14702433656796417e-13
YUKAWA,GRID_21,+3.16227766016837913e-02,4,+2.15443469003188449e-04,4,RE,-1.43391655298860686e-29
YUKAWA,GRID_21,+3.16227766016837913e-02,4,+2.15443469003188449e-04,4,IM,+9.32863752093027609e-14
YUKAWA,GRID_21,+3.16227766016837913e-02,4,+2.15443469003188449e-04,6,RE,-2.48436559213454630e-30
YUKAWA,GRID_21,+3.16227766016837913e-02,4,+2.15443469003188449e-04,6,IM,+6.04998736447965126e-14
YUKAWA,GRID_21,+3.16227766016837913e-02,5,+2.61015721568253574e-04,2,RE,-9.70559991061203961e-30
YUKAWA,GRID_21,+3.16227766016837913e-02,5,+2.61015721568253574e-04,2,IM,+1.14095541012386229e-13
YUKAWA,GRID_21,+3.16227766016837913e-02,5,+2.61015721568253574e-04,4,RE,-1.37386059304084742e-29
YUKAWA,GRID_21,+3.16227766016837913e-02,5,+2.61015721568253574e-04,4,IM,+9.25219698619624226e-14
YUKAWA,GRID_21,+3.16227766016837913e-02,5,+2.61015721568253574e-04,6,RE,-7.53614133100004240e-30
YUKAWA,GRID_21,+3.16227766016837913e-02,5,+2.61015721568253574e-04,6,IM,+5.98251050822832160e-14
YUKAWA,GRID_21,+3.16227766016837913e-02,6,+3.16227766016837939e-04,2,RE,-4.86209771649741934e-30
YUKAWA,GRID_21,+3.16227766016837913e-02,6,+3.16227766016837939e-04,2,IM,+1.13365675364015589e-13
YUKAWA,GRID_21,+3.16227766016837913e-02,6,+3.16227766016837939e-04,4,RE,-1.42129259013868607e-29
YUKAWA,GRID_21,+3.16227766016837913e-02,6,+3.16227766016837939e-04,4,IM,+9.16052891811931676e-14
YUKAWA,GRID_21,+3.16227766016837913e-02,6,+3.16227766016837939e-04,6,RE,-1.22413842411003120e-29
YUKAWA,GRID_21,+3.16227766016837913e-02,6,+3.16227766016837939e-04,6,IM,+5.90184066233026990e-14
YUKAWA,GRID_21,+3.16227766016837913e-02,7,+3.83118684955728529e-04,2,RE,-2.25450901372627274e-29
YUKAWA,GRID_21,+3.16227766016837913e-02,7,+3.83118684955728529e-04,2,IM,+1.12489263484482682e-13
YUKAWA,GRID_21,+3.16227766016837913e-02,7,+3.83118684955728529e-04,4,RE,-1.53804595474062820e-29
YUKAWA,GRID_21,+3.16227766016837913e-02,7,+3.83118684955728529e-04,4,IM,+9.05083455422710378e-14
YUKAWA,GRID_21,+3.16227766016837913e-02,7,+3.83118684955728529e-04,6,RE,-8.39797722143369422e-30
YUKAWA,GRID_21,+3.16227766016837913e-02,7,+3.83118684955728529e-04,6,IM,+5.80566700322504395e-14
YUKAWA,GRID_21,+3.16227766016837913e-02,8,+4.64158883361277732e-04,2,RE,-9.10279210658109088e-30
YUKAWA,GRID_21,+3.16227766016837913e-02,8,+4.64158883361277732e-04,2,IM,+1.11438820996567238e-13
YUKAWA,GRID_21,+3.16227766016837913e-02,8,+4.64158883361277732e-04,4,RE,-1.52751201557156275e-29
YUKAWA,GRID_21,+3.16227766016837913e-02,8,+4.64158883361277732e-04,4,IM,+8.91990702703689026e-14
YUKAWA,GRID_21,+3.16227766016837913e-02,8,+4.64158883361277732e-04,6,RE,-1.39135835537997761e-29
YUKAWA,GRID_21,+3.16227766016837913e-02,8,+4.64158883361277732e-04,6,IM,+5.69139547210656960e-14
YUKAWA,GRID_21,+3.16227766016837913e-02,9,+5.62341325190349097e-04,2,RE,-1.46326194186236692e-29
YUKAWA,GRID_21,+3.16227766016837913e-02,9,+5.62341325190349097e-04,2,IM,+1.10182579877830594e-13
YUKAWA,GRID_21,+3.16227766016837913e-02,9,+5.62341325190349097e-04,4,RE,-7.14534128482756427e-30
YUKAWA,GRID_21,+3.16227766016837913e-02,9,+5.62341325190349097e-04,4,IM,+8.76412110693499824e-14
YUKAWA,GRID_21,+3.16227766016837913e-02,9,+5.62341325190349097e-04,6,RE,-8.09518990323875101e-30
YUKAWA,GRID_21,+3.16227766016837913e-02,9,+5.62341325190349097e-04,6,IM,+5.55617131520447980e-14
YUKAWA,GRID_21,+3.16227766016837913e-02,10,+6.81292069057960856e-04,2,RE,-1.14820746251452701e-29
YUKAWA,GRID_21,+3.16227766016837913e-02,10,+6.81292069057960856e-04,2,IM,+1.08684215637307992e-13
YUKAWA,GRID_21,+3.16227766016837913e-02,10,+6.81292069057960856e-04,4,RE,-1.24200319076000662e-29
YUKAWA,GRID_21,+3.16227766016837913e-02,10,+6.81292069057960856e-04,4,IM,+8.57944930069166553e-14
YUKAWA,GRID_21,+3.16227766016837913e-02,10,+6.81292069057960856e-04,6,RE,-3.49780276253125276e-30
YUKAWA,GRID_21,+3.16227766016837913e-02,10,+6.81292069057960856e-04,6,IM,+5.39693537250271950e-14
YUKAWA,GRID_21,+3.16227766016837913e-02,11,+8.25404185268018118e-04,2,RE,-2.00290564406592781e-29
YUKAWA,GRID_21,+3.16227766016837913e-02,11,+8.25404185268018118e-04,2,IM,+1.06902755388183198e-13
YUKAWA,GRID_21,+3.16227766016837913e-02,11,+8.25404185268018118e-04,4,RE,-9.52538447676499217e-30
YUKAWA,GRID_21,+3.16227766016837913e-02,11,+8.25404185268018118e-04,4,IM,+8.36151846165879056e-14
YUKAWA,GRID_21,+3.16227766016837913e-02,11,+8.25404185268018118e-04,6,RE,-1.06763724692080941e-29
YUKAWA,GRID_21,+3.16227766016837913e-02,11,+8.25404185268018118e-04,6,IM,+5.21052847738514020e-14
YUKAWA,GRID_21,+3.16227766016837913e-02,12,+1.00000000000000002e-03,2,RE,-7.31527413132896623e-30
YUKAWA,GRID_21,+3.16227766016837913e-02,12,+1.00000000000000002e-03,2,IM,+1.04792778567373242e-13
YUKAWA,GRID_21,+3.16227766016837913e-02,12,+1.00000000000000002e-03,4,RE,-8.08692634524171747e-30
YUKAWA,GRID_21,+3.16227766016837913e-02,12,+1.00000000000000002e-03,4,IM,+8.10572510867923512e-14
YUKAWA,GRID_21,+3.16227766016837913e-02,12,+1.00000000000000002e-03,6,RE,-4.41409469883182143e-30
YUKAWA,GRID_21,+3.16227766016837913e-02,12,+1.00000000000000002e-03,6,IM,+4.99386095333082705e-14
YUKAWA,GRID_21,+3.16227766016837913e-02,13,+1.21152765862858765e-03,2,RE,-1.82886318248523408e-29
YUKAWA,GRID_21,+3.16227766016837913e-02,13,+1.21152765862858765e-03,2,IM,+1.02305056996776596e-13
YUKAWA,GRID_21,+3.16227766016837913e-02,13,+1.21152765862858765e-03,4,RE,-4.18904550273322000e-30
YUKAWA,GRID_21,+3.16227766016837913e-02,13,+1.21152765862858765e-03,4,IM,+7.80743143347422657e-14
YUKAWA,GRID_21,+3.16227766016837913e-02,13,+1.21152765862858765e-03,6,RE,-7.06299637667315276e-30
YUKAWA,GRID_21,+3.16227766016837913e-02,13,+1.21152765862858765e-03,6,IM,+4.74416529893741351e-14
YUKAWA,GRID_21,+3.16227766016837913e-02,14,+1.46779926762206914e-03,2,RE,-7.69744836249727162e-30
YUKAWA,GRID_21,+3.16227766016837913e-02,14,+1.46779926762206914e-03,2,IM,+9.93878167039605977e-14
YUKAWA,GRID_21,+3.16227766016837913e-02,14,+1.46779926762206914e-03,4,RE,-6.15546767306943788e-30
YUKAWA,GRID_21,+3.16227766016837913e-02,14,+1.46779926762206914e-03,4,IM,+7.46226629977447999e-14
YUKAWA,GRID_21,+3.16227766016837913e-02,14,+1.46779926762206914e-03,6,RE,-1.13960041981387925e-29
YUKAWA,GRID_21,+3.16227766016837913e-02,14,+1.46779926762206914e-03,6,IM,+4.45934790798192506e-14
YUKAWA,GRID_21,+3.16227766016837913e-02,15,+1.77827941003892275e-03,2,RE,+2.72711896426316689e-30
YUKAWA,GRID_21,+3.16227766016837913e-02,15,+1.77827941003892275e-03,2,IM,+9.59888332264412276e-14
YUKAWA,GRID_21,+3.16227766016837913e-02,15,+1.77827941003892275e-03,4,RE,-2.58083430604961947e-30
YUKAWA,GRID_21,+3.16227766016837913e-02,15,+1.77827941003892275e-03,4,IM,+7.06655439974646241e-14
YUKAWA,GRID_21,+3.16227766016837913e-02,15,+1.77827941003892275e-03,6,RE,-6.53231367103236809e-30
YUKAWA,GRID_21,+3.16227766016837913e-02,15,+1.77827941003892275e-03,6,IM,+4.13844740588531432e-14
YUKAWA,GRID_21,+3.16227766016837913e-02,16,+2.15443469003188210e-03,2,RE,-5.86189684598064146e-30
YUKAWA,GRID_21,+3.16227766016837913e-02,16,+2.15443469003188210e-03,2,IM,+9.20585829815974754e-14
YUKAWA,GRID_21,+3.16227766016837913e-02,16,+2.15443469003188210e-03,4,RE,-4.28078235418408117e-30
YUKAWA,GRID_21,+3.16227766016837913e-02,16,+2.15443469003188210e-03,4,IM,+6.61788917754209174e-14
YUKAWA,GRID_21,+3.16227766016837913e-02,16,+2.15443469003188210e-03,6,RE,-6.53875427393182557e-30
YUKAWA,GRID_21,+3.16227766016837913e-02,16,+2.15443469003188210e-03,6,IM,+3.78218953856929815e-14
YUKAWA,GRID_21,+3.16227766016837913e-02,17,+2.61015721568253574e-03,2,RE,-1.10883839071309045e-29
YUKAWA,GRID_21,+3.16227766016837913e-02,17,+2.61015721568253574e-03,2,IM,+8.75546479872724543e-14
YUKAWA,GRID_21,+3.16227766016837913e-02,17,+2.61015721568253574e-03,4,RE,-5.00427171272224481e-30
YUKAWA,GRID_21,+3.16227766016837913e-02,17,+2.61015721568253574e-03,4,IM,+6.11584734184364921e-14
YUKAWA,GRID_21,+3.16227766016837913e-02,17,+2.61015721568253574e-03,6,RE,-3.30525648004499035e-30
YUKAWA,GRID_21,+3.16227766016837913e-02,17,+2.61015721568253574e-03,6,IM,+3.39359822398200601e-14
YUKAWA,GRID_21,+3.16227766016837913e-02,18,+3.16227766016837939e-03,2,RE,-8.72946645845968613e-30
YUKAWA,GRID_21,+3.16227766016837913e-02,18,+3.16227766016837939e-03,2,IM,+8.24474867942380364e-14
YUKAWA,GRID_21,+3.16227766016837913e-02,18,+3.16227766016837939e-03,4,RE,-9.32468016936083852e-30
YUKAWA,GRID_21,+3.16227766016837913e-02,18,+3.16227766016837939e-03,4,IM,+5.56281073996589015e-14
YUKAWA,GRID_21,+3.16227766016837913e-02,18,+3.16227766016837939e-03,6,RE,-7.99127346355415479e-30
YUKAWA,GRID_21,+3.16227766016837913e-02,18,+3.16227766016837939e-03,6,IM,+2.97857789854011014e-14
YUKAWA,GRID_21,+3.16227766016837913e-02,19,+3.83118684955728508e-03,2,RE,-2.24524875153783816e-30
YUKAWA,GRID_21,+3.16227766016837913e-02,19,+3.83118684955728508e-03,2,IM,+7.67275154147406967e-14
YUKAWA,GRID_21,+3.16227766016837913e-02,19,+3.83118684955728508e-03,4,RE,-7.76424606895449635e-30
YUKAWA,GRID_21,+3.16227766016837913e-02,19,+3.83118684955728508e-03,4,IM,+4.96481238185509970e-14
YUKAWA,GRID_21,+3.16227766016837913e-02,19,+3.83118684955728508e-03,6,RE,-5.61344424275167339e-30
YUKAWA,GRID_21,+3.16227766016837913e-02,19,+3.83118684955728508e-03,6,IM,+2.54632715431188979e-14
YUKAWA,GRID_21,+3.16227766016837913e-02,20,+4.64158883361277721e-03,2,RE,-7.61708791758813615e-30
YUKAWA,GRID_21,+3.16227766016837913e-02,20,+4.64158883361277721e-03,2,IM,+7.04131662449104234e-14
YUKAWA,GRID_21,+3.16227766016837913e-02,20,+4.64158883361277721e-03,4,RE,-4.21303332336352133e-30
YUKAWA,GRID_21,+3.16227766016837913e-02,20,+4.64158883361277721e-03,4,IM,+4.33225900319000008e-14
YUKAWA,GRID_21,+3.16227766016837913e-02,20,+4.64158883361277721e-03,6,RE,-3.22653892993277789e-30
YUKAWA,GRID_21,+3.16227766016837913e-02,20,+4.64158883361277721e-03,6,IM,+2.10939063380693311e-14
YUKAWA,GRID_21,+3.16227766016837913e-02,21,+5.62341325190349097e-03,2,RE,-7.86673530633971730e-30
YUKAWA,GRID_21,+3.16227766016837913e-02,21,+5.62341325190349097e-03,2,IM,+6.35592017448364537e-14
YUKAWA,GRID_21,+3.16227766016837913e-02,21,+5.62341325190349097e-03,4,RE,+3.82189595042720152e-32
YUKAWA,GRID_21,+3.16227766016837913e-02,21,+5.62341325190349097e-03,4,IM,+3.68031254774487392e-14
YUKAWA,GRID_21,+3.16227766016837913e-02,21,+5.62341325190349097e-03,6,RE,-5.78896188139633801e-30
YUKAWA,GRID_21,+3.16227766016837913e-02,21,+5.62341325190349097e-03,6,IM,+1.68313117845133350e-14
YUKAWA,GRID_21,+3.16227766016837913e-02,22,+6.81292069057960834e-03,2,RE,+1.52596540561334686e-30
YUKAWA,GRID_21,+3.16227766016837913e-02,22,+6.81292069057960834e-03,2,IM,+5.62640709199294544e-14
YUKAWA,GRID_21,+3.16227766016837913e-02,22,+6.81292069057960834e-03,4,RE,-3.11661427808571881e-30
YUKAWA,GRID_21,+3.16227766016837913e-02,22,+6.81292069057960834e-03,4,IM,+3.02865985952906296e-14
YUKAWA,GRID_21,+3.16227766016837913e-02,22,+6.81292069057960834e-03,6,RE,-1.81390567129826045e-31
YUKAWA,GRID_21,+3.16227766016837913e-02,22,+6.81292069057960834e-03,6,IM,+1.28444610723527795e-14
YUKAWA,GRID_21,+3.16227766016837913e-02,23,+8.25404185268018183e-03,2,RE,-5.50459188908475668e-31
YUKAWA,GRID_21,+3.16227766016837913e-02,23,+8.25404185268018183e-03,2,IM,+4.86745712049286576e-14
YUKAWA,GRID_21,+3.16227766016837913e-02,23,+8.25404185268018183e-03,4,RE,-1.34747945620566508e-30
YUKAWA,GRID_21,+3.16227766016837913e-02,23,+8.25404185268018183e-03,4,IM,+2.40040122743447308e-14
YUKAWA,GRID_21,+3.16227766016837913e-02,23,+8.25404185268018183e-03,6,RE,-2.82231100144021579e-31
YUKAWA,GRID_21,+3.16227766016837913e-02,23,+8.25404185268018183e-03,6,IM,+9.29700976761076043e-15
YUKAWA,GRID_21,+3.16227766016837913e-02,24,+1.00000000000000002e-02,2,RE,+1.83771352536105238e-30
YUKAWA,GRID_21,+3.16227766016837913e-02,24,+1.00000000000000002e-02,2,IM,+4.09856379858449705e-14
YUKAWA,GRID_21,+3.16227766016837913e-02,24,+1.00000000000000002e-02,4,RE,-1.09194921619132484e-30
YUKAWA,GRID_21,+3.16227766016837913e-02,24,+1.00000000000000002e-02,4,IM,+1.81989208892112189e-14
YUKAWA,GRID_21,+3.16227766016837913e-02,24,+1.00000000000000002e-02,6,RE,-9.86938194963278826e-31
YUKAWA,GRID_21,+3.16227766016837913e-02,24,+1.00000000000000002e-02,6,IM,+6.32126437105042637e-15
YUKAWA,GRID_22,+4.64158883361277738e-02,0,+1.00000000000000005e-04,2,RE,-3.06965793087331884e-29
YUKAWA,GRID_22,+4.64158883361277738e-02,0,+1.00000000000000005e-04,2,IM,+1.23171078420723618e-13
YUKAWA,GRID_22,+4.64158883361277738e-02,0,+1.00000000000000005e-04,4,RE,-1.55864916474561405e-29
YUKAWA,GRID_22,+4.64158883361277738e-02,0,+1.00000000000000005e-04,4,IM,+9.76197459980597680e-14
YUKAWA,GRID_22,+4.64158883361277738e-02,0,+1.00000000000000005e-04,6,RE,-2.55788963234108319e-30
YUKAWA,GRID_22,+4.64158883361277738e-02,0,+1.00000000000000005e-04,6,IM,+6.31359278823275980e-14
YUKAWA,GRID_22,+4.64158883361277738e-02,1,+1.21152765862858885e-04,2,RE,-1.02828427820398882e-29
YUKAWA,GRID_22,+4.64158883361277738e-02,1,+1.21152765862858885e-04,2,IM,+1.22877977218365844e-13
YUKAWA,GRID_22,+4.64158883361277738e-02,1,+1.21152765862858885e-04,4,RE,-1.17464090880912620e-29
YUKAWA,GRID_22,+4.64158883361277738e-02,1,+1.21152765862858885e-04,4,IM,+9.72510694235533976e-14
YUKAWA,GRID_22,+4.64158883361277738e-02,1,+1.21152765862858885e-04,6,RE,-3.91312499249983495e-30
YUKAWA,GRID_22,+4.64158883361277738e-02,1,+1.21152765862858885e-04,6,IM,+6.28092563476157050e-14
YUKAWA,GRID_22,+4.64158883361277738e-02,2,+1.46779926762206892e-04,2,RE,-1.72484798140582379e-29
YUKAWA,GRID_22,+4.64158883361277738e-02,2,+1.46779926762206892e-04,2,IM,+1.22524074233658357e-13
YUKAWA,GRID_22,+4.64158883361277738e-02,2,+1.46779926762206892e-04,4,RE,-2.02272511897924219e-29
YUKAWA,GRID_22,+4.64158883361277738e-02,2,+1.46779926762206892e-04,4,IM,+9.68065134983854789e-14
YUKAWA,GRID_22,+4.64158883361277738e-02,2,+1.46779926762206892e-04,6,RE,-9.98760099540389405e-30
YUKAWA,GRID_22,+4.64158883361277738e-02,2,+1.46779926762206892e-04,6,IM,+6.24159183217030216e-14
YUKAWA,GRID_22,+4.64158883361277738e-02,3,+1.77827941003892270e-04,2,RE,+7.59603435091057025e-31
YUKAWA,GRID_22,+4.64158883361277738e-02,3,+1.77827941003892270e-04,2,IM,+1.22097059149251080e-13
YUKAWA,GRID_22,+4.64158883361277738e-02,3,+1.77827941003892270e-04,4,RE,-1.47531203770953254e-29
YUKAWA,GRID_22,+4.64158883361277738e-02,3,+1.77827941003892270e-04,4,IM,+9.62709937037782246e-14
YUKAWA,GRID_22,+4.64158883361277738e-02,3,+1.77827941003892270e-04,6,RE,-5.89718660896488796e-30
YUKAWA,GRID_22,+4.64158883361277738e-02,3,+1.77827941003892270e-04,6,IM,+6.19429235957552244e-14
YUKAWA,GRID_22,+4.64158883361277738e-02,4,+2.15443469003188449e-04,2,RE,-1.08356940075371211e-29
YUKAWA,GRID_22,+4.64158883361277738e-02,4,+2.15443469003188449e-04,2,IM,+1.21582268438970568e-13
YUKAWA,GRID_22,+4.64158883361277738e-02,4,+2.15443469003188449e-04,4,RE,-1.40984709766278025e-29
YUKAWA,GRID_22,+4.64158883361277738e-02,4,+2.15443469003188449e-04,4,IM,+9.56266720791131924e-14
YUKAWA,GRID_22,+4.64158883361277738e-02,4,+2.15443469003188449e-04,6,RE,-1.49530298346736278e-29
YUKAWA,GRID_22,+4.64158883361277738e-02,4,+2.15443469003188449e-04,6,IM,+6.13750337526903240e-14
YUKAWA,GRID_22,+4.64158883361277738e-02,5,+2.61015721568253574e-04,2,RE,+4.67465654676680256e-30
YUKAWA,GRID_22,+4.64158883361277738e-02,5,+2.61015721568253574e-04,2,IM,+1.20962299634399989e-13
YUKAWA,GRID_22,+4.64158883361277738e-02,5,+2.61015721568253574e-04,4,RE,-7.67458149536855678e-30
YUKAWA,GRID_22,+4.64158883361277738e-02,5,+2.61015721568253574e-04,4,IM,+9.48525683705428981e-14
YUKAWA,GRID_22,+4.64158883361277738e-02,5,+2.61015721568253574e-04,6,RE,-2.14031930779869766e-29
YUKAWA,GRID_22,+4.64158883361277738e-02,5,+2.61015721568253574e-04,6,IM,+6.06945049277375213e-14
YUKAWA,GRID_22,+4.64158883361277738e-02,6,+3.16227766016837939e-04,2,RE,-2.90101323250458831e-29
YUKAWA,GRID_22,+4.64158883361277738e-02,6,+3.16227766016837939e-04,2,IM,+1.20216592472769944e-13
YUKAWA,GRID_22,+4.64158883361277738e-02,6,+3.16227766016837939e-04,4,RE,-2.53924585177191564e-29
YUKAWA,GRID_22,+4.64158883361277738e-02,6,+3.16227766016837939e-04,4,IM,+9.39241712748367213e-14
YUKAWA,GRID_22,+4.64158883361277738e-02,6,+3.16227766016837939e-04,6,RE,-3.90327820995936295e-30
YUKAWA,GRID_22,+4.64158883361277738e-02,6,+3.16227766016837939e-04,6,IM,+5.98808668830583708e-14
YUKAWA,GRID_22,+4.64158883361277738e-02,7,+3.83118684955728529e-04,2,RE,-1.43539705189278391e-29
YUKAWA,GRID_22,+4.64158883361277738e-02,7,+3.83118684955728529e-04,2,IM,+1.19320989718925579e-13
YUKAWA,GRID_22,+4.64158883361277738e-02,7,+3.83118684955728529e-04,4,RE,-2.44662626470642015e-29
YUKAWA,GRID_22,+4.64158883361277738e-02,7,+3.83118684955728529e-04,4,IM,+9.28130823365117279e-14
YUKAWA,GRID_22,+4.64158883361277738e-02,7,+3.83118684955728529e-04,6,RE,-2.51802590808628243e-30
YUKAWA,GRID_22,+4.64158883361277738e-02,7,+3.83118684955728529e-04,6,IM,+5.89107802759886895e-14
YUKAWA,GRID_22,+4.64158883361277738e-02,8,+4.64158883361277732e-04,2,RE,+4.10137915259927137e-31
YUKAWA,GRID_22,+4.64158883361277738e-02,8,+4.64158883361277732e-04,2,IM,+1.18247300382080155e-13
YUKAWA,GRID_22,+4.64158883361277738e-02,8,+4.64158883361277732e-04,4,RE,-6.85022759749728580e-30
YUKAWA,GRID_22,+4.64158883361277738e-02,8,+4.64158883361277732e-04,4,IM,+9.14867429443790548e-14
YUKAWA,GRID_22,+4.64158883361277738e-02,8,+4.64158883361277732e-04,6,RE,-1.70910374201749343e-29
YUKAWA,GRID_22,+4.64158883361277738e-02,8,+4.64158883361277732e-04,6,IM,+5.77580331225975854e-14
YUKAWA,GRID_22,+4.64158883361277738e-02,9,+5.62341325190349097e-04,2,RE,-3.97559598849220681e-30
YUKAWA,GRID_22,+4.64158883361277738e-02,9,+5.62341325190349097e-04,2,IM,+1.16962902078532412e-13
YUKAWA,GRID_22,+4.64158883361277738e-02,9,+5.62341325190349097e-04,4,RE,-1.86354567711856669e-29
YUKAWA,GRID_22,+4.64158883361277738e-02,9,+5.62341325190349097e-04,4,IM,+8.99083188704014609e-14
YUKAWA,GRID_22,+4.64158883361277738e-02,9,+5.62341325190349097e-04,6,RE,-1.37992530935573536e-29
YUKAWA,GRID_22,+4.64158883361277738e-02,9,+5.62341325190349097e-04,6,IM,+5.63937616821060358e-14
YUKAWA,GRID_22,+4.64158883361277738e-02,10,+6.81292069057960856e-04,2,RE,-6.98923769252248235e-30
YUKAWA,GRID_22,+4.64158883361277738e-02,10,+6.81292069057960856e-04,2,IM,+1.15430438373627626e-13
YUKAWA,GRID_22,+4.64158883361277738e-02,10,+6.81292069057960856e-04,4,RE,-1.48354411045061979e-29
YUKAWA,GRID_22,+4.64158883361277738e-02,10,+6.81292069057960856e-04,4,IM,+8.80368475554488429e-14
YUKAWA,GRID_22,+4.64158883361277738e-02,10,+6.81292069057960856e-04,6,RE,-4.14870866232028500e-30
YUKAWA,GRID_22,+4.64158883361277738e-02,10,+6.81292069057960856e-04,6,IM,+5.47870097014003966e-14
YUKAWA,GRID_22,+4.64158883361277738e-02,11,+8.25404185268018118e-04,2,RE,-8.38129236082613742e-30
YUKAWA,GRID_22,+4.64158883361277738e-02,11,+8.25404185268018118e-04,2,IM,+1.13607691799854471e-13
YUKAWA,GRID_22,+4.64158883361277738e-02,11,+8.25404185268018118e-04,4,RE,-8.15217131612006286e-30
YUKAWA,GRID_22,+4.64158883361277738e-02,11,+8.25404185268018118e-04,4,IM,+8.58277904863743044e-14
YUKAWA,GRID_22,+4.64158883361277738e-02,11,+8.25404185268018118e-04,6,RE,-5.69608787633573520e-30
YUKAWA,GRID_22,+4.64158883361277738e-02,11,+8.25404185268018118e-04,6,IM,+5.29057706269056313e-14
YUKAWA,GRID_22,+4.64158883361277738e-02,12,+1.00000000000000002e-03,2,RE,-1.36663168727235837e-29
YUKAWA,GRID_22,+4.64158883361277738e-02,12,+1.00000000000000002e-03,2,IM,+1.11447743988719387e-13
YUKAWA,GRID_22,+4.64158883361277738e-02,12,+1.00000000000000002e-03,4,RE,-4.45201218085335395e-30
YUKAWA,GRID_22,+4.64158883361277738e-02,12,+1.00000000000000002e-03,4,IM,+8.32341740423289464e-14
YUKAWA,GRID_22,+4.64158883361277738e-02,12,+1.00000000000000002e-03,6,RE,-8.26527373741536542e-30
YUKAWA,GRID_22,+4.64158883361277738e-02,12,+1.00000000000000002e-03,6,IM,+5.07186841367097788e-14
YUKAWA,GRID_22,+4.64158883361277738e-02,13,+1.21152765862858765e-03,2,RE,+8.00107666945990119e-30
YUKAWA,GRID_22,+4.64158883361277738e-02,13,+1.21152765862858765e-03,2,IM,+1.08899569766274773e-13
YUKAWA,GRID_22,+4.64158883361277738e-02,13,+1.21152765862858765e-03,4,RE,-1.29587851650537345e-29
YUKAWA,GRID_22,+4.64158883361277738e-02,13,+1.21152765862858765e-03,4,IM,+8.02085409620566209e-14
YUKAWA,GRID_22,+4.64158883361277738e-02,13,+1.21152765862858765e-03,6,RE,-2.75586122392024302e-30
YUKAWA,GRID_22,+4.64158883361277738e-02,13,+1.21152765862858765e-03,6,IM,+4.81975700801658071e-14
YUKAWA,GRID_22,+4.64158883361277738e-02,14,+1.46779926762206914e-03,2,RE,-1.65445249379283110e-29
YUKAWA,GRID_22,+4.64158883361277738e-02,14,+1.46779926762206914e-03,2,IM,+1.05909248678835392e-13
YUKAWA,GRID_22,+4.64158883361277738e-02,14,+1.46779926762206914e-03,4,RE,-8.97532310099580387e-30
YUKAWA,GRID_22,+4.64158883361277738e-02,14,+1.46779926762206914e-03,4,IM,+7.67059592012079076e-14
YUKAWA,GRID_22,+4.64158883361277738e-02,14,+1.46779926762206914e-03,6,RE,-3.35524669143414768e-30
YUKAWA,GRID_22,+4.64158883361277738e-02,14,+1.46779926762206914e-03,6,IM,+4.53209613205961581e-14
YUKAWA,GRID_22,+4.64158883361277738e-02,15,+1.77827941003892275e-03,2,RE,-2.53824735920025029e-30
YUKAWA,GRID_22,+4.64158883361277738e-02,15,+1.77827941003892275e-03,2,IM,+1.02422008295278259e-13
YUKAWA,GRID_22,+4.64158883361277738e-02,15,+1.77827941003892275e-03,4,RE,+3.94869806417846888e-31
YUKAWA,GRID_22,+4.64158883361277738e-02,15,+1.77827941003892275e-03,4,IM,+7.26883254961569276e-14
YUKAWA,GRID_22,+4.64158883361277738e-02,15,+1.77827941003892275e-03,6,RE,-1.10832916256121315e-29
YUKAWA,GRID_22,+4.64158883361277738e-02,15,+1.77827941003892275e-03,6,IM,+4.20787152748517233e-14
YUKAWA,GRID_22,+4.64158883361277738e-02,16,+2.15443469003188210e-03,2,RE,+4.71502297355404162e-32
YUKAWA,GRID_22,+4.64158883361277738e-02,16,+2.15443469003188210e-03,2,IM,+9.83853271006812316e-14
YUKAWA,GRID_22,+4.64158883361277738e-02,16,+2.15443469003188210e-03,4,RE,-1.15181836515017090e-29
YUKAWA,GRID_22,+4.64158883361277738e-02,16,+2.15443469003188210e-03,4,IM,+6.81301279003888656e-14
YUKAWA,GRID_22,+4.64158883361277738e-02,16,+2.15443469003188210e-03,6,RE,-5.43191734599573154e-30
YUKAWA,GRID_22,+4.64158883361277738e-02,16,+2.15443469003188210e-03,6,IM,+3.84776083185395207e-14
YUKAWA,GRID_22,+4.64158883361277738e-02,17,+2.61015721568253574e-03,2,RE,-1.04698477459641683e-29
YUKAWA,GRID_22,+4.64158883361277738e-02,17,+2.61015721568253574e-03,2,IM,+9.37533036046276629e-14
YUKAWA,GRID_22,+4.64158883361277738e-02,17,+2.61015721568253574e-03,4,RE,-1.20828370764814323e-29
YUKAWA,GRID_22,+4.64158883361277738e-02,17,+2.61015721568253574e-03,4,IM,+6.30256566188901170e-14
YUKAWA,GRID_22,+4.64158883361277738e-02,17,+2.61015721568253574e-03,6,RE,-4.19238747879054313e-30
YUKAWA,GRID_22,+4.64158883361277738e-02,17,+2.61015721568253574e-03,6,IM,+3.45475141964025178e-14
YUKAWA,GRID_22,+4.64158883361277738e-02,18,+3.16227766016837939e-03,2,RE,-1.48233839722555639e-29
YUKAWA,GRID_22,+4.64158883361277738e-02,18,+3.16227766016837939e-03,2,IM,+8.84924199672080398e-14
YUKAWA,GRID_22,+4.64158883361277738e-02,18,+3.16227766016837939e-03,4,RE,-7.54115309794580663e-30
YUKAWA,GRID_22,+4.64158883361277738e-02,18,+3.16227766016837939e-03,4,IM,+5.73973347837392422e-14
YUKAWA,GRID_22,+4.64158883361277738e-02,18,+3.16227766016837939e-03,6,RE,-5.97551420935070722e-30
YUKAWA,GRID_22,+4.64158883361277738e-02,18,+3.16227766016837939e-03,6,IM,+3.03473215548383261e-14
YUKAWA,GRID_22,+4.64158883361277738e-02,19,+3.83118684955728508e-03,2,RE,+9.94379116364890739e-31
YUKAWA,GRID_22,+4.64158883361277738e-02,19,+3.83118684955728508e-03,2,IM,+8.25886678461848129e-14
YUKAWA,GRID_22,+4.64158883361277738e-02,19,+3.83118684955728508e-03,4,RE,-2.60000553044970656e-30
YUKAWA,GRID_22,+4.64158883361277738e-02,19,+3.83118684955728508e-03,4,IM,+5.13043523489949599e-14
YUKAWA,GRID_22,+4.64158883361277738e-02,19,+3.83118684955728508e-03,6,RE,-1.46002390628269042e-30
YUKAWA,GRID_22,+4.64158883361277738e-02,19,+3.83118684955728508e-03,6,IM,+2.59691902977745881e-14
YUKAWA,GRID_22,+4.64158883361277738e-02,20,+4.64158883361277721e-03,2,RE,-6.75354447156336235e-30
YUKAWA,GRID_22,+4.64158883361277738e-02,20,+4.64158883361277721e-03,2,IM,+7.60557390988603486e-14
YUKAWA,GRID_22,+4.64158883361277738e-02,20,+4.64158883361277721e-03,4,RE,-1.71395452373584842e-30
YUKAWA,GRID_22,+4.64158883361277738e-02,20,+4.64158883361277721e-03,4,IM,+4.48501397798761705e-14
YUKAWA,GRID_22,+4.64158883361277738e-02,20,+4.64158883361277721e-03,6,RE,+4.94477472581747214e-31
YUKAWA,GRID_22,+4.64158883361277738e-02,20,+4.64158883361277721e-03,6,IM,+2.15392076611806593e-14
YUKAWA,GRID_22,+4.64158883361277738e-02,21,+5.62341325190349097e-03,2,RE,-2.03400486451563669e-30
YUKAWA,GRID_22,+4.64158883361277738e-02,21,+5.62341325190349097e-03,2,IM,+6.89436043334846135e-14
YUKAWA,GRID_22,+4.64158883361277738e-02,21,+5.62341325190349097e-03,4,RE,-4.23877638785857636e-30
YUKAWA,GRID_22,+4.64158883361277738e-02,21,+5.62341325190349097e-03,4,IM,+3.81865078561052613e-14
YUKAWA,GRID_22,+4.64158883361277738e-02,21,+5.62341325190349097e-03,6,RE,-2.36378796927323006e-30
YUKAWA,GRID_22,+4.64158883361277738e-02,21,+5.62341325190349097e-03,6,IM,+1.72122409565266680e-14
YUKAWA,GRID_22,+4.64158883361277738e-02,22,+6.81292069057960834e-03,2,RE,+3.34898026806961289e-30
YUKAWA,GRID_22,+4.64158883361277738e-02,22,+6.81292069057960834e-03,2,IM,+6.13463223366368285e-14
YUKAWA,GRID_22,+4.64158883361277738e-02,22,+6.81292069057960834e-03,4,RE,+3.44148667213761448e-31
YUKAWA,GRID_22,+4.64158883361277738e-02,22,+6.81292069057960834e-03,4,IM,+3.15117261355592224e-14
YUKAWA,GRID_22,+4.64158883361277738e-02,22,+6.81292069057960834e-03,6,RE,+4.52372513113207511e-31
YUKAWA,GRID_22,+4.64158883361277738e-02,22,+6.81292069057960834e-03,6,IM,+1.31591835976862042e-14
YUKAWA,GRID_22,+4.64158883361277738e-02,23,+8.25404185268018183e-03,2,RE,-1.90540615236251277e-30
YUKAWA,GRID_22,+4.64158883361277738e-02,23,+8.25404185268018183e-03,2,IM,+5.34073963273290084e-14
YUKAWA,GRID_22,+4.64158883361277738e-02,23,+8.25404185268018183e-03,4,RE,+5.96582551233013417e-31
YUKAWA,GRID_22,+4.64158883361277738e-02,23,+8.25404185268018183e-03,4,IM,+2.50597868325009051e-14
YUKAWA,GRID_22,+4.64158883361277738e-02,23,+8.25404185268018183e-03,6,RE,-1.19393624616840152e-30
YUKAWA,GRID_22,+4.64158883361277738e-02,23,+8.25404185268018183e-03,6,IM,+9.54626733249990267e-15
YUKAWA,GRID_22,+4.64158883361277738e-02,24,+1.00000000000000002e-02,2,RE,-1.99104472712889299e-31
YUKAWA,GRID_22,+4.64158883361277738e-02,24,+1.00000000000000002e-02,2,IM,+4.53205280875616002e-14
YUKAWA,GRID_22,+4.64158883361277738e-02,24,+1.00000000000000002e-02,4,RE,-2.03619279295082306e-30
YUKAWA,GRID_22,+4.64158883361277738e-02,24,+1.00000000000000002e-02,4,IM,+1.90790837395114144e-14
YUKAWA,GRID_22,+4.64158883361277738e-02,24,+1.00000000000000002e-02,6,RE,+2.98031288852508137e-30
YUKAWA,GRID_22,+4.64158883361277738e-02,24,+1.00000000000000002e-02,6,IM,+6.50883147553048552e-15
YUKAWA,GRID_23,+6.81292069057960886e-02,0,+1.00000000000000005e-04,2,RE,-6.84180782857742968e-30
YUKAWA,GRID_23,+6.81292069057960886e-02,0,+1.00000000000000005e-04,2,IM,+1.26812708980801577e-13
YUKAWA,GRID_23,+6.81292069057960886e-02,0,+1.00000000000000005e-04,4,RE,-1.06116809627636441e-29
YUKAWA,GRID_23,+6.81292069057960886e-02,0,+1.00000000000000005e-04,4,IM,+9.87595405993125560e-14
YUKAWA,GRID_23,+6.81292069057960886e-02,0,+1.00000000000000005e-04,6,RE,+3.36035859433520923e-30
YUKAWA,GRID_23,+6.81292069057960886e-02,0,+1.00000000000000005e-04,6,IM,+6.35567333369352255e-14
YUKAWA,GRID_23,+6.81292069057960886e-02,1,+1.21152765862858885e-04,2,RE,-4.94643737949064881e-30
YUKAWA,GRID_23,+6.81292069057960886e-02,1,+1.21152765862858885e-04,2,IM,+1.26516654384792626e-13
YUKAWA,GRID_23,+6.81292069057960886e-02,1,+1.21152765862858885e-04,4,RE,-1.54932031334688725e-29
YUKAWA,GRID_23,+6.81292069057960886e-02,1,+1.21152765862858885e-04,4,IM,+9.83887172582899183e-14
YUKAWA,GRID_23,+6.81292069057960886e-02,1,+1.21152765862858885e-04,6,RE,-1.05836437283821624e-29
YUKAWA,GRID_23,+6.81292069057960886e-02,1,+1.21152765862858885e-04,6,IM,+6.32287883478304349e-14
YUKAWA,GRID_23,+6.81292069057960886e-02,2,+1.46779926762206892e-04,2,RE,-1.92639237376201935e-29
YUKAWA,GRID_23,+6.81292069057960886e-02,2,+1.46779926762206892e-04,2,IM,+1.26159172991784468e-13
YUKAWA,GRID_23,+6.81292069057960886e-02,2,+1.46779926762206892e-04,4,RE,-1.13287028034433370e-29
YUKAWA,GRID_23,+6.81292069057960886e-02,2,+1.46779926762206892e-04,4,IM,+9.79415637138380998e-14
YUKAWA,GRID_23,+6.81292069057960886e-02,2,+1.46779926762206892e-04,6,RE,-9.52701982239756196e-30
YUKAWA,GRID_23,+6.81292069057960886e-02,2,+1.46779926762206892e-04,6,IM,+6.28339114115146477e-14
YUKAWA,GRID_23,+6.81292069057960886e-02,3,+1.77827941003892270e-04,2,RE,-3.39015070462402458e-29
YUKAWA,GRID_23,+6.81292069057960886e-02,3,+1.77827941003892270e-04,2,IM,+1.25727822173565541e-13
YUKAWA,GRID_23,+6.81292069057960886e-02,3,+1.77827941003892270e-04,4,RE,-1.91530729458994024e-29
YUKAWA,GRID_23,+6.81292069057960886e-02,3,+1.77827941003892270e-04,4,IM,+9.74029016202470949e-14
YUKAWA,GRID_23,+6.81292069057960886e-02,3,+1.77827941003892270e-04,6,RE,-5.30281195995619203e-30
YUKAWA,GRID_23,+6.81292069057960886e-02,3,+1.77827941003892270e-04,6,IM,+6.23590580033717095e-14
YUKAWA,GRID_23,+6.81292069057960886e-02,4,+2.15443469003188449e-04,2,RE,-1.65029335578245454e-29
YUKAWA,GRID_23,+6.81292069057960886e-02,4,+2.15443469003188449e-04,2,IM,+1.25207778082589382e-13
YUKAWA,GRID_23,+6.81292069057960886e-02,4,+2.15443469003188449e-04,4,RE,-8.18618179919862156e-30
YUKAWA,GRID_23,+6.81292069057960886e-02,4,+2.15443469003188449e-04,4,IM,+9.67547800799729913e-14
YUKAWA,GRID_23,+6.81292069057960886e-02,4,+2.15443469003188449e-04,6,RE,-1.09964327924172335e-29
YUKAWA,GRID_23,+6.81292069057960886e-02,4,+2.15443469003188449e-04,6,IM,+6.17889247625375121e-14
YUKAWA,GRID_23,+6.81292069057960886e-02,5,+2.61015721568253574e-04,2,RE,-1.84411691095727836e-29
YUKAWA,GRID_23,+6.81292069057960886e-02,5,+2.61015721568253574e-04,2,IM,+1.24581444001753849e-13
YUKAWA,GRID_23,+6.81292069057960886e-02,5,+2.61015721568253574e-04,4,RE,-1.34975619804683816e-29
YUKAWA,GRID_23,+6.81292069057960886e-02,5,+2.61015721568253574e-04,4,IM,+9.59760831065702395e-14
YUKAWA,GRID_23,+6.81292069057960886e-02,5,+2.61015721568253574e-04,6,RE,-6.85607444216446104e-30
YUKAWA,GRID_23,+6.81292069057960886e-02,5,+2.61015721568253574e-04,6,IM,+6.11056904086442091e-14
YUKAWA,GRID_23,+6.81292069057960886e-02,6,+3.16227766016837939e-04,2,RE,-2.38059770585236772e-29
YUKAWA,GRID_23,+6.81292069057960886e-02,6,+3.16227766016837939e-04,2,IM,+1.23828024341979448e-13
YUKAWA,GRID_23,+6.81292069057960886e-02,6,+3.16227766016837939e-04,4,RE,-2.26396368655961706e-29
YUKAWA,GRID_23,+6.81292069057960886e-02,6,+3.16227766016837939e-04,4,IM,+9.50421365784510385e-14
YUKAWA,GRID_23,+6.81292069057960886e-02,6,+3.16227766016837939e-04,6,RE,-7.73510438272814711e-30
YUKAWA,GRID_23,+6.81292069057960886e-02,6,+3.16227766016837939e-04,6,IM,+6.02887927720934624e-14
YUKAWA,GRID_23,+6.81292069057960886e-02,7,+3.83118684955728529e-04,2,RE,-7.06118513464306697e-30
YUKAWA,GRID_23,+6.81292069057960886e-02,7,+3.83118684955728529e-04,2,IM,+1.22923076838309405e-13
YUKAWA,GRID_23,+6.81292069057960886e-02,7,+3.83118684955728529e-04,4,RE,-2.30240991272363436e-29
YUKAWA,GRID_23,+6.81292069057960886e-02,7,+3.83118684955728529e-04,4,IM,+9.39243472012680517e-14
YUKAWA,GRID_23,+6.81292069057960886e-02,7,+3.83118684955728529e-04,6,RE,-1.48375860448685508e-29
YUKAWA,GRID_23,+6.81292069057960886e-02,7,+3.83118684955728529e-04,6,IM,+5.93147838631192021e-14
YUKAWA,GRID_23,+6.81292069057960886e-02,8,+4.64158883361277732e-04,2,RE,-2.64967389083911059e-29
YUKAWA,GRID_23,+6.81292069057960886e-02,8,+4.64158883361277732e-04,2,IM,+1.21838065388253636e-13
YUKAWA,GRID_23,+6.81292069057960886e-02,8,+4.64158883361277732e-04,4,RE,-1.27710760184334652e-29
YUKAWA,GRID_23,+6.81292069057960886e-02,8,+4.64158883361277732e-04,4,IM,+9.25899239206505650e-14
YUKAWA,GRID_23,+6.81292069057960886e-02,8,+4.64158883361277732e-04,6,RE,-1.53961674077233004e-29
YUKAWA,GRID_23,+6.81292069057960886e-02,8,+4.64158883361277732e-04,6,IM,+5.81573240767056827e-14
YUKAWA,GRID_23,+6.81292069057960886e-02,9,+5.62341325190349097e-04,2,RE,-1.49195760927980494e-29
YUKAWA,GRID_23,+6.81292069057960886e-02,9,+5.62341325190349097e-04,2,IM,+1.20539949976839529e-13
YUKAWA,GRID_23,+6.81292069057960886e-02,9,+5.62341325190349097e-04,4,RE,-9.16877001273831047e-30
YUKAWA,GRID_23,+6.81292069057960886e-02,9,+5.62341325190349097e-04,4,IM,+9.10017562895960540e-14
YUKAWA,GRID_23,+6.81292069057960886e-02,9,+5.62341325190349097e-04,6,RE,-1.31232781600107377e-29
YUKAWA,GRID_23,+6.81292069057960886e-02,9,+5.62341325190349097e-04,6,IM,+5.67874009313574620e-14
YUKAWA,GRID_23,+6.81292069057960886e-02,10,+6.81292069057960856e-04,2,RE,-1.12387988820463904e-29
YUKAWA,GRID_23,+6.81292069057960886e-02,10,+6.81292069057960856e-04,2,IM,+1.18990869200560319e-13
YUKAWA,GRID_23,+6.81292069057960886e-02,10,+6.81292069057960856e-04,4,RE,-8.17004998948413257e-30
YUKAWA,GRID_23,+6.81292069057960886e-02,10,+6.81292069057960856e-04,4,IM,+8.91185551692878254e-14
YUKAWA,GRID_23,+6.81292069057960886e-02,10,+6.81292069057960856e-04,6,RE,-7.29958449170109304e-30
YUKAWA,GRID_23,+6.81292069057960886e-02,10,+6.81292069057960856e-04,6,IM,+5.51738865694809286e-14
YUKAWA,GRID_23,+6.81292069057960886e-02,11,+8.25404185268018118e-04,2,RE,-7.50038084307516122e-30
YUKAWA,GRID_23,+6.81292069057960886e-02,11,+8.25404185268018118e-04,2,IM,+1.17147995785058065e-13
YUKAWA,GRID_23,+6.81292069057960886e-02,11,+8.25404185268018118e-04,4,RE,-1.12421536129262590e-29
YUKAWA,GRID_23,+6.81292069057960886e-02,11,+8.25404185268018118e-04,4,IM,+8.68953984664617168e-14
YUKAWA,GRID_23,+6.81292069057960886e-02,11,+8.25404185268018118e-04,6,RE,-5.99470787283679191e-30
YUKAWA,GRID_23,+6.81292069057960886e-02,11,+8.25404185268018118e-04,6,IM,+5.32845790845772900e-14
YUKAWA,GRID_23,+6.81292069057960886e-02,12,+1.00000000000000002e-03,2,RE,-3.16907347685431834e-30
YUKAWA,GRID_23,+6.81292069057960886e-02,12,+1.00000000000000002e-03,2,IM,+1.14963676315521962e-13
YUKAWA,GRID_23,+6.81292069057960886e-02,12,+1.00000000000000002e-03,4,RE,-3.68910524573942397e-30
YUKAWA,GRID_23,+6.81292069057960886e-02,12,+1.00000000000000002e-03,4,IM,+8.42848659348919675e-14
YUKAWA,GRID_23,+6.81292069057960886e-02,12,+1.00000000000000002e-03,6,RE,-1.00599233575881009e-29
YUKAWA,GRID_23,+6.81292069057960886e-02,12,+1.00000000000000002e-03,6,IM,+5.10878997245918956e-14
YUKAWA,GRID_23,+6.81292069057960886e-02,13,+1.21152765862858765e-03,2,RE,-1.46344245183262159e-29
YUKAWA,GRID_23,+6.81292069057960886e-02,13,+1.21152765862858765e-03,2,IM,+1.12386002009616267e-13
YUKAWA,GRID_23,+6.81292069057960886e-02,13,+1.21152765862858765e-03,4,RE,-1.41726225211875453e-29
YUKAWA,GRID_23,+6.81292069057960886e-02,13,+1.21152765862858765e-03,4,IM,+8.12389862854262166e-14
YUKAWA,GRID_23,+6.81292069057960886e-02,13,+1.21152765862858765e-03,6,RE,-2.19851922591800164e-29
YUKAWA,GRID_23,+6.81292069057960886e-02,13,+1.21152765862858765e-03,6,IM,+4.85554300754720514e-14
YUKAWA,GRID_23,+6.81292069057960886e-02,14,+1.46779926762206914e-03,2,RE,+5.58695074622386001e-30
YUKAWA,GRID_23,+6.81292069057960886e-02,14,+1.46779926762206914e-03,2,IM,+1.09359994373685419e-13
YUKAWA,GRID_23,+6.81292069057960886e-02,14,+1.46779926762206914e-03,4,RE,-1.22627313601782665e-29
YUKAWA,GRID_23,+6.81292069057960886e-02,14,+1.46779926762206914e-03,4,IM,+7.77122451156927980e-14
YUKAWA,GRID_23,+6.81292069057960886e-02,14,+1.46779926762206914e-03,6,RE,-1.53264631600340748e-29
YUKAWA,GRID_23,+6.81292069057960886e-02,14,+1.46779926762206914e-03,6,IM,+4.56654521392631070e-14
YUKAWA,GRID_23,+6.81292069057960886e-02,15,+1.77827941003892275e-03,2,RE,-4.18724566611729336e-30
YUKAWA,GRID_23,+6.81292069057960886e-02,15,+1.77827941003892275e-03,2,IM,+1.05829621174214088e-13
YUKAWA,GRID_23,+6.81292069057960886e-02,15,+1.77827941003892275e-03,4,RE,-3.64160764402582134e-30
YUKAWA,GRID_23,+6.81292069057960886e-02,15,+1.77827941003892275e-03,4,IM,+7.36658936260257055e-14
YUKAWA,GRID_23,+6.81292069057960886e-02,15,+1.77827941003892275e-03,6,RE,-2.85489396125404763e-30
YUKAWA,GRID_23,+6.81292069057960886e-02,15,+1.77827941003892275e-03,6,IM,+4.24075729690714973e-14
YUKAWA,GRID_23,+6.81292069057960886e-02,16,+2.15443469003188210e-03,2,RE,-1.51699179230755180e-29
YUKAWA,GRID_23,+6.81292069057960886e-02,16,+2.15443469003188210e-03,2,IM,+1.01740872826367112e-13
YUKAWA,GRID_23,+6.81292069057960886e-02,16,+2.15443469003188210e-03,4,RE,-5.35051595784393841e-30
YUKAWA,GRID_23,+6.81292069057960886e-02,16,+2.15443469003188210e-03,4,IM,+6.90737262270593623e-14
YUKAWA,GRID_23,+6.81292069057960886e-02,16,+2.15443469003188210e-03,6,RE,-5.06743002348306036e-30
YUKAWA,GRID_23,+6.81292069057960886e-02,16,+2.15443469003188210e-03,6,IM,+3.87883402946874354e-14
YUKAWA,GRID_23,+6.81292069057960886e-02,17,+2.61015721568253574e-03,2,RE,-2.44300123267954049e-29
YUKAWA,GRID_23,+6.81292069057960886e-02,17,+2.61015721568253574e-03,2,IM,+9.70461100284370412e-14
YUKAWA,GRID_23,+6.81292069057960886e-02,17,+2.61015721568253574e-03,4,RE,-4.88931493126503708e-30
YUKAWA,GRID_23,+6.81292069057960886e-02,17,+2.61015721568253574e-03,4,IM,+6.39293216106250675e-14
YUKAWA,GRID_23,+6.81292069057960886e-02,17,+2.61015721568253574e-03,6,RE,-5.31019637505168262e-30
YUKAWA,GRID_23,+6.81292069057960886e-02,17,+2.61015721568253574e-03,6,IM,+3.48374526643814037e-14
YUKAWA,GRID_23,+6.81292069057960886e-02,18,+3.16227766016837939e-03,2,RE,-1.73004755065563759e-29
YUKAWA,GRID_23,+6.81292069057960886e-02,18,+3.16227766016837939e-03,2,IM,+9.17098180453604259e-14
YUKAWA,GRID_23,+6.81292069057960886e-02,18,+3.16227766016837939e-03,4,RE,-1.00620614994960778e-29
YUKAWA,GRID_23,+6.81292069057960886e-02,18,+3.16227766016837939e-03,4,IM,+5.82544255444543373e-14
YUKAWA,GRID_23,+6.81292069057960886e-02,18,+3.16227766016837939e-03,6,RE,-2.36850359410724378e-30
YUKAWA,GRID_23,+6.81292069057960886e-02,18,+3.16227766016837939e-03,6,IM,+3.06137210467097044e-14
YUKAWA,GRID_23,+6.81292069057960886e-02,19,+3.83118684955728508e-03,2,RE,-4.78473865704761109e-30
YUKAWA,GRID_23,+6.81292069057960886e-02,19,+3.83118684955728508e-03,2,IM,+8.57157465337809602e-14
YUKAWA,GRID_23,+6.81292069057960886e-02,19,+3.83118684955728508e-03,4,RE,-1.94620176319276832e-30
YUKAWA,GRID_23,+6.81292069057960886e-02,19,+3.83118684955728508e-03,4,IM,+5.21076659210629574e-14
YUKAWA,GRID_23,+6.81292069057960886e-02,19,+3.83118684955728508e-03,6,RE,-1.02948043345923133e-31
YUKAWA,GRID_23,+6.81292069057960886e-02,19,+3.83118684955728508e-03,6,IM,+2.62093815539301007e-14
YUKAWA,GRID_23,+6.81292069057960886e-02,20,+4.64158883361277721e-03,2,RE,-6.22346166669784164e-30
YUKAWA,GRID_23,+6.81292069057960886e-02,20,+4.64158883361277721e-03,2,IM,+7.90751540202981649e-14
YUKAWA,GRID_23,+6.81292069057960886e-02,20,+4.64158883361277721e-03,4,RE,-2.59516939033830683e-30
YUKAWA,GRID_23,+6.81292069057960886e-02,20,+4.64158883361277721e-03,4,IM,+4.55921430456004616e-14
YUKAWA,GRID_23,+6.81292069057960886e-02,20,+4.64158883361277721e-03,6,RE,-5.15116202547055881e-30
YUKAWA,GRID_23,+6.81292069057960886e-02,20,+4.64158883361277721e-03,6,IM,+2.17508161881403221e-14
YUKAWA,GRID_23,+6.81292069057960886e-02,21,+5.62341325190349097e-03,2,RE,-1.09678138342044301e-30
YUKAWA,GRID_23,+6.81292069057960886e-02,21,+5.62341325190349097e-03,2,IM,+7.18355024606326588e-14
YUKAWA,GRID_23,+6.81292069057960886e-02,21,+5.62341325190349097e-03,4,RE,-2.20123721422456596e-30
YUKAWA,GRID_23,+6.81292069057960886e-02,21,+5.62341325190349097e-03,4,IM,+3.88597231576398328e-14
YUKAWA,GRID_23,+6.81292069057960886e-02,21,+5.62341325190349097e-03,6,RE,-3.38579474505684662e-30
YUKAWA,GRID_23,+6.81292069057960886e-02,21,+5.62341325190349097e-03,6,IM,+1.73934679179772054e-14
YUKAWA,GRID_23,+6.81292069057960886e-02,22,+6.81292069057960834e-03,2,RE,+1.13457233598581181e-30
YUKAWA,GRID_23,+6.81292069057960886e-02,22,+6.81292069057960834e-03,2,IM,+6.40884723481326403e-14
YUKAWA,GRID_23,+6.81292069057960886e-02,22,+6.81292069057960834e-03,4,RE,-3.98129370238172042e-30
YUKAWA,GRID_23,+6.81292069057960886e-02,22,+6.81292069057960834e-03,4,IM,+3.21092988644296795e-14
YUKAWA,GRID_23,+6.81292069057960886e-02,22,+6.81292069057960834e-03,6,RE,-2.58082011411832610e-30
YUKAWA,GRID_23,+6.81292069057960886e-02,22,+6.81292069057960834e-03,6,IM,+1.33091270624629988e-14
YUKAWA,GRID_23,+6.81292069057960886e-02,23,+8.25404185268018183e-03,2,RE,-1.47955396882969929e-30
YUKAWA,GRID_23,+6.81292069057960886e-02,23,+8.25404185268018183e-03,2,IM,+5.59756424212431727e-14
YUKAWA,GRID_23,+6.81292069057960886e-02,23,+8.25404185268018183e-03,4,RE,-5.57734262522267394e-31
YUKAWA,GRID_23,+6.81292069057960886e-02,23,+8.25404185268018183e-03,4,IM,+2.55762360173123091e-14
YUKAWA,GRID_23,+6.81292069057960886e-02,23,+8.25404185268018183e-03,6,RE,-5.37135113507825073e-30
YUKAWA,GRID_23,+6.81292069057960886e-02,23,+8.25404185268018183e-03,6,IM,+9.66523349106115009e-15
YUKAWA,GRID_23,+6.81292069057960886e-02,24,+1.00000000000000002e-02,2,RE,-5.83573234237068158e-30
YUKAWA,GRID_23,+6.81292069057960886e-02,24,+1.00000000000000002e-02,2,IM,+4.76897035792810728e-14
YUKAWA,GRID_23,+6.81292069057960886e-02,24,+1.00000000000000002e-02,4,RE,-4.90612524994154792e-30
YUKAWA,GRID_23,+6.81292069057960886e-02,24,+1.00000000000000002e-02,4,IM,+1.95111839939296255e-14
YUKAWA,GRID_23,+6.81292069057960886e-02,24,+1.00000000000000002e-02,6,RE,-1.62813677684764387e-30
YUKAWA,GRID_23,+6.81292069057960886e-02,24,+1.00000000000000002e-02,6,IM,+6.59855450199032277e-15
YUKAWA,GRID_24,+1.00000000000000006e-01,0,+1.00000000000000005e-04,2,RE,-2.14366342844758751e-29
YUKAWA,GRID_24,+1.00000000000000006e-01,0,+1.00000000000000005e-04,2,IM,+1.28627157376417897e-13
YUKAWA,GRID_24,+1.00000000000000006e-01,0,+1.00000000000000005e-04,4,RE,-1.13361974038045440e-29
YUKAWA,GRID_24,+1.00000000000000006e-01,0,+1.00000000000000005e-04,4,IM,+9.92981988922502269e-14
YUKAWA,GRID_24,+1.00000000000000006e-01,0,+1.00000000000000005e-04,6,RE,-1.07814027263867092e-29
YUKAWA,GRID_24,+1.00000000000000006e-01,0,+1.00000000000000005e-04,6,IM,+6.37537655330287859e-14
YUKAWA,GRID_24,+1.00000000000000006e-01,1,+1.21152765862858885e-04,2,RE,-1.11433181251232547e-29
YUKAWA,GRID_24,+1.00000000000000006e-01,1,+1.21152765862858885e-04,2,IM,+1.28329699307439117e-13
YUKAWA,GRID_24,+1.00000000000000006e-01,1,+1.21152765862858885e-04,4,RE,-8.00761435338886470e-30
YUKAWA,GRID_24,+1.00000000000000006e-01,1,+1.21152765862858885e-04,4,IM,+9.89263696764926596e-14
YUKAWA,GRID_24,+1.00000000000000006e-01,1,+1.21152765862858885e-04,6,RE,-5.58344639239692731e-30
YUKAWA,GRID_24,+1.00000000000000006e-01,1,+1.21152765862858885e-04,6,IM,+6.34252262108816819e-14
YUKAWA,GRID_24,+1.00000000000000006e-01,2,+1.46779926762206892e-04,2,RE,+1.51963038141266367e-30
YUKAWA,GRID_24,+1.00000000000000006e-01,2,+1.46779926762206892e-04,2,IM,+1.27970517374630181e-13
YUKAWA,GRID_24,+1.00000000000000006e-01,2,+1.46779926762206892e-04,4,RE,-1.31765928105053668e-29
YUKAWA,GRID_24,+1.00000000000000006e-01,2,+1.46779926762206892e-04,4,IM,+9.84779989899833355e-14
YUKAWA,GRID_24,+1.00000000000000006e-01,2,+1.46779926762206892e-04,6,RE,-5.49603033838583154e-30
YUKAWA,GRID_24,+1.00000000000000006e-01,2,+1.46779926762206892e-04,6,IM,+6.30296310436932709e-14
YUKAWA,GRID_24,+1.00000000000000006e-01,3,+1.77827941003892270e-04,2,RE,-2.83845167527286567e-30
YUKAWA,GRID_24,+1.00000000000000006e-01,3,+1.77827941003892270e-04,2,IM,+1.27537106036899085e-13
YUKAWA,GRID_24,+1.00000000000000006e-01,3,+1.77827941003892270e-04,4,RE,-1.47169029451729146e-29
YUKAWA,GRID_24,+1.00000000000000006e-01,3,+1.77827941003892270e-04,4,IM,+9.79378645114028138e-14
YUKAWA,GRID_24,+1.00000000000000006e-01,3,+1.77827941003892270e-04,6,RE,-2.00400991007146628e-29
YUKAWA,GRID_24,+1.00000000000000006e-01,3,+1.77827941003892270e-04,6,IM,+6.25539101524285624e-14
YUKAWA,GRID_24,+1.00000000000000006e-01,4,+2.15443469003188449e-04,2,RE,-9.97035740312862785e-30
YUKAWA,GRID_24,+1.00000000000000006e-01,4,+2.15443469003188449e-04,2,IM,+1.27014565202746250e-13
YUKAWA,GRID_24,+1.00000000000000006e-01,4,+2.15443469003188449e-04,4,RE,-2.08240857948910965e-29
YUKAWA,GRID_24,+1.00000000000000006e-01,4,+2.15443469003188449e-04,4,IM,+9.72879624068166501e-14
YUKAWA,GRID_24,+1.00000000000000006e-01,4,+2.15443469003188449e-04,6,RE,-2.89615961205946463e-31
YUKAWA,GRID_24,+1.00000000000000006e-01,4,+2.15443469003188449e-04,6,IM,+6.19827298591286327e-14
YUKAWA,GRID_24,+1.00000000000000006e-01,5,+2.61015721568253574e-04,2,RE,-1.77939298809762247e-29
YUKAWA,GRID_24,+1.00000000000000006e-01,5,+2.61015721568253574e-04,2,IM,+1.26385205758253762e-13
YUKAWA,GRID_24,+1.00000000000000006e-01,5,+2.61015721568253574e-04,4,RE,-6.48190167732711489e-30
YUKAWA,GRID_24,+1.00000000000000006e-01,5,+2.61015721568253574e-04,4,IM,+9.65071130623821669e-14
YUKAWA,GRID_24,+1.00000000000000006e-01,5,+2.61015721568253574e-04,6,RE,-1.14227077624253763e-29
YUKAWA,GRID_24,+1.00000000000000006e-01,5,+2.61015721568253574e-04,6,IM,+6.12982327419352975e-14
YUKAWA,GRID_24,+1.00000000000000006e-01,6,+3.16227766016837939e-04,2,RE,-1.46055359618418227e-29
YUKAWA,GRID_24,+1.00000000000000006e-01,6,+3.16227766016837939e-04,2,IM,+1.25628120151822858e-13
YUKAWA,GRID_24,+1.00000000000000006e-01,6,+3.16227766016837939e-04,4,RE,-1.56704154390310854e-29
YUKAWA,GRID_24,+1.00000000000000006e-01,6,+3.16227766016837939e-04,4,IM,+9.55705660231416472e-14
YUKAWA,GRID_24,+1.00000000000000006e-01,6,+3.16227766016837939e-04,6,RE,-1.23113146141798195e-29
YUKAWA,GRID_24,+1.00000000000000006e-01,6,+3.16227766016837939e-04,6,IM,+6.04798137095071405e-14
YUKAWA,GRID_24,+1.00000000000000006e-01,7,+3.83118684955728529e-04,2,RE,-8.56223116426747482e-30
YUKAWA,GRID_24,+1.00000000000000006e-01,7,+3.83118684955728529e-04,2,IM,+1.24718730469024798e-13
YUKAWA,GRID_24,+1.00000000000000006e-01,7,+3.83118684955728529e-04,4,RE,-1.78441671035118478e-29
YUKAWA,GRID_24,+1.00000000000000006e-01,7,+3.83118684955728529e-04,4,IM,+9.44496366361348403e-14
YUKAWA,GRID_24,+1.00000000000000006e-01,7,+3.83118684955728529e-04,6,RE,-1.00585947984585297e-29
YUKAWA,GRID_24,+1.00000000000000006e-01,7,+3.83118684955728529e-04,6,IM,+5.95039740411874405e-14
YUKAWA,GRID_24,+1.00000000000000006e-01,8,+4.64158883361277732e-04,2,RE,-3.31561979963349798e-30
YUKAWA,GRID_24,+1.00000000000000006e-01,8,+4.64158883361277732e-04,2,IM,+1.23628336306212878e-13
YUKAWA,GRID_24,+1.00000000000000006e-01,8,+4.64158883361277732e-04,4,RE,-1.51106749335777897e-29
YUKAWA,GRID_24,+1.00000000000000006e-01,8,+4.64158883361277732e-04,4,IM,+9.31114248364898681e-14
YUKAWA,GRID_24,+1.00000000000000006e-01,8,+4.64158883361277732e-04,6,RE,-1.68193358988439798e-29
YUKAWA,GRID_24,+1.00000000000000006e-01,8,+4.64158883361277732e-04,6,IM,+5.83443145341724668e-14
YUKAWA,GRID_24,+1.00000000000000006e-01,9,+5.62341325190349097e-04,2,RE,-1.96037595955120677e-30
YUKAWA,GRID_24,+1.00000000000000006e-01,9,+5.62341325190349097e-04,2,IM,+1.22323698736518589e-13
YUKAWA,GRID_24,+1.00000000000000006e-01,9,+5.62341325190349097e-04,4,RE,-1.37821929043437968e-29
YUKAWA,GRID_24,+1.00000000000000006e-01,9,+5.62341325190349097e-04,4,IM,+9.15186906081364502e-14
YUKAWA,GRID_24,+1.00000000000000006e-01,9,+5.62341325190349097e-04,6,RE,-5.03161621109236645e-30
YUKAWA,GRID_24,+1.00000000000000006e-01,9,+5.62341325190349097e-04,6,IM,+5.69717532357200216e-14
YUKAWA,GRID_24,+1.00000000000000006e-01,10,+6.81292069057960856e-04,2,RE,-1.78475528867398412e-29
YUKAWA,GRID_24,+1.00000000000000006e-01,10,+6.81292069057960856e-04,2,IM,+1.20766715720351545e-13
YUKAWA,GRID_24,+1.00000000000000006e-01,10,+6.81292069057960856e-04,4,RE,-1.61309231723106429e-29
YUKAWA,GRID_24,+1.00000000000000006e-01,10,+6.81292069057960856e-04,4,IM,+8.96299915775069445e-14
YUKAWA,GRID_24,+1.00000000000000006e-01,10,+6.81292069057960856e-04,6,RE,-1.32301938260414170e-29
YUKAWA,GRID_24,+1.00000000000000006e-01,10,+6.81292069057960856e-04,6,IM,+5.53550821222273067e-14
YUKAWA,GRID_24,+1.00000000000000006e-01,11,+8.25404185268018118e-04,2,RE,-2.96316045168670527e-29
YUKAWA,GRID_24,+1.00000000000000006e-01,11,+8.25404185268018118e-04,2,IM,+1.18914269200716535e-13
YUKAWA,GRID_24,+1.00000000000000006e-01,11,+8.25404185268018118e-04,4,RE,-1.71279291464175744e-29
YUKAWA,GRID_24,+1.00000000000000006e-01,11,+8.25404185268018118e-04,4,IM,+8.74002256086292128e-14
YUKAWA,GRID_24,+1.00000000000000006e-01,11,+8.25404185268018118e-04,6,RE,-1.07545092302407885e-29
YUKAWA,GRID_24,+1.00000000000000006e-01,11,+8.25404185268018118e-04,6,IM,+5.34620080033529412e-14
YUKAWA,GRID_24,+1.00000000000000006e-01,12,+1.00000000000000002e-03,2,RE,-1.23178870475222012e-29
YUKAWA,GRID_24,+1.00000000000000006e-01,12,+1.00000000000000002e-03,2,IM,+1.16718354982371981e-13
YUKAWA,GRID_24,+1.00000000000000006e-01,12,+1.00000000000000002e-03,4,RE,-6.23308553771252038e-30
YUKAWA,GRID_24,+1.00000000000000006e-01,12,+1.00000000000000002e-03,4,IM,+8.47817627277995538e-14
YUKAWA,GRID_24,+1.00000000000000006e-01,12,+1.00000000000000002e-03,6,RE,+2.49577835369317774e-30
YUKAWA,GRID_24,+1.00000000000000006e-01,12,+1.00000000000000002e-03,6,IM,+5.12608500246681214e-14
YUKAWA,GRID_24,+1.00000000000000006e-01,13,+1.21152765862858765e-03,2,RE,-5.86244142008919329e-30
YUKAWA,GRID_24,+1.00000000000000006e-01,13,+1.21152765862858765e-03,2,IM,+1.14126642191863771e-13
YUKAWA,GRID_24,+1.00000000000000006e-01,13,+1.21152765862858765e-03,4,RE,-9.21084500297518292e-30
YUKAWA,GRID_24,+1.00000000000000006e-01,13,+1.21152765862858765e-03,4,IM,+8.17263901293101829e-14
YUKAWA,GRID_24,+1.00000000000000006e-01,13,+1.21152765862858765e-03,6,RE,-9.92527473310004009e-30
YUKAWA,GRID_24,+1.00000000000000006e-01,13,+1.21152765862858765e-03,6,IM,+4.87230783464889592e-14
YUKAWA,GRID_24,+1.00000000000000006e-01,14,+1.46779926762206914e-03,2,RE,-1.44277248613630129e-30
YUKAWA,GRID_24,+1.00000000000000006e-01,14,+1.46779926762206914e-03,2,IM,+1.11083646303680303e-13
YUKAWA,GRID_24,+1.00000000000000006e-01,14,+1.46779926762206914e-03,4,RE,-6.31556990909613257e-30
YUKAWA,GRID_24,+1.00000000000000006e-01,14,+1.46779926762206914e-03,4,IM,+7.81883195834818385e-14
YUKAWA,GRID_24,+1.00000000000000006e-01,14,+1.46779926762206914e-03,6,RE,-4.16182415452936190e-30
YUKAWA,GRID_24,+1.00000000000000006e-01,14,+1.46779926762206914e-03,6,IM,+4.58268575745371633e-14
YUKAWA,GRID_24,+1.00000000000000006e-01,15,+1.77827941003892275e-03,2,RE,-2.92472524676844369e-29
YUKAWA,GRID_24,+1.00000000000000006e-01,15,+1.77827941003892275e-03,2,IM,+1.07532731633389564e-13
YUKAWA,GRID_24,+1.00000000000000006e-01,15,+1.77827941003892275e-03,4,RE,-4.75570289050274502e-30
YUKAWA,GRID_24,+1.00000000000000006e-01,15,+1.77827941003892275e-03,4,IM,+7.41284984482892062e-14
YUKAWA,GRID_24,+1.00000000000000006e-01,15,+1.77827941003892275e-03,6,RE,-5.14438289333284770e-30
YUKAWA,GRID_24,+1.00000000000000006e-01,15,+1.77827941003892275e-03,6,IM,+4.25616774766752020e-14
YUKAWA,GRID_24,+1.00000000000000006e-01,16,+2.15443469003188210e-03,2,RE,-1.39979348963452768e-29
YUKAWA,GRID_24,+1.00000000000000006e-01,16,+2.15443469003188210e-03,2,IM,+1.03419174421730354e-13
YUKAWA,GRID_24,+1.00000000000000006e-01,16,+2.15443469003188210e-03,4,RE,-3.94211901864447235e-30
YUKAWA,GRID_24,+1.00000000000000006e-01,16,+2.15443469003188210e-03,4,IM,+6.95203941824148405e-14
YUKAWA,GRID_24,+1.00000000000000006e-01,16,+2.15443469003188210e-03,6,RE,+4.08003487297264469e-31
YUKAWA,GRID_24,+1.00000000000000006e-01,16,+2.15443469003188210e-03,6,IM,+3.89339784779770146e-14
YUKAWA,GRID_24,+1.00000000000000006e-01,17,+2.61015721568253574e-03,2,RE,+5.69071555534038525e-31
YUKAWA,GRID_24,+1.00000000000000006e-01,17,+2.61015721568253574e-03,2,IM,+9.86944992511007477e-14
YUKAWA,GRID_24,+1.00000000000000006e-01,17,+2.61015721568253574e-03,4,RE,-1.98606023703663040e-30
YUKAWA,GRID_24,+1.00000000000000006e-01,17,+2.61015721568253574e-03,4,IM,+6.43572493860680471e-14
YUKAWA,GRID_24,+1.00000000000000006e-01,17,+2.61015721568253574e-03,6,RE,-6.38851036943749213e-30
YUKAWA,GRID_24,+1.00000000000000006e-01,17,+2.61015721568253574e-03,6,IM,+3.49733765776630620e-14
YUKAWA,GRID_24,+1.00000000000000006e-01,18,+3.16227766016837939e-03,2,RE,-6.49817243153339005e-30
YUKAWA,GRID_24,+1.00000000000000006e-01,18,+3.16227766016837939e-03,2,IM,+9.33222274638723603e-14
YUKAWA,GRID_24,+1.00000000000000006e-01,18,+3.16227766016837939e-03,4,RE,-1.14792252726956573e-30
YUKAWA,GRID_24,+1.00000000000000006e-01,18,+3.16227766016837939e-03,4,IM,+5.86604887358283235e-14
YUKAWA,GRID_24,+1.00000000000000006e-01,18,+3.16227766016837939e-03,6,RE,-6.62181984998102407e-30
YUKAWA,GRID_24,+1.00000000000000006e-01,18,+3.16227766016837939e-03,6,IM,+3.07386454940428611e-14
YUKAWA,GRID_24,+1.00000000000000006e-01,19,+3.83118684955728508e-03,2,RE,-9.61787436718256929e-30
YUKAWA,GRID_24,+1.00000000000000006e-01,19,+3.83118684955728508e-03,2,IM,+8.72850216691736980e-14
YUKAWA,GRID_24,+1.00000000000000006e-01,19,+3.83118684955728508e-03,4,RE,-4.78457398769195187e-30
YUKAWA,GRID_24,+1.00000000000000006e-01,19,+3.83118684955728508e-03,4,IM,+5.24884718120065288e-14
YUKAWA,GRID_24,+1.00000000000000006e-01,19,+3.83118684955728508e-03,6,RE,+2.55848684086960495e-30
YUKAWA,GRID_24,+1.00000000000000006e-01,19,+3.83118684955728508e-03,6,IM,+2.63220556982013916e-14
YUKAWA,GRID_24,+1.00000000000000006e-01,20,+4.64158883361277721e-03,2,RE,+1.11131338086998100e-31
YUKAWA,GRID_24,+1.00000000000000006e-01,20,+4.64158883361277721e-03,2,IM,+8.05929531645599115e-14
YUKAWA,GRID_24,+1.00000000000000006e-01,20,+4.64158883361277721e-03,4,RE,-6.12942548764458924e-30
YUKAWA,GRID_24,+1.00000000000000006e-01,20,+4.64158883361277721e-03,4,IM,+4.59441378151822820e-14
YUKAWA,GRID_24,+1.00000000000000006e-01,20,+4.64158883361277721e-03,6,RE,-3.98315019072957083e-30
YUKAWA,GRID_24,+1.00000000000000006e-01,20,+4.64158883361277721e-03,6,IM,+2.18501254009478376e-14
YUKAWA,GRID_24,+1.00000000000000006e-01,21,+5.62341325190349097e-03,2,RE,+5.58604411581562534e-30
YUKAWA,GRID_24,+1.00000000000000006e-01,21,+5.62341325190349097e-03,2,IM,+7.32922483033745561e-14
YUKAWA,GRID_24,+1.00000000000000006e-01,21,+5.62341325190349097e-03,4,RE,-3.85068215983927547e-31
YUKAWA,GRID_24,+1.00000000000000006e-01,21,+5.62341325190349097e-03,4,IM,+3.91793710571622714e-14
YUKAWA,GRID_24,+1.00000000000000006e-01,21,+5.62341325190349097e-03,6,RE,-2.39786128306183776e-30
YUKAWA,GRID_24,+1.00000000000000006e-01,21,+5.62341325190349097e-03,6,IM,+1.74785648699100506e-14
YUKAWA,GRID_24,+1.00000000000000006e-01,22,+6.81292069057960834e-03,2,RE,-1.02755329820959948e-29
YUKAWA,GRID_24,+1.00000000000000006e-01,22,+6.81292069057960834e-03,2,IM,+6.54733974163600898e-14
YUKAWA,GRID_24,+1.00000000000000006e-01,22,+6.81292069057960834e-03,4,RE,+5.90980781402961994e-31
YUKAWA,GRID_24,+1.00000000000000006e-01,22,+6.81292069057960834e-03,4,IM,+3.23933469187367480e-14
YUKAWA,GRID_24,+1.00000000000000006e-01,22,+6.81292069057960834e-03,6,RE,-2.22036002254407142e-30
YUKAWA,GRID_24,+1.00000000000000006e-01,22,+6.81292069057960834e-03,6,IM,+1.33795819230798629e-14
YUKAWA,GRID_24,+1.00000000000000006e-01,23,+8.25404185268018183e-03,2,RE,-2.08234631268528865e-30
YUKAWA,GRID_24,+1.00000000000000006e-01,23,+8.25404185268018183e-03,2,IM,+5.72769841090916095e-14
YUKAWA,GRID_24,+1.00000000000000006e-01,23,+8.25404185268018183e-03,4,RE,-6.14898737518876058e-31
YUKAWA,GRID_24,+1.00000000000000006e-01,23,+8.25404185268018183e-03,4,IM,+2.58220652817169443e-14
YUKAWA,GRID_24,+1.00000000000000006e-01,23,+8.25404185268018183e-03,6,RE,-1.98695266111598003e-30
YUKAWA,GRID_24,+1.00000000000000006e-01,23,+8.25404185268018183e-03,6,IM,+9.72117985830268446e-15
YUKAWA,GRID_24,+1.00000000000000006e-01,24,+1.00000000000000002e-02,2,RE,-2.81913394850903814e-30
YUKAWA,GRID_24,+1.00000000000000006e-01,24,+1.00000000000000002e-02,2,IM,+4.88951143338211155e-14
YUKAWA,GRID_24,+1.00000000000000006e-01,24,+1.00000000000000002e-02,4,RE,+4.17034651127330299e-30
YUKAWA,GRID_24,+1.00000000000000006e-01,24,+1.00000000000000002e-02,4,IM,+1.97172239606240756e-14
YUKAWA,GRID_24,+1.00000000000000006e-01,24,+1.00000000000000002e-02,6,RE,+2.39308937707008386e-31
YUKAWA,GRID_24,+1.00000000000000006e-01,24,+1.00000000000000002e-02,6,IM,+6.64079319163475467e-15
