{
  "config_tag": "cv03_reference_ucff_core_v1",
  "fingerprint": "7321fb7c40411a5ee2a4bcb156013aa886b2e520fdd60770350b939c8676046e",
  "k": [
    0.0,
    0.25,
    0.5,
    1.0,
    2.0
  ],
  "omega2": [
    0.0,
    0.0009765625,
    0.015625,
    0.25,
    4.0
  ],
  "params": {
    "beta": 0.0,
    "g": 0.0,
    "lam": 0.0,
    "rho0": 1.0
  },
  "schema": "UCFF/core_front_door_report/v1"
}
