{
  "boundary": "periodic",
  "cases": [
    {
      "case_id": "POSITIVE",
      "cfl": 0.1,
      "dt": 0.004908738521234052,
      "gamma": 0.0,
      "kind": "positive_control",
      "max_rel_drift": 0.0005966084844298418,
      "rel_drift": 8.696004559631644e-05,
      "rel_drop": -8.696004559631644e-05,
      "steps": 2000
    },
    {
      "case_id": "NEGATIVE",
      "cfl": 1.05,
      "dt": 0.05154175447295754,
      "gamma": 0.05,
      "kind": "negative_control",
      "max_rel_drift": 0.14030974925618445,
      "rel_drift": 0.14030974925618445,
      "rel_drop": 0.14030974925618445,
      "steps": 50
    }
  ],
  "config_tag": "ct02_energy_causality_update_bounds_v0",
  "domain_tag": "ct02_energy_causality_update_bounds_domain_01",
  "fingerprint": "cce0c8ba63c53901bc68ea94e7c98b0d2ab29da4b2f53962221823392422e122",
  "params": {
    "c_wave": 1.0,
    "cfl_max": 1.0,
    "dt_neg": 0.05154175447295754,
    "dt_pos": 0.004908738521234052,
    "dx": 0.04908738521234052,
    "eps_break": 0.001,
    "eps_drift": 0.005,
    "eps_drop": 0.1,
    "gamma_negative": 0.05,
    "length": 6.283185307179586,
    "nx": 128.0,
    "steps_neg": 50.0,
    "steps_pos": 2000.0
  },
  "regime_tag": "CT02_Energy_Causality_Update_Bounds",
  "schema": "CT-02/energy_causality_update_bounds_front_door_report/v1"
}