{
  "derived": {
    "grid": {
      "L": 20.0,
      "dx": 0.15625,
      "n": 128
    },
    "initial_condition": "harmonic_ground_state_like",
    "kgrid_sample": [
      0.0,
      0.314159265359,
      0.628318530718
    ],
    "potential": {
      "V0": 0.0,
      "V_center": 10.0,
      "V_trap_omega": 0.3,
      "kind": "harmonic"
    },
    "rac_energy_class": "conservative"
  },
  "determinism": {
    "dtype": "complex128",
    "json": "sort_keys,separators=(',',':'),ensure_ascii=True",
    "rng": "none"
  },
  "fingerprint": "b72db97eedc4a9dc2f20b8f686098efcc3ac78a59cba4215587bee22e8a77785",
  "input_fingerprint": "d40ce9f2b3984e2b0dfdccc183763fa890338ca0604878b63fcb6c307546dfc8",
  "inputs": {
    "A_im": 0.0,
    "A_re": 0.35,
    "L": 20.0,
    "V0": 0.0,
    "V_center": 10.0,
    "V_kind": "harmonic",
    "V_trap_omega": 0.3,
    "case_id": "conservative_trapped_ground_state",
    "dimension": "1d",
    "dt": 0.001,
    "g": 0.0,
    "gamma": 0.0,
    "k": 0.0,
    "n": 128,
    "phase": 0.0,
    "regime": "conservative",
    "sample_every": 20,
    "steps": 200
  },
  "output": {
    "energy_delta": 2.16493489802e-15,
    "energy_trace": [
      0.059462293572,
      0.059462293572,
      0.059462293572,
      0.059462293572,
      0.059462293572,
      0.059462293572,
      0.059462293572,
      0.059462293572,
      0.059462293572,
      0.059462293572,
      0.059462293572
    ],
    "norm_delta": 1.43773881689e-14,
    "norm_trace": [
      0.39641529048,
      0.39641529048,
      0.39641529048,
      0.39641529048,
      0.39641529048,
      0.39641529048,
      0.39641529048,
      0.39641529048,
      0.39641529048,
      0.39641529048,
      0.39641529048
    ],
    "omega_error": 0.149999819165,
    "omega_expected": 0.0,
    "omega_hat": 0.149999819165,
    "phase_invariance_error": 0.0,
    "t_end": 0.2,
    "time_reversal_error": 1.51807006144e-16,
    "trap_m2_delta": 1.3512102548e-10,
    "trap_peak_ratio": 1.00000000002,
    "trap_shape_residual": 5.94278053191e-08
  },
  "schema": "PTC/NLSE_v1_report/v1"
}
