{
  "determinism": {
    "dtype": "complex128",
    "json": "sort_keys,separators=(',',':'),ensure_ascii=True",
    "rng": "none"
  },
  "fingerprint": "f7b42134ee8e49e640dae77dced1e8707de940e58213529501a62b15f65669fc",
  "hooks": {
    "bc01_boundary_residual": 0.0626657068658,
    "bc01_dirichlet_constant_residual": 1.0,
    "bc01_periodic_constant_residual": 0.0,
    "par01_advection_break_residual": 0.184326514595,
    "par01_parity_residual": 2.65911100436e-15,
    "sym01_conjugation_residual": 0.310299299332,
    "sym01_phase_residual": 6.69908105315e-19
  },
  "input_fingerprint": "b253882889e0b2b4289401b25f5583c07e74ca75f988c4d7df75d3ae1d2849d4",
  "inputs": {
    "A_im": 0.0,
    "A_re": 0.1,
    "L": 6.283185307179586,
    "V0": 0.0,
    "case_id": "dissipative_plane_wave",
    "dimension": "1d",
    "dt": 0.001,
    "g": 1.0,
    "gamma": 0.2,
    "k": 2.0,
    "n": 32,
    "phase": 0.3,
    "regime": "dissipative",
    "sample_every": 20,
    "steps": 200
  },
  "schema": "PTC/NLSE_v1_hooks/v1"
}
