{
  "determinism": {
    "dtype": "complex128",
    "json": "sort_keys,separators=(',',':'),ensure_ascii=True",
    "rng": "none"
  },
  "fingerprint": "cdbc6d14da4c250e714bae7b2181029a05e0ee515e52f4cfae94bf140e729fb4",
  "hooks": {
    "bc01_boundary_residual": 0.0626657068658,
    "bc01_dirichlet_constant_residual": 1.0,
    "bc01_periodic_constant_residual": 0.0,
    "par01_advection_break_residual": 0.184326514595,
    "par01_parity_residual": 2.65911100436e-15,
    "sym01_conjugation_residual": 0.310299299332,
    "sym01_phase_residual": 6.69908105315e-19
  },
  "input_fingerprint": "32632c8ec1dff1f252c689dab2e2c4c3638389ccaf21153fc6f42599f514305a",
  "inputs": {
    "A_im": 0.0,
    "A_re": 0.1,
    "L": 6.283185307179586,
    "V0": 0.0,
    "case_id": "dissipative_plane_wave",
    "dimension": "1d",
    "dt": 0.001,
    "g": 1.0,
    "gamma": 0.2,
    "k": 2.0,
    "n": 32,
    "phase": 0.3,
    "regime": "dissipative",
    "sample_every": 20,
    "steps": 200
  },
  "schema": "PTC/NLSE_v1_hooks/v1"
}
