{
  "beta": -1.9868889055648197e-17,
  "br01_metric_1d": {
    "c_s2": 3.801942339240671e-06,
    "g_tt": -3.801942339240671e-06,
    "g_tx": -0.0,
    "g_xx": 1.0
  },
  "c0": 0.0019498570048187306,
  "data_fingerprint": "46fa0869d138b29ff073b3c52382bbcc516595ada5e02499e54872453bf65138",
  "fit_method_tag": "Fig2a curved omega/k = c0 + beta*k^2 on k<= 7.79806 um^-1; u fixed to 0",
  "fit_quality": {
    "beta_stderr_s_per_m2": 6.560444676579517e-18,
    "c0_stderr_m_per_s": 0.0002803034033802853,
    "n_points": 16,
    "r2_y_space": 0.39583166801536207,
    "rmse_omega_over_k_m_per_s": 0.00037195139315562424
  },
  "fit_quality_fingerprint": "f733a109bd3d63aec52c900ece10b4b07c1b2598214d3ab6f91eae5c7362e5c8",
  "sample_kw": [
    [
      3338420.0,
      4803.042777996677
    ],
    [
      3885800.0,
      6039.605062376155
    ],
    [
      4433080.0,
      6970.942770903463
    ],
    [
      4965680.0,
      8179.890455857889
    ],
    [
      5496350.0,
      9866.360224157961
    ],
    [
      6023730.0,
      10351.673457284513
    ],
    [
      6283910.0,
      4929.177723038307
    ],
    [
      6538110.0,
      5182.478055511945
    ],
    [
      6792570.0,
      5378.821313175999
    ],
    [
      6798290.0,
      11143.04064672378
    ],
    [
      7046770.0,
      5323.874857664714
    ],
    [
      7050460.0,
      3461.871741437965
    ],
    [
      7300710.0,
      5660.936333468363
    ],
    [
      7549380.0,
      12007.481281285547
    ],
    [
      7554910.0,
      5407.636000994725
    ],
    [
      7798060.0,
      3393.950508267354
    ]
  ],
  "source_kind": "csv",
  "source_ref": "Ernst et al. (2009) arXiv:0908.4242v1; Fig2a; C:/Users/psboy/Documents/ToE/formal/external_evidence/bec_bragg_b1_second_dataset_TBD/omega_k_data.csv; window k<= 7.79806 um^-1; omega=2*pi*f (f in kHz)",
  "tag": "DR01_Ernst2009_Fig2a_kmax_7p79806_curved",
  "u": 0.0
}
