{
  "beta": -2.2603775367440906e-17,
  "br01_metric_1d": {
    "c_s2": 4.077709676369702e-06,
    "g_tt": -4.077709676369702e-06,
    "g_tx": -0.0,
    "g_xx": 1.0
  },
  "c0": 0.0020193339685078597,
  "data_fingerprint": "567f8ce81c4ca99a35e653881db4601985c1c64e55392866b8c19e3ffca82b10",
  "fit_method_tag": "Fig2a curved omega/k = c0 + beta*k^2 on k<= 7.30071 um^-1; u fixed to 0",
  "fit_quality": {
    "beta_stderr_s_per_m2": 7.462858421827675e-18,
    "c0_stderr_m_per_s": 0.0002853414582203176,
    "n_points": 13,
    "r2_y_space": 0.4547396326992118,
    "rmse_omega_over_k_m_per_s": 0.00033782141435962276
  },
  "fit_quality_fingerprint": "c61d3dc84459132fc7ef64ed45b5046319f41d9de49180f61da2a3510045884f",
  "sample_kw": [
    [
      3338420.0,
      4803.042777996677
    ],
    [
      3885800.0,
      6039.605062376155
    ],
    [
      4433080.0,
      6970.942770903463
    ],
    [
      4965680.0,
      8179.890455857889
    ],
    [
      5496350.0,
      9866.360224157961
    ],
    [
      6023730.0,
      10351.673457284513
    ],
    [
      6283910.0,
      4929.177723038307
    ],
    [
      6538110.0,
      5182.478055511945
    ],
    [
      6792570.0,
      5378.821313175999
    ],
    [
      6798290.0,
      11143.04064672378
    ],
    [
      7046770.0,
      5323.874857664714
    ],
    [
      7050460.0,
      3461.871741437965
    ],
    [
      7300710.0,
      5660.936333468363
    ]
  ],
  "source_kind": "csv",
  "source_ref": "Ernst et al. (2009) arXiv:0908.4242v1; Fig2a; C:/Users/psboy/Documents/ToE/formal/external_evidence/bec_bragg_b1_second_dataset_TBD/omega_k_data.csv; window k<= 7.30071 um^-1; omega=2*pi*f (f in kHz)",
  "tag": "DR03_Ernst2009_Fig2a_kmax_7p30071_curved",
  "u": 0.0
}
