{
  "beta": -1.7744578772096503e-17,
  "br01_metric_1d": {
    "c_s2": 3.565956267776423e-06,
    "g_tt": -3.565956267776423e-06,
    "g_tx": -0.0,
    "g_xx": 1.0
  },
  "c0": 0.0018883739745549405,
  "data_fingerprint": "f134b5209e24ae507b13c1d9685a713e49b09ffaac095cc10630fe1be1b4cf8b",
  "fit_method_tag": "Fig2a curved omega/k = c0 + beta*k^2 on k<= 7.55491 um^-1; u fixed to 0",
  "fit_quality": {
    "beta_stderr_s_per_m2": 7.092696240303912e-18,
    "c0_stderr_m_per_s": 0.00029250091883449954,
    "n_points": 15,
    "r2_y_space": 0.3249927902803823,
    "rmse_omega_over_k_m_per_s": 0.0003740712179987719
  },
  "fit_quality_fingerprint": "db090da7da988d0b4a6e093ae392ce29765ff8354d9fc1d0b1af128ec818e8a2",
  "sample_kw": [
    [
      3338420.0,
      4803.042777996677
    ],
    [
      3885800.0,
      6039.605062376155
    ],
    [
      4433080.0,
      6970.942770903463
    ],
    [
      4965680.0,
      8179.890455857889
    ],
    [
      5496350.0,
      9866.360224157961
    ],
    [
      6023730.0,
      10351.673457284513
    ],
    [
      6283910.0,
      4929.177723038307
    ],
    [
      6538110.0,
      5182.478055511945
    ],
    [
      6792570.0,
      5378.821313175999
    ],
    [
      6798290.0,
      11143.04064672378
    ],
    [
      7046770.0,
      5323.874857664714
    ],
    [
      7050460.0,
      3461.871741437965
    ],
    [
      7300710.0,
      5660.936333468363
    ],
    [
      7549380.0,
      12007.481281285547
    ],
    [
      7554910.0,
      5407.636000994725
    ]
  ],
  "source_kind": "csv",
  "source_ref": "Ernst et al. (2009) arXiv:0908.4242v1; Fig2a; C:/Users/psboy/Documents/ToE/formal/external_evidence/bec_bragg_b1_second_dataset_TBD/omega_k_data.csv; window k<= 7.55491 um^-1; omega=2*pi*f (f in kHz)",
  "tag": "DR05_Ernst2009_Fig2a_kmax_7p55491_curved",
  "u": 0.0
}
